项目性质,项目名称,所属行业,组织形式,开标时间,公示时间,招标编号/项目编号,中标候选人名称,中标候选人报价,招标人/采购人,招标人地址,招标人联系人,招标人联系方式,招标代理机构,招标代理机构地址,招标代理机构联系人,招标代理机构联系方式,发布日期,发布网站,详情页面
依法,山西天然气有限公司2026年度输气管道防洪影响评价服务中标候选人公示,能源电力,常规招标,,2026-06-24 11:00:00 至 2026-06-27 11:00:00,HXZB-FW20260310,"001第一标段：山西九源工程咨询股份有限公司
002第二标段：山西九源工程咨询股份有限公司","001第一标段：省管河道防洪影响评价投标报价：54900元/处；市管河道防洪影响评价投标报价：66800元/处；县管河道防洪影响评价投标报价：81800元/处
002第二标段：省管河道防洪影响评价投标报价：59500元/处；市管河道防洪影响评价投标报价：69300元/处；县管河道防洪影响评价投标报价：87600元/处",山西天然气有限公司,,,,山西华新阳光科技咨询有限公司,太原市长治路345号东楼23层,李晓辉、张朝、闫潇腾,0351-2453225、2221733、2221755,2026-06-24 10:46:00,"华新阳光采购平台,中国招标投标公共服务平台,山西省招标投标协会/山西招标采购服务平台",https://www.ygcgpt.com/#/biddingdetails?annId=2069610819507806208
依法,太原天然气有限公司太原市2026年住宅小区居民共有老旧庭院燃气管网及户内立管更新改造工程监理中标候选人公示,能源电力,常规招标,,2026-06-24 11:00:00 至 2026-06-27 11:00:00,HXZB-FW20260529,"001第一标段：方宇工程咨询有限公司
002第二标段：山西安宇建设监理有限公司","001第一标段：投标报价：按《建设工程监理与相关服务收费管理规定》（发改价格[2007]670号）文件规定标准的45%计取
002第二标段：投标报价：按《建设工程监理与相关服务收费管理规定》（发改价格[2007]670号）文件规定标准的38%计取",太原天然气有限公司,,,,山西华新阳光科技咨询有限公司,太原市长治路345号东楼23层,李晓辉、张朝、闫潇腾,0351-2453225、2221733、2221755,2026-06-24 10:45:56,"华新阳光采购平台,山西省招标投标公共服务平台,中国招标投标公共服务平台",https://www.ygcgpt.com/#/biddingdetails?annId=2069607570889334784
依法,太原天然气有限公司太原市2026年住宅小区居民共有老旧庭院燃气管网及户内立管更新改造项目工程施工中标候选人公示,能源电力,常规招标,,2026-06-24 10:00:00 至 2026-06-27 10:00:00,HXZB-GC20260528,"001第一标段：山西国然建设工程有限公司
002第二标段：河北章驰管道安装工程有限公司
003第三标段：山西太水市政工程有限公司
004第四标段：山东广帮建筑安装有限公司
005第五标段：山西甬晋建筑工程有限公司
006第六标段：西安元成建筑工程有限公司
007第七标段：广跃建设有限公司
008第八标段：沃达建设集团有限公司","001第一标段：投标报价：6767.89元
002第二标段：投标报价：6596.93元
003第三标段：投标报价：6685.75元
004第四标段：投标报价：6768.20元
005第五标段：投标报价：6838.61元
006第六标段：投标报价：6678.86元
007第七标段：投标报价：6874.75元
008第八标段：投标报价：6946.04元",太原天然气有限公司,,,,山西华新阳光科技咨询有限公司,太原市长治路345号东楼23层,李晓辉、张朝、闫潇腾,0351-2453225、2221733、2221755,2026-06-24 09:57:43,"华新阳光采购平台,山西省招标投标公共服务平台,中国招标投标公共服务平台",https://www.ygcgpt.com/#/biddingdetails?annId=2069599828778770432
依法,"山西天然气有限公司2026年度运维物资采购(002,009标段)重新招标中标候选人公示",能源电力,重新招标,,2026-06-22 10:00:00 至 2026-06-25 10:00:00,HXZB-HW20260427,"002第二标段：北京优赛姆智能设备有限公司
009第九标段：沈阳鑫联石化设备有限公司","002第二标段：投标报价：1088568元
009第九标段：投标报价：3339410元",山西天然气有限公司,,,,山西华新阳光科技咨询有限公司,太原市长治路345号东楼23层,李晓辉、张朝、闫潇腾,0351-2453225、2221733、2221755,2026-06-22 09:32:26,"华新阳光采购平台,中国招标投标公共服务平台,山西省招标投标协会/山西招标采购服务平台",https://www.ygcgpt.com/#/biddingdetails?annId=2068868683921448960
依法,山西蓝焰煤层气集团有限责任公司机电设备分公司生产设备拆装运输服务中标候选人公示,能源电力,常规招标,,2026-06-18 10:00:00 至 2026-06-24 10:00:00,HXZB-FW20260516,001第一标段：山西上下工贸有限公司,001第一标段：投标报价：3131400元,山西蓝焰控股股份有限公司,,,,山西华新阳光科技咨询有限公司,太原市长治路345号东楼23层,张朝、闫潇腾,0351-2453225、2221733、2221755,2026-06-18 08:58:47,"华新阳光采购平台,中国招标投标公共服务平台,山西省招标投标协会/山西招标采购服务平台",https://www.ygcgpt.com/#/biddingdetails?annId=2067411062186139648
依法,"太原天然气有限公司太原市市政道路老旧燃气管网及燃气管道系统安全治理工程(一期)及燃气管网生命线安全工程（一期）项目智能化设备采购(003,004标段)二次重新招标中标候选人公示",能源电力,二次重新招标,,2026-06-17 10:30:00 至 2026-06-23 10:30:00,HXZB-HW20260309,"003第三标段：浙江青墨湾能源科技有限公司
004第四标段：上海语鸽智能科技有限公司","003第三标段：投标报价：6912000元
004第四标段：投标报价：1666820元",太原天然气有限公司,,,,山西华新阳光科技咨询有限公司,太原市长治路345号东楼23层,李晓辉、张朝、闫潇腾,0351-2453225、2221733、2221755,2026-06-17 10:08:48,"华新阳光采购平台,山西省招标投标公共服务平台,中国招标投标公共服务平台",https://www.ygcgpt.com/#/biddingdetails?annId=2067066097027342336
依法,山西华新城市燃气集团有限公司维抢修大队维抢修设备更新项目(001标段)二次重新招标中标候选人公示,能源电力,二次重新招标,,2026-06-17 10:00:00 至 2026-06-23 10:00:00,HXZB-HW20260202,001第一标段：辽宁联海石油化工集团有限责任公司,001第一标段：投标报价：2380000元,山西华新城市燃气集团有限公司,,,,山西华新阳光科技咨询有限公司,太原市长治路345号东楼23层,张绒、李志起,0351-2453225、2221733、2221755,2026-06-17 09:55:45,"华新阳光采购平台,中国招标投标公共服务平台,山西省招标投标协会/山西招标采购服务平台",https://www.ygcgpt.com/#/biddingdetails?annId=2067058957856366592
依法,山西沁盛煤层气作业有限责任公司2026年设备、材料安全性能评估及检测服务中标候选人公示,其他,常规招标,,2026-06-17 10:00:00 至 2026-06-23 10:00:00,HXZB-FW20260511,001第一标段：四川英识检测服务有限公司,001第一标段：投标报价：1078789元,山西蓝焰控股股份有限公司,,,,山西华新阳光科技咨询有限公司,太原市长治路345号东楼23层,张朝、闫潇腾,0351-2453225、2221733、2221755,2026-06-17 09:55:41,"华新阳光采购平台,中国招标投标公共服务平台,山西省招标投标协会/山西招标采购服务平台",https://www.ygcgpt.com/#/biddingdetails?annId=2067051701362319360
依法,"山西蓝焰煤层气集团有限责任公司2026年修井、下泵、钻井材料购置项目（沁水及外部区块）(001,002,003,004,005,007,008标段)中标候选人公示",能源电力,常规招标,,2026-06-12 11:30:00 至 2026-06-16 11:30:00,HXZB-HW20260508,"001第一标段：河北亿鑫石油管材有限公司
002第二标段：东营市科创石油装备有限公司
003第三标段：天津港孚石油机械制造有限公司
004第四标段：濮阳市宇飞石油机械设备有限公司
005第五标段：天津锦源机械制造有限公司
007第七标段：沈阳新石科技有限公司
008第八标段：山西翰海石油科技有限公司","001第一标段：投标报价：6598280元
002第二标段：投标报价：4019480元
003第三标段：投标报价：2343920元
004第四标段：投标报价：444000元
005第五标段：投标报价：1178400元
007第七标段：投标报价：1328000元
008第八标段：投标报价：574000元",山西蓝焰控股股份有限公司,,,,山西华新阳光科技咨询有限公司,太原市长治路345号东楼23层,张朝、闫潇腾,0351-2453225、2221733、2221755,2026-06-12 11:06:07,"华新阳光采购平台,中国招标投标公共服务平台,山西省招标投标协会/山西招标采购服务平台",https://www.ygcgpt.com/#/biddingdetails?annId=2065268713947488256
依法,太原煤气化燃气集团有限责任公司2026年新用户发展委托安装工程及维抢修零星工程施工中标候选人公示,能源电力,常规招标,,2026-06-12 11:00:00 至 2026-06-16 11:00:00,HXZB-GC20260511,"001第一标段：山西中泓建筑工程有限公司
002第二标段：广跃建设有限公司
003第三标段：信邦建设集团有限公司
004第四标段：中化华油建设集团有限公司
005第五标段：兴润建设集团有限公司","001第一标段：投标报价：54117.99元
002第二标段：投标报价：53842.02元
003第三标段：投标报价：53800.62元
004第四标段：投标报价：47588.98元
005第五标段：投标报价：59394.99元",太原煤气化燃气集团有限责任公司,,,,山西华新阳光科技咨询有限公司,太原市长治路345号东楼23层,李晓辉、张朝、闫潇腾,0351-2453225、2221733、2221755,2026-06-12 10:53:52,"华新阳光采购平台,中国招标投标公共服务平台,山西省招标投标协会/山西招标采购服务平台",https://www.ygcgpt.com/#/biddingdetails?annId=2065263043458195456
依法,山西华新液化天然气集团有限公司2026年寿阳、昔阳、保德热电全厂设备维护服务中标候选人公示,能源电力,常规招标,,2026-06-12 10:00:00 至 2026-06-16 10:00:00,HXZB-FW20260420,001第一标段：山东鸿华建筑安装工程有限公司,001第一标段：投标报价：4373136元,山西华新液化天然气集团有限公司,,,,山西华新阳光科技咨询有限公司,太原市长治路345号东楼23层,李晓辉、张朝、闫潇腾,0351-2453225、2221733、2221755,2026-06-12 09:46:41,"华新阳光采购平台,中国招标投标公共服务平台,山西省招标投标协会/山西招标采购服务平台",https://www.ygcgpt.com/#/biddingdetails?annId=2065248580290043904
依法,山西蓝焰煤层气集团有限责任公司2026年煤层气勘查项目总包工程中标候选人公示,能源电力,常规招标,,2026-06-11 11:00:00 至 2026-06-15 11:00:00,HXZB-GC20260506,"001第一标段：中煤科工西安研究院（集团）有限公司
002第二标段：河南省资源环境调查四院有限公司","001第一标段：投标报价：118693200元
002第二标段：投标报价：106673330元",山西蓝焰控股股份有限公司,,,,山西华新阳光科技咨询有限公司,太原市长治路345号东楼23层,李晓辉、张朝、闫潇腾,0351-2453225、2221733、2221755,2026-06-11 10:28:11,"华新阳光采购平台,山西省招标投标公共服务平台,中国招标投标公共服务平台",https://www.ygcgpt.com/#/biddingdetails?annId=2064896211194830848
依法,太原煤炭气化（集团）临汾燃气有限公司临汾市2026年市政老旧管网燃气改造工程设计中标候选人公示,能源电力,常规招标,,2026-06-11 10:00:00 至 2026-06-15 10:00:00,HXZB-FW20260518,001第一标段：山西省燃气规划设计研究院有限责任公司,001第一标段：投标报价：参照《工程勘察设计收费标准（2002年修订本）》文件规定计费标准的68%计取，其中工程设计收费基价以施工单位中标价为准（包含安装费及主材费）,太原煤炭气化（集团）临汾燃气有限公司,,,,山西华新阳光科技咨询有限公司,太原市长治路345号东楼23层,李晓辉、张朝、闫潇腾,0351-2453225、2221733、2221755,2026-06-11 09:53:52,"华新阳光采购平台,山西省招标投标公共服务平台,中国招标投标公共服务平台",https://www.ygcgpt.com/#/biddingdetails?annId=2064887503177998336
依法,山西华新煤成气勘查开发有限公司2026年度榆社东区块煤层气勘探井抽油机采购中标候选人公示,能源电力,常规招标,,2026-06-11 10:00:00 至 2026-06-15 10:00:00,HXCG-HW20260515,001第一标段：渤海石油装备（天津）新世纪机械制造有限公司,001第一标段：投标报价：5311000元,山西华新煤成气勘查开发有限公司,,,,山西华新阳光科技咨询有限公司,太原市长治路345号东楼23层,李晓辉、张朝、闫潇腾,0351-2453225、2221733、2221755,2026-06-11 09:53:48,"华新阳光采购平台,中国招标投标公共服务平台,山西省招标投标协会/山西招标采购服务平台",https://www.ygcgpt.com/#/biddingdetails?annId=2064882511926878208
依法,山西蓝焰煤层气集团有限责任公司勘探分公司2026年钻井液技术服务重新招标中标候选人公示,能源电力,重新招标,,2026-06-10 11:00:00 至 2026-06-13 11:00:00,HXZB-FW20260315,001第一标段：安徽陆海石油助剂科技有限公司,001第一标段：投标报价：6575000元,山西蓝焰控股股份有限公司,,,,山西华新阳光科技咨询有限公司,太原市长治路345号东楼23层,张朝、闫潇腾,0351-2453225、2221733、2221755,2026-06-10 10:45:58,"华新阳光采购平台,中国招标投标公共服务平台,山西省招标投标协会/山西招标采购服务平台",https://www.ygcgpt.com/#/biddingdetails?annId=2064538786205884416
依法,山西蓝焰煤层气集团有限责任公司晋城矿区煤层气加密井建设项目（二期）煤层气井录井技术服务中标候选人公示,能源电力,常规招标,,2026-06-10 11:00:00 至 2026-06-13 11:00:00,HXZB-FW20260509,"001第一标段：内蒙古煤炭地质勘查（集团）一五三有限公司
002第二标段：河南杰士石油技术服务有限公司","001第一标段：投标报价：3665000元
002第二标段：投标报价：2549700元",山西蓝焰控股股份有限公司,,,,山西华新阳光科技咨询有限公司,太原市长治路345号东楼23层,李晓辉、张朝、闫潇腾,0351-2453225、2221733、2221755,2026-06-10 10:45:54,"华新阳光采购平台,山西省招标投标公共服务平台,中国招标投标公共服务平台",https://www.ygcgpt.com/#/biddingdetails?annId=2064536541565378560
依法,太原天然气有限公司东社、新张、罗城调压站及大井峪管线所消防手续办理服务中标候选人公示,能源电力,常规招标,,2026-06-10 10:30:00 至 2026-06-13 10:30:00,HXZB-FW20260410,"001第一标段：山西京冠卓消防技术服务有限公司
002第二标段：山西诚信建筑智能化工程有限公司
003第三标段：山西诚信建筑智能化工程有限公司
004第四标段：山西京冠卓消防技术服务有限公司","001第一标段：投标报价：290000元
002第二标段：投标报价：210000元
003第三标段：投标报价：200000元
004第四标段：投标报价：290000元",太原天然气有限公司,,,,山西华新阳光科技咨询有限公司,太原市长治路345号东楼23层,李晓辉、张朝、闫潇腾,0351-2453225、2221733、2221755,2026-06-10 10:23:36,"华新阳光采购平台,中国招标投标公共服务平台,山西省招标投标协会/山西招标采购服务平台",https://www.ygcgpt.com/#/biddingdetails?annId=2064528882288123904
依法,山西蓝焰煤层气集团有限责任公司和顺横岭、武乡南勘查区块全方位宽频带三维地震服务中标候选人公示,能源电力,常规招标,,2026-06-10 10:30:00 至 2026-06-13 10:30:00,HXZB-FW20260510,"001第一标段：山西省煤炭地质物探测绘院有限公司
002第二标段：中煤科工西安研究院（集团）有限公司","001第一标段：投标报价：25080638元
002第二标段：投标报价：15366740元",山西蓝焰控股股份有限公司,,,,山西华新阳光科技咨询有限公司,太原市长治路345号东楼23层,李晓辉、张朝、闫潇腾,0351-2453225、2221733、2221755,2026-06-10 10:23:31,"华新阳光采购平台,山西省招标投标公共服务平台,中国招标投标公共服务平台",https://www.ygcgpt.com/#/biddingdetails?annId=2064533023395766272
依法,山西蓝焰煤层气集团有限责任公司机电设备分公司主电机及高低压电控系统维修保养中标候选人公示,能源电力,常规招标,,2026-06-05 10:30:00 至 2026-06-09 10:30:00,HXZB-FW20260508,001第一标段：山西中控集创自动化科技有限公司,001第一标段：投标报价：985138元,山西蓝焰控股股份有限公司,,,,山西华新阳光科技咨询有限公司,太原市长治路345号东楼23层,张朝、闫潇腾,0351-2453225、2221733、2221755,2026-06-05 09:58:17,"华新阳光采购平台,中国招标投标公共服务平台,山西省招标投标协会/山西招标采购服务平台",https://www.ygcgpt.com/#/biddingdetails?annId=2062714655256698880
依法,山西蓝焰煤层气集团有限责任公司液压无杆泵升级改造及水环泵、电潜泵维修服务中标候选人公示,能源电力,常规招标,,2026-06-05 10:30:00 至 2026-06-09 10:30:00,HXZB-FW20260507,"001第一标段：山西亿成石油装备有限公司
002第二标段：胜利油田新海兴达实业集团有限责任公司","001第一标段：投标报价：1638000元
002第二标段：投标报价：565252元",山西蓝焰控股股份有限公司,,,,山西华新阳光科技咨询有限公司,太原市长治路345号东楼23层,张朝、闫潇腾,0351-2453225、2221733、2221755,2026-06-05 09:58:14,"华新阳光采购平台,中国招标投标公共服务平台,山西省招标投标协会/山西招标采购服务平台",https://www.ygcgpt.com/#/biddingdetails?annId=2062713122704154624
依法,山西天然气有限公司2026年度运维物资采购(005标段)二次招标中标候选人公示,能源电力,二次招标,,2026-06-05 10:30:00 至 2026-06-09 10:30:00,HXZB-HW20260427,005第五标段：山西桓溢科技有限责任公司,005第五标段：投标报价：178860元,山西天然气有限公司,,,,山西华新阳光科技咨询有限公司,太原市长治路345号东楼23层,李晓辉、张朝、闫潇腾,0351-2453225、2221733、2221755,2026-06-05 09:58:11,"华新阳光采购平台,中国招标投标公共服务平台,山西省招标投标协会/山西招标采购服务平台",https://www.ygcgpt.com/#/biddingdetails?annId=2062710861546479616
依法,山西蓝焰煤层气集团有限责任公司2026年晋城矿区煤层气加密井建设项目（二期）煤层气井工程监理服务重新二次招标中标候选人公示,石油石化,重新二次招标,,2026-06-04 11:00:00 至 2026-06-08 11:00:00,HXZB-FW20260325,001第一标段：山西蓝焰煤层气工程研究有限责任公司,001第一标段：投标报价：17024000元,山西蓝焰控股股份有限公司,,,,山西华新阳光科技咨询有限公司,太原市长治路345号东楼23层,李晓辉、张朝、闫潇腾,0351-2453225、2221733、2221755,2026-06-04 10:38:57,"华新阳光采购平台,山西省招标投标公共服务平台,中国招标投标公共服务平台",https://www.ygcgpt.com/#/biddingdetails?annId=2062363015320264704
依法,山西能源产业集团光伏发电有限公司各电站运行维护服务中标候选人公示,能源电力,常规招标,,2026-06-04 10:30:00 至 2026-06-08 10:30:00,HXZB-FW20260505,001第一标段：山西中能运维新能源技术有限公司,001第一标段：投标报价：994147.50元,山西能源产业集团光伏发电有限公司,,,,山西华新阳光科技咨询有限公司,太原市长治路345号东楼23层,张朝、闫潇腾,0351-2453225、2221733、2221755,2026-06-04 10:24:04,"华新阳光采购平台,中国招标投标公共服务平台,山西省招标投标协会/山西招标采购服务平台",https://www.ygcgpt.com/#/biddingdetails?annId=2062358820789772288
依法,山西铭石煤层气利用股份有限公司2026年度城网及零星维修工程（第一阶段）施工中标候选人公示,能源电力,常规招标,,2026-06-04 10:30:00 至 2026-06-08 10:30:00,HXZB-GC20260430,"001第一标段：山西沪晋市政工程有限公司
002第二标段：中振建设有限公司
003第三标段：创迈建工集团有限公司
004第四标段：兴润建设集团有限公司","001第一标段：城网及入户安装工程投标报价：141003.15元；零星维修工程投标报价：305085.22元
002第二标段：城网及入户安装工程投标报价：138883.19元；零星维修工程投标报价：565192.05元
003第三标段：城网及入户安装工程投标报价：146512.6元；零星维修工程投标报价：773261.45元
004第四标段：城网及入户安装工程投标报价：144466.28元；零星维修工程投标报价：948897.91元",山西铭石煤层气利用股份有限公司,,,,山西华新阳光科技咨询有限公司,太原市长治路345号东楼23层,张朝、闫潇腾,0351-2453225、2221733、2221755,2026-06-04 10:24:00,"华新阳光采购平台,中国招标投标公共服务平台,山西省招标投标协会/山西招标采购服务平台",https://www.ygcgpt.com/#/biddingdetails?annId=2062357048532754432
依法,太原天然气有限公司2026年燃气管网工程第一批聚乙烯（PE）管材及管件采购中标候选人公示,能源电力,常规招标,,2026-06-04 10:00:00 至 2026-06-08 10:00:00,HXZB-HW20260430,"001第一标段：河北一塑管道制造有限责任公司
002第二标段：四川森普管材股份有限公司","001第一标段：投标报价：2659917.08元
002第二标段：投标报价：1904408元",太原天然气有限公司,,,,山西华新阳光科技咨询有限公司,太原市长治路345号东楼23层,李晓辉、张朝、闫潇腾,0351-2453225、2221733、2221755,2026-06-04 09:50:07,"华新阳光采购平台,山西省招标投标公共服务平台,中国招标投标公共服务平台",https://www.ygcgpt.com/#/biddingdetails?annId=2062349924536770560
依法,太原天然气有限公司2026年燃气输送用不锈钢波纹软管及配套管件采购中标候选人公示,能源电力,常规招标,,2026-06-04 10:00:00 至 2026-06-08 10:00:00,HXZB-HW20260428,001第一标段：宁波市安邦管业有限公司,001第一标段：投标报价：2378650元,太原天然气有限公司,,,,山西华新阳光科技咨询有限公司,太原市长治路345号东楼23层,李晓辉、张朝、闫潇腾,0351-2453225、2221733、2221755,2026-06-04 09:48:36,"华新阳光采购平台,山西省招标投标公共服务平台,中国招标投标公共服务平台",https://www.ygcgpt.com/#/biddingdetails?annId=2062346854901833728
依法,山西天然气有限公司流量计检测辅助装置项目设备采购(001标段)二次重新招标中标候选人公示,能源电力,二次重新招标,,2026-06-03 10:00:00 至 2026-06-06 10:00:00,HXZB-HW20260212,001第一标段：成都成高阀门股份有限公司,001第一标段：投标报价：2262202元,山西天然气有限公司,,,,山西华新阳光科技咨询有限公司,太原市长治路345号东楼23层,李晓辉、张朝、闫潇腾,0351-2453225、2221733、2221755,2026-06-03 09:50:14,"华新阳光采购平台,中国招标投标公共服务平台,山西省招标投标协会/山西招标采购服务平台",https://www.ygcgpt.com/#/biddingdetails?annId=2061988063563833344
依法,山西华新液化天然气集团有限公司液化工厂2026年物资采购中标候选人公示,能源电力,常规招标,,2026-06-03 10:00:00 至 2026-06-06 10:00:00,HXZB-HW20260319,"001第一标段：山西澳天源工贸有限公司
002第二标段：山西晋深能源装备有限公司
003第三标段：山西鑫淮远商贸有限公司
004第四标段：山西金盛元工贸有限公司
005第五标段：山西博力友拓商贸科技有限公司
006第六标段：山西奇斯特科技有限公司","001第一标段：投标报价：774124.4元
002第二标段：投标报价：666010元
003第三标段：投标报价：249629元
004第四标段：投标报价：797020元
005第五标段：投标报价：201571元
006第六标段：投标报价：390086元",山西华新液化天然气集团有限公司,,,,山西华新阳光科技咨询有限公司,太原市长治路345号东楼23层,李晓辉、张朝、闫潇腾,0351-2453225、2221733、2221755,2026-06-03 09:50:11,"华新阳光采购平台,中国招标投标公共服务平台,山西省招标投标协会/山西招标采购服务平台",https://www.ygcgpt.com/#/biddingdetails?annId=2061986437411201024
依法,山西华新煤成气勘查开发有限公司2026年度榆社东区块软体水罐采购中标候选人公示,能源电力,常规招标,,2026-06-03 10:00:00 至 2026-06-06 10:00:00,HXZB-HW20260429,001第一标段：山东高巨新材料有限公司,001第一标段：投标报价：3000000元,山西华新煤成气勘查开发有限公司,,,,山西华新阳光科技咨询有限公司,太原市长治路345号东楼23层,李晓辉、张朝、闫潇腾,0351-2453225、2221733、2221755,2026-06-03 09:50:05,"华新阳光采购平台,中国招标投标公共服务平台,山西省招标投标协会/山西招标采购服务平台",https://www.ygcgpt.com/#/biddingdetails?annId=2061981292199763968
依法,山西蓝焰煤层气集团有限责任公司石西区块土地生态恢复项目中标候选人公示,能源电力,常规招标,,2026-05-29 10:00:00 至 2026-06-02 10:00:00,HXZB-FW20260429,001第一标段：山东正元建设工程有限责任公司,001第一标段：投标报价：7128536元,山西蓝焰控股股份有限公司,,,,山西华新阳光科技咨询有限公司,太原市长治路345号东楼23层,李晓辉、张朝、闫潇腾,0351-2453225、2221733、2221755,2026-05-29 09:05:43,"华新阳光采购平台,中国招标投标公共服务平台,山西省招标投标协会/山西招标采购服务平台",https://www.ygcgpt.com/#/biddingdetails?annId=2060164738432720896
依法,吕梁蓝焰煤层气有限责任公司通勤车用车服务中标候选人公示,能源电力,常规招标,,2026-05-28 10:00:00 至 2026-06-01 10:00:00,HXZB-FW20260428,001第一标段：晋城市安顺通汽车运输有限公司,001第一标段：投标报价：1206000元,山西蓝焰控股股份有限公司,,,,山西华新阳光科技咨询有限公司,太原市长治路345号东楼23层,张朝、闫潇腾,0351-2453225、2221733、2221755,2026-05-28 09:25:42,"华新阳光采购平台,中国招标投标公共服务平台,山西省招标投标协会/山西招标采购服务平台",https://www.ygcgpt.com/#/biddingdetails?annId=2059807322130178048
依法,"山西天然气有限公司2026年度运维物资采购(001,003,004,006,007,008,010,011,012标段)中标候选人公示",能源电力,常规招标,,2026-05-28 10:00:00 至 2026-06-01 10:00:00,HXZB-HW20260427,"001第一标段：北京中能远大科技发展有限公司
003第三标段：山西自高飞球阀门销售有限公司
004第四标段：山西德众翔科技有限公司
006第六标段：北京奕博科技有限公司
007第七标段：山西德众翔科技有限公司
008第八标段：博思特能源装备（天津）股份有限公司
010第十标段：自贡自高阀门有限公司
011第十一标段：北京中能远大科技发展有限公司
012第十二标段：良正阀门有限公司","001第一标段：投标报价：2572563元
003第三标段：投标报价：3820173元
004第四标段：投标报价：152764元
006第六标段：投标报价：792520元
007第七标段：投标报价：540056元
008第八标段：投标报价：1134000元
010第十标段：投标报价：3479098元
011第十一标段：投标报价：4335656元
012第十二标段：投标报价：336017元",山西天然气有限公司,,,,山西华新阳光科技咨询有限公司,太原市长治路345号东楼23层,李晓辉、张朝、闫潇腾,0351-2453225、2221733、2221755,2026-05-28 09:25:38,"华新阳光采购平台,中国招标投标公共服务平台,山西省招标投标协会/山西招标采购服务平台",https://www.ygcgpt.com/#/biddingdetails?annId=2059803241340821504
依法,山西燃气产业集团有限公司神原五分公司神原线安全隐患问题整改施工中标候选人公示,能源电力,常规招标,,2026-05-22 10:00:00 至 2026-05-26 10:00:00,HXZB-GC20260429,001第一标段：中油石化建设工程有限公司,001第一标段：投标报价：9730652.65元,山西燃气产业集团有限公司神原五分公司,,,,山西华新阳光科技咨询有限公司,太原市长治路345号东楼23层,王挺、周文博,0351-2453225、2221733、2221755,2026-05-22 09:29:34,"华新阳光采购平台,中国招标投标公共服务平台,山西省招标投标协会/山西招标采购服务平台",https://www.ygcgpt.com/#/biddingdetails?annId=2057624153507323904
依法,山西蓝焰煤层气集团有限责任公司晋城矿区煤层气加密井建设项目（二期）煤层气井测井技术服务重新招标中标候选人公示,石油石化,重新招标,,2026-05-22 10:00:00 至 2026-05-26 10:00:00,HXZB-FW20260326,001第一标段：山西蓝焰煤层气工程研究有限责任公司,001第一标段：投标报价：9286075元,山西蓝焰控股股份有限公司,,,,山西华新阳光科技咨询有限公司,太原市长治路345号东楼23层,李晓辉、张朝、闫潇腾,0351-2453225、2221733、2221755,2026-05-22 09:27:23,"华新阳光采购平台,山西省招标投标公共服务平台,中国招标投标公共服务平台",https://www.ygcgpt.com/#/biddingdetails?annId=2057621547191984128
依法,山西蓝焰煤层气集团有限责任公司2026年外部区块、晋城矿区煤层气加密井建设项目（二期）煤层气井测、录井监理及技术服务二次招标中标候选人公示,能源电力,二次招标,,2026-05-21 10:00:00 至 2026-05-25 10:00:00,HXZB-FW20260405,001第一标段：河南豫中地质勘查工程有限公司,001第一标段：投标报价：2792360元,山西蓝焰控股股份有限公司,,,,山西华新阳光科技咨询有限公司,太原市长治路345号东楼23层,李晓辉、张朝、闫潇腾,0351-2453225、2221733、2221755,2026-05-21 09:35:42,"华新阳光采购平台,山西省招标投标公共服务平台,中国招标投标公共服务平台",https://www.ygcgpt.com/#/biddingdetails?annId=2057273246370324480
依法,山西平遥液化天然气有限责任公司LNG液化工厂新建35kV线路及变电站施工总承包中标候选人公示,能源电力,常规招标,,2026-05-20 10:00:00 至 2026-05-23 10:00:00,HXZB-GC20260331,001第一标段：山西智方能电力工程有限公司,001第一标段：投标报价：11001618元,山西平遥液化天然气有限责任公司,,,,山西华新阳光科技咨询有限公司,太原市长治路345号东楼23层,李晓辉、张朝、闫潇腾,0351-2453225、2221733、2221755,2026-05-20 09:47:21,"华新阳光采购平台,山西省招标投标公共服务平台,中国招标投标公共服务平台",https://www.ygcgpt.com/#/biddingdetails?annId=2056907658905083904
依法,山西华新煤成气勘查开发有限公司2026年度榆社东区块煤层气勘探井压裂工程用石英砂采购中标候选人公示,能源电力,常规招标,,2026-05-19 10:00:00 至 2026-05-22 10:00:00,HXZB-HW20260313,001第一标段：郑州鑫源防磨耐材有限公司,001第一标段：投标报价：4387305元,山西华新煤成气勘查开发有限公司,,,,山西华新阳光科技咨询有限公司,太原市长治路345号东楼23层,李晓辉、张朝、闫潇腾,0351-2453225、2221733、2221755,2026-05-19 09:20:59,"华新阳光采购平台,中国招标投标公共服务平台,山西省招标投标协会/山西招标采购服务平台",https://www.ygcgpt.com/#/biddingdetails?annId=2056544909838606336
依法,分布式光伏发电项目总承包（EPC）中标候选人公示,能源电力,常规招标,,2026-05-18 10:30:00 至 2026-05-21 10:30:00,HXZB-GC20260415,"001第一标段：山西通利电力工程有限公司（联合体成员：山西龙城旭昇建设有限公司）
002第二标段：众森建设集团有限公司","001第一标段：投标报价：3486112.59元
002第二标段：投标报价：3463935元",山西华新液化天然气集团有限公司,,,,山西华新阳光科技咨询有限公司,太原市长治路345号东楼23层,李晓辉、张朝、闫潇腾,0351-2453225、2221733、2221755,2026-05-18 10:10:35,"华新阳光采购平台,中国招标投标公共服务平台,山西省招标投标协会/山西招标采购服务平台",https://www.ygcgpt.com/#/biddingdetails?annId=2056195099398856704
依法,山西国化能源有限责任公司、山西国化能源燃气输配有限公司、山西国化科思燃气有限公司自控系统维护项目中标候选人公示,能源电力,常规招标,,2026-05-18 10:00:00 至 2026-05-21 10:00:00,HXZB-FW20260423,001第一标段：山西晋路同创信息技术有限公司,,山西国化能源有限责任公司,,,,山西华新阳光科技咨询有限公司,太原市长治路345号东楼23层,王挺、周文博,0351-2453225、2221733、2221755,2026-05-18 09:47:24,"华新阳光采购平台,中国招标投标公共服务平台,山西省招标投标协会/山西招标采购服务平台",https://www.ygcgpt.com/#/biddingdetails?annId=2056188722160951296
依法,太原天然气有限公司2026年燃气工程3PE防腐钢管采购中标候选人公示,能源电力,常规招标,,2026-05-18 10:00:00 至 2026-05-21 10:00:00,HXZB-HW20260421,001第一标段：沧州市鑫宜达管道有限公司,001第一标段：投标报价：3075608元,太原天然气有限公司,,,,山西华新阳光科技咨询有限公司,太原市长治路345号东楼23层,李晓辉、张朝、闫潇腾,0351-2453225、2221733、2221755,2026-05-18 09:47:22,"华新阳光采购平台,山西省招标投标公共服务平台,中国招标投标公共服务平台",https://www.ygcgpt.com/#/biddingdetails?annId=2056181383211081728
依法,山西华新煤成气勘查开发有限公司2026年度榆社东区块煤层气勘探井油管采购中标候选人公示,能源电力,常规招标,,2026-05-18 10:00:00 至 2026-05-21 10:00:00,HXZB-HW20260402,001第一标段：山东墨龙石油机械股份有限公司,001第一标段：投标报价：2192250元,山西华新煤成气勘查开发有限公司,,,,山西华新阳光科技咨询有限公司,太原市长治路345号东楼23层,李晓辉、张朝、闫潇腾,0351-2453225、2221733、2221755,2026-05-18 09:45:12,"华新阳光采购平台,中国招标投标公共服务平台,山西省招标投标协会/山西招标采购服务平台",https://www.ygcgpt.com/#/biddingdetails?annId=2056178704925679616
依法,山西平遥液化天然气有限责任公司液化天然气（LNG）装置主冷箱设备采购二次重新招标中标候选人公示,房屋建筑,二次重新招标,,2026-05-15 10:00:00 至 2026-05-19 10:00:00,HXZB-HW20260302,001第一标段：杭州中泰深冷技术股份有限公司,001第一标段：投标报价：3050000元,山西平遥液化天然气有限责任公司,,,,山西华新阳光科技咨询有限公司,太原市长治路345号东楼23层,李晓辉、张朝、闫潇腾,0351-2453225、2221733、2221755,2026-05-15 09:56:29,"华新阳光采购平台,中国招标投标公共服务平台,山西省招标投标协会/山西招标采购服务平台",https://www.ygcgpt.com/#/biddingdetails?annId=2055103858867265536
依法,太原天然气有限公司太原市市政道路老旧燃气管网及燃气管道系统安全治理工程(一期)及燃气管网生命线安全工程（一期）项目智能化设备采购(007标段)重新二次招标中标候选人公示,能源电力,重新二次招标,,2026-05-15 10:00:00 至 2026-05-19 10:00:00,HXZB-HW20260309,007第七标段：南京益美沃电子科技有限公司,007第七标段：投标报价：225200元,太原天然气有限公司,,,,山西华新阳光科技咨询有限公司,太原市长治路345号东楼23层,李晓辉、张朝、闫潇腾,0351-2453225、2221733、2221755,2026-05-15 09:56:28,"华新阳光采购平台,山西省招标投标公共服务平台,中国招标投标公共服务平台",https://www.ygcgpt.com/#/biddingdetails?annId=2055101440867786752
依法,太原煤炭气化（集团）临汾燃气有限公司临汾市尧都区2026年老旧庭院燃气管道及用户安全设施更新改造项目设计服务中标候选人公示,能源电力,常规招标,,2026-05-15 10:00:00 至 2026-05-19 10:00:00,HXZB-FW20260414,001第一标段：山西省燃气规划设计研究院有限责任公司,001第一标段：投标报价：参照《工程勘察设计收费标准（2002年修订本）》文件规定计费标准的68%计取，其中工程设计收费基价以施工单位中标价为准（包含安装费及主材费）,太原煤炭气化（集团）临汾燃气有限公司,,,,山西华新阳光科技咨询有限公司,太原市长治路345号东楼23层,李晓辉、张朝、闫潇腾,0351-2453225、2221733、2221755,2026-05-15 09:56:26,"华新阳光采购平台,山西省招标投标公共服务平台,中国招标投标公共服务平台",https://www.ygcgpt.com/#/biddingdetails?annId=2055098832023281664
依法,太原煤炭气化（集团）临汾燃气有限公司临汾市2026年平阳南北街市政老旧管网燃气改造工程施工中标候选人公示,能源电力,常规招标,,2026-05-15 10:00:00 至 2026-05-19 10:00:00,HXZB-GC20260416,"001第一标段：山东亿嘉润建设有限公司
002第二标段：沃达建设集团有限公司","001第一标段：投标报价：2921910.53元
002第二标段：投标报价：1473063.70元",太原煤炭气化（集团）临汾燃气有限公司,,,,山西华新阳光科技咨询有限公司,太原市长治路345号东楼23层,李晓辉、张朝、闫潇腾,0351-2453225、2221733、2221755,2026-05-15 09:54:15,"华新阳光采购平台,中国招标投标公共服务平台,山西省招标投标协会/山西招标采购服务平台",https://www.ygcgpt.com/#/biddingdetails?annId=2055095845557198848
依法,太原天然气有限公司2026年度燃气工程无缝管、镀锌管、直缝高频电阻焊管采购中标候选人公示,能源电力,常规招标,,2026-05-14 10:30:00 至 2026-05-18 10:30:00,HXZB-HW20260411,"001第一标段：河南宝通钢铁销售有限公司
002第二标段：郑州京华制管有限公司","001第一标段：投标报价：6726500元
002第二标段：投标报价：6240450元",太原天然气有限公司,,,,山西华新阳光科技咨询有限公司,太原市长治路345号东楼23层,李晓辉、张朝、闫潇腾,0351-2453225、2221733、2221755,2026-05-14 10:20:37,"华新阳光采购平台,山西省招标投标公共服务平台,中国招标投标公共服务平台",https://www.ygcgpt.com/#/biddingdetails?annId=2054742318213324800
依法,华新城市燃气长治有限公司2026年度城网及入户安装工程和小修项目施工中标候选人公示,能源电力,常规招标,,2026-05-14 10:30:00 至 2026-05-18 10:30:00,HXZB-GC20260411,"001第一标段：山西中泓建筑工程有限公司
002第二标段：山东泰恒建设工程有限公司","001第一标段：城网及入户安装工程施工投标报价：136738.59元；小修项目施工投标报价：618835.07 元
002第二标段：城网及入户安装工程施工投标报价：137484.9元；小修项目施工投标报价：420028.91元",华新城市燃气长治有限公司,,,,山西华新阳光科技咨询有限公司,太原市长治路345号东楼23层,张绒、李志起,0351-2453225、2221733、2221755,2026-05-14 10:18:24,"华新阳光采购平台,中国招标投标公共服务平台,山西省招标投标协会/山西招标采购服务平台",https://www.ygcgpt.com/#/biddingdetails?annId=2054738260014489600
依法,山西蓝焰煤层气集团有限责任公司机电设备分公司卡特彼勒发动机定期保养及中部大修服务中标候选人公示,能源电力,常规招标,,2026-05-13 10:00:00 至 2026-05-16 10:00:00,HXZB-FW20260407,001第一标段：山西陆仕嘉机电设备有限公司,001第一标段：投标报价：3817412元,山西蓝焰控股股份有限公司,,,,山西华新阳光科技咨询有限公司,太原市长治路345号东楼23层,张朝、闫潇腾,0351-2453225、2221733、2221755,2026-05-13 09:32:10,"华新阳光采购平台,中国招标投标公共服务平台,山西省招标投标协会/山西招标采购服务平台",https://www.ygcgpt.com/#/biddingdetails?annId=2054372475702173696
依法,山西蓝焰煤层气集团有限责任公司勘探分公司2026年螺杆钻具和钻头购置中标候选人公示,能源电力,常规招标,,2026-05-13 10:00:00 至 2026-05-16 10:00:00,HXZB-HW20260408,"001第一标段：德州联合石油科技股份有限公司
002第二标段：河北中兴宏力钻头制造有限公司","001第一标段：投标报价：5181000元
002第二标段：投标报价：1881500元",山西蓝焰控股股份有限公司,,,,山西华新阳光科技咨询有限公司,太原市长治路345号东楼23层,张朝、闫潇腾,0351-2453225、2221733、2221755,2026-05-13 09:32:08,"华新阳光采购平台,中国招标投标公共服务平台,山西省招标投标协会/山西招标采购服务平台",https://www.ygcgpt.com/#/biddingdetails?annId=2054367484925009920
依法,山西沁盛煤层气作业有限责任公司2026年液氮购置中标候选人公示,能源电力,常规招标,,2026-05-13 10:00:00 至 2026-05-16 10:00:00,HXZB-HW20260409,001第一标段：太原市隆鑫工贸有限公司,,山西蓝焰控股股份有限公司,,,,山西华新阳光科技咨询有限公司,太原市长治路345号东楼23层,张朝、闫潇腾,0351-2453225、2221733、2221755,2026-05-13 09:29:57,"华新阳光采购平台,中国招标投标公共服务平台,山西省招标投标协会/山西招标采购服务平台",https://www.ygcgpt.com/#/biddingdetails?annId=2054366694403563520
依法,山西华新物业服务有限公司2026年第一批后勤保障服务项目(001标段)二次重新招标中标候选人公示,能源电力,二次重新招标,,2026-05-12 10:00:00 至 2026-05-15 10:00:00,HXZB-FW20260128,001第一标段：山西东易日昇餐饮管理有限公司,001第一标段：职工餐饮服务费总报价：477000元,山西华新物业服务有限公司,,,,山西华新阳光科技咨询有限公司,太原市长治路345号东楼23层,王挺、周文博,0351-2453225、2221733、2221755,2026-05-12 08:53:49,"华新阳光采购平台,中国招标投标公共服务平台,山西省招标投标协会/山西招标采购服务平台",https://www.ygcgpt.com/#/biddingdetails?annId=2053999062223511552
依法,山西燃气产业集团有限公司下属4家单位2026年度城燃物资集中采购(006标段)中标候选人公示,能源电力,常规招标,,2026-05-09 10:00:00 至 2026-05-13 10:00:00,HXZB-HW20260406,006第六标段：河北远道光电科技有限公司,006第六标段：投标报价：334429.75元,山西燃气产业集团有限公司,,,,山西华新阳光科技咨询有限公司,太原市长治路345号东楼23层,李晓辉、张朝、闫潇腾,0351-2453225、2221733、2221755,2026-05-09 09:09:24,"华新阳光采购平台,中国招标投标公共服务平台,山西省招标投标协会/山西招标采购服务平台",https://www.ygcgpt.com/#/biddingdetails?annId=2052914155892072448
依法,山西华新中昊盛天然气有限公司阳城县煤层气西气东输上载项目中标候选人公示,能源电力,常规招标,,2026-05-08 10:30:00 至 2026-05-12 10:30:00,HXZB-HW20260405,001第一标段：陕西铭泽易昇能源技术有限公司,001第一标段：投标报价：4734000元,山西华新中昊盛天然气有限公司,,,,山西华新阳光科技咨询有限公司,太原市长治路345号东楼23层,张绒、李志起,0351-2453225、2221733、2221755,2026-05-08 10:10:49,"华新阳光采购平台,山西省招标投标公共服务平台,中国招标投标公共服务平台",https://www.ygcgpt.com/#/biddingdetails?annId=2052565555580329984
依法,山西国化能源有限责任公司2026年度改造、水保、改线项目监理服务中标候选人公示,能源电力,常规招标,,2026-05-08 10:30:00 至 2026-05-12 10:30:00,HXZB-FW20260406,001第一标段：成都万图工程监理有限公司,,山西国化能源有限责任公司,,,,山西华新阳光科技咨询有限公司,太原市长治路345号东楼23层,张绒、李志起,0351-2453225、2221733、2221755,2026-05-08 10:08:38,"华新阳光采购平台,中国招标投标公共服务平台,山西省招标投标协会/山西招标采购服务平台",https://www.ygcgpt.com/#/biddingdetails?annId=2052558503134978048
依法,山西蓝焰煤层气集团有限责任公司2026年脱硫剂购置中标候选人公示,能源电力,常规招标,,2026-05-08 10:00:00 至 2026-05-12 10:00:00,HXZB-HW20260407,001第一标段：晋中科灵气体净化技术服务有限公司,001第一标段：投标报价：5220000元,山西蓝焰控股股份有限公司,,,,山西华新阳光科技咨询有限公司,太原市长治路345号东楼23层,张朝、闫潇腾,0351-2453225、2221733、2221755,2026-05-08 09:58:32,"华新阳光采购平台,中国招标投标公共服务平台,山西省招标投标协会/山西招标采购服务平台",https://www.ygcgpt.com/#/biddingdetails?annId=2052564020607672320
依法,山西蓝焰煤层气集团有限责任公司2026年武乡南区块10个新井场及14个旧井场临时用地方案与复垦方案编制中标候选人公示,能源电力,常规招标,,2026-04-30 10:30:00 至 2026-05-08 10:30:00,HXZB-FW20260403,001第一标段：太原市兴华岩土工程勘察质量检测有限公司,001第一标段：投标报价：1120000元,山西蓝焰控股股份有限公司,,,,山西华新阳光科技咨询有限公司,太原市长治路345号东楼23层,张朝、闫潇腾,0351-2453225、2221733、2221755,2026-04-30 10:17:39,"华新阳光采购平台,中国招标投标公共服务平台,山西省招标投标协会/山西招标采购服务平台",https://www.ygcgpt.com/#/biddingdetails?annId=2049668809384615936
依法,山西沁盛煤层气作业有限责任公司2026年氯化钾购置中标候选人公示,能源电力,常规招标,,2026-04-30 10:30:00 至 2026-05-08 10:30:00,HXZB-HW20260326,001第一标段：山西晋深能源装备有限公司,001第一标段：投标报价：4399320元,山西蓝焰控股股份有限公司,,,,山西华新阳光科技咨询有限公司,太原市长治路345号东楼23层,李晓辉、张朝、闫潇腾,0351-2453225、2221733、2221755,2026-04-30 10:17:37,"华新阳光采购平台,中国招标投标公共服务平台,山西省招标投标协会/山西招标采购服务平台",https://www.ygcgpt.com/#/biddingdetails?annId=2049665523520724992
依法,山西国新盛和贸易有限公司2026年防腐材料采购中标候选人公示,能源电力,常规招标,,2026-04-30 10:30:00 至 2026-05-08 10:30:00,HXZB-HW20260324,001第一标段：山西铭澄科技有限公司,001第一标段：投标报价：2356676.83元,山西国新盛和贸易有限公司,,,,山西华新阳光科技咨询有限公司,太原市长治路345号东楼23层,李晓辉、张朝、闫潇腾,0351-2453225、2221733、2221755,2026-04-30 10:15:26,"华新阳光采购平台,中国招标投标公共服务平台,山西省招标投标协会/山西招标采购服务平台",https://www.ygcgpt.com/#/biddingdetails?annId=2049664101420982272
依法,山西沁盛煤层气作业有限责任公司2026年石英砂购置中标候选人公示,能源电力,常规招标,,2026-04-30 10:00:00 至 2026-05-08 10:00:00,HXZB-HW20260325,"001第一标段：山西沁凰煤层气装备有限责任公司
002第二标段：山西骅意商贸有限公司
003第三标段：多伦县金众田商贸有限公司","001第一标段：投标报价：6905000元
002第二标段：投标报价：5066500元
003第三标段：投标报价：5067600元",山西蓝焰控股股份有限公司,,,,山西华新阳光科技咨询有限公司,太原市长治路345号东楼23层,张朝、闫潇腾,0351-2453225、2221733、2221755,2026-04-30 09:58:44,"华新阳光采购平台,中国招标投标公共服务平台,山西省招标投标协会/山西招标采购服务平台",https://www.ygcgpt.com/#/biddingdetails?annId=2049661861490679808
依法,山西蓝焰煤层气集团有限责任公司2026年晋城矿区煤层气加密井建设项目（二期）煤层气井工程设计服务中标候选人公示,石油石化,常规招标,,2026-04-29 10:30:00 至 2026-05-07 10:30:00,HXZB-FW20260327,001第一标段：山西蓝焰煤层气工程研究有限责任公司,001第一标段：投标报价：17340000元,山西蓝焰控股股份有限公司,,,,山西华新阳光科技咨询有限公司,太原市长治路345号东楼23层,李晓辉、张朝、闫潇腾,0351-2453225、2221733、2221755,2026-04-29 10:13:37,"华新阳光采购平台,山西省招标投标公共服务平台,中国招标投标公共服务平台",https://www.ygcgpt.com/#/biddingdetails?annId=2049297455414075392
依法,山西蓝焰煤层气集团有限责任公司勘探分公司2026年钻机技术服务中标候选人公示,能源电力,常规招标,,2026-04-29 10:30:00 至 2026-05-07 10:30:00,HXZB-FW20260328,"001第一标段：西安同昌油气技术有限公司
002第二标段：中陕核工业集团二一八大队有限公司","001第一标段：投标报价：4052000元
002第二标段：投标报价：3896370元",山西蓝焰控股股份有限公司,,,,山西华新阳光科技咨询有限公司,太原市长治路345号东楼23层,张朝、闫潇腾,0351-2453225、2221733、2221755,2026-04-29 10:11:26,"华新阳光采购平台,中国招标投标公共服务平台,山西省招标投标协会/山西招标采购服务平台",https://www.ygcgpt.com/#/biddingdetails?annId=2049306461083885568
依法,山西天然气有限公司超声波流量计维护检定及变送器检定服务中标候选人公示,能源电力,常规招标,,2026-04-29 10:00:00 至 2026-05-07 10:00:00,HXZB-FW20260402,001第一标段：默福博（北京）计量检测服务有限公司,,山西天然气有限公司,,,,山西华新阳光科技咨询有限公司,太原市长治路345号东楼23层,王挺、周文博,0351-2453225、2221733、2221755,2026-04-29 09:57:59,"华新阳光采购平台,中国招标投标公共服务平台,山西省招标投标协会/山西招标采购服务平台",https://www.ygcgpt.com/#/biddingdetails?annId=2049293444875116544
依法,山西国化燃气有限责任公司2026-2028年度劳务外包服务中标候选人公示,石油石化,常规招标,,2026-04-27 10:00:00 至 2026-04-30 10:00:00,HXZB-FW20260401,001第一标段：山西星海远航人力资源有限公司,001第一标段：投标报价：1097712元,山西国化燃气有限责任公司,,,,山西华新阳光科技咨询有限公司,太原市长治路345号东楼23层,王挺、周文博,0351-2453225、2221733、2221755,2026-04-27 09:13:51,"华新阳光采购平台,中国招标投标公共服务平台,山西省招标投标协会/山西招标采购服务平台",https://www.ygcgpt.com/#/biddingdetails?annId=2048570736419889152
依法,山西蓝焰煤层气集团有限责任公司机电设备分公司2026年管道维保工程中标候选人公示,能源电力,常规招标,,2026-04-24 11:00:00 至 2026-04-28 11:00:00,HXZB-GC20260320,"001第一标段：兴润建设集团有限公司
002第二标段：中原油建工程有限公司","001第一标段：投标报价：2058599.52元
002第二标段：投标报价：1899138.11元",山西蓝焰控股股份有限公司,,,,山西华新阳光科技咨询有限公司,太原市长治路345号东楼23层,张朝、闫潇腾,0351-2453225、2221733、2221755,2026-04-24 10:39:21,"华新阳光采购平台,中国招标投标公共服务平台,山西省招标投标协会/山西招标采购服务平台",https://www.ygcgpt.com/#/biddingdetails?annId=2047491959019364352
依法,山西沁盛煤层气作业有限责任公司油管购置中标候选人公示,能源电力,常规招标,,2026-04-24 11:00:00 至 2026-04-28 11:00:00,HXZB-HW20260320,001第一标段：山西鼎洋东升新能源科技有限公司,001第一标段：投标报价：3370020元,山西蓝焰控股股份有限公司,,,,山西华新阳光科技咨询有限公司,太原市长治路345号东楼23层,张朝、闫潇腾,0351-2453225、2221733、2221755,2026-04-24 10:35:02,"华新阳光采购平台,中国招标投标公共服务平台,山西省招标投标协会/山西招标采购服务平台",https://www.ygcgpt.com/#/biddingdetails?annId=2047502159034015744
依法,山西蓝焰煤层气集团有限责任公司机电设备分公司射流泵维检服务项目中标候选人公示,房屋建筑,常规招标,,2026-04-24 11:00:00 至 2026-04-28 11:00:00,HXZB-FW20260319,001第一标段：沁水县裕泉工贸有限公司,001第一标段：投标报价：1524000元,山西蓝焰控股股份有限公司,,,,山西华新阳光科技咨询有限公司,太原市长治路345号东楼23层,李晓辉、张朝、闫潇腾,0351-2453225、2221733、2221755,2026-04-24 10:34:59,"华新阳光采购平台,中国招标投标公共服务平台,山西省招标投标协会/山西招标采购服务平台",https://www.ygcgpt.com/#/biddingdetails?annId=2047500282015866880
依法,山西蓝焰煤层气集团有限责任公司勘探分公司2026年钻井液技术服务中标候选人公示,能源电力,常规招标,,2026-04-24 11:00:00 至 2026-04-28 11:00:00,HXZB-FW20260315,001第一标段：河南海洋化工科技股份有限公司,001第一标段：投标报价：6740200元,山西蓝焰控股股份有限公司,,,,山西华新阳光科技咨询有限公司,太原市长治路345号东楼23层,张朝、闫潇腾,0351-2453225、2221733、2221755,2026-04-24 10:32:49,"华新阳光采购平台,中国招标投标公共服务平台,山西省招标投标协会/山西招标采购服务平台",https://www.ygcgpt.com/#/biddingdetails?annId=2047497962280542208
依法,山西蓝焰煤层气集团有限责任公司勘探分公司2026年泥浆固化技术服务中标候选人公示,房屋建筑,常规招标,,2026-04-23 10:00:00 至 2026-04-27 10:00:00,HXZB-FW20260316,001第一标段：任丘市华维石油工程有限公司,001第一标段：投标报价：4432920元,山西蓝焰控股股份有限公司,,,,山西华新阳光科技咨询有限公司,太原市长治路345号东楼23层,张朝、闫潇腾,0351-2453225、2221733、2221755,2026-04-23 09:09:18,"华新阳光采购平台,中国招标投标公共服务平台,山西省招标投标协会/山西招标采购服务平台",https://www.ygcgpt.com/#/biddingdetails?annId=2047118028701786112
依法,山西蓝焰煤层气集团有限责任公司晋城矿区煤层气加密井建设项目（二期）煤层气井井场及井场道路工程中标候选人公示,能源电力,常规招标,,2026-04-23 10:00:00 至 2026-04-27 10:00:00,HXZB-GC20260319,001第一标段：山西启福建设有限公司,001第一标段：投标报价：6777066.58元,山西蓝焰控股股份有限公司,,,,山西华新阳光科技咨询有限公司,太原市长治路345号东楼23层,李晓辉、张朝、闫潇腾,0351-2453225、2221733、2221755,2026-04-23 09:07:06,"华新阳光采购平台,山西省招标投标公共服务平台,中国招标投标公共服务平台",https://www.ygcgpt.com/#/biddingdetails?annId=2047115421316898816
依法,山西华新液化天然气集团有限公司2026年-2027年现货交易咨询服务中标候选人公示,能源电力,常规招标,,2026-04-21 16:00:00 至 2026-04-24 16:00:00,HXZB-FW20260323,001第一标段：山西云电云联科技有限公司,,山西华新液化天然气集团有限公司,,,,山西华新阳光科技咨询有限公司,太原市长治路345号东楼23层,张朝、闫潇腾,0351-2453225、2221733、2221755,2026-04-21 15:54:43,"华新阳光采购平台,中国招标投标公共服务平台,山西省招标投标协会/山西招标采购服务平台",https://www.ygcgpt.com/#/biddingdetails?annId=2046488129033035776
依法,山西华新煤成气勘查开发有限公司2026年度榆社东区块煤层气勘探井套管头、采油树等井口装置采购中标候选人公示,房屋建筑,常规招标,,2026-04-20 10:00:00 至 2026-04-23 10:00:00,HXZB-HW20260303,001第一标段：京鸿石油钻采工程技术有限公司,001第一标段：投标报价：2275000元,山西华新煤成气勘查开发有限公司,,,,山西华新阳光科技咨询有限公司,太原市长治路345号东楼23层,李晓辉、张朝、闫潇腾,0351-2453225、2221733、2221755,2026-04-20 09:44:24,"华新阳光采购平台,中国招标投标公共服务平台,山西省招标投标协会/山西招标采购服务平台",https://www.ygcgpt.com/#/biddingdetails?annId=2046040436146003968
依法,山西蓝焰煤层气集团有限责任公司2026年和顺横岭区块煤层气井录井技术服务中标候选人公示,房屋建筑,常规招标,,2026-04-17 10:00:00 至 2026-04-21 10:00:00,HXZB-FW20260306,001第一标段：河南省资源环境调查四院有限公司,001第一标段：投标报价：1122000元,山西蓝焰控股股份有限公司,,,,山西华新阳光科技咨询有限公司,太原市长治路345号东楼23层,张朝、闫潇腾,0351-2453225、2221733、2221755,2026-04-17 09:28:19,"华新阳光采购平台,中国招标投标公共服务平台,山西省招标投标协会/山西招标采购服务平台",https://www.ygcgpt.com/#/biddingdetails?annId=2044945763897794560
依法,山西蓝焰煤层气集团有限责任公司勘探分公司钻井施工柴油采购中标候选人公示,能源电力,常规招标,,2026-04-17 10:00:00 至 2026-04-21 10:00:00,HXZB-HW20260306,001第一标段：泽州县巴公镇甘润北晋加油站（普通合伙）,,山西蓝焰控股股份有限公司,,,,山西华新阳光科技咨询有限公司,太原市长治路345号东楼23层,张朝、闫潇腾,0351-2453225、2221733、2221755,2026-04-17 09:26:09,"华新阳光采购平台,中国招标投标公共服务平台,山西省招标投标协会/山西招标采购服务平台",https://www.ygcgpt.com/#/biddingdetails?annId=2044941830424977408
依法,"太原煤炭气化（集团）晋中燃气有限公司等六家公司年度民用户及工、营、福燃气安装及改造工程配套物资采购B类物资、PE管材、管件及阀门区域集采(001,002标段)重新招标中标候选人公示",房屋建筑,重新招标,,2026-04-15 11:00:00 至 2026-04-18 11:00:00,HXZB-HW20260206,"001第一标段：天津明牌科技有限公司
002第二标段：山西三晋上高阀门有限公司","001第一标段：投标报价：683568.58元
002第二标段：投标报价：761619.8元",太原煤炭气化（集团）晋中燃气有限公司,,,,山西华新阳光科技咨询有限公司,太原市长治路345号东楼23层,张绒、李志起,0351-2453225、2221733、2221755,2026-04-15 10:35:21,"华新阳光采购平台,山西省招标投标协会/山西招标采购服务平台",https://www.ygcgpt.com/#/biddingdetails?annId=2044223901651787776
依法,临汾区域2026年度新用户燃气工程施工中标候选人公示,能源电力,常规招标,,2026-04-15 10:30:00 至 2026-04-18 10:30:00,HXZB-GC20260318,"001第一标段：山东长龙三辉建设工程有限公司
002第二标段：西安元成建筑工程有限公司
003第三标段：山东长庆建工有限公司
004第四标段：河南思平建设工程有限公司
005第五标段：山西国旺兴达建筑有限责任公司","001第一标段：投标报价：29119.23元
002第二标段：投标报价：28823.61元
003第三标段：投标报价：46218.78元
004第四标段：投标报价：50667.41元
005第五标段：投标报价：53075.51元",太原煤炭气化（集团）临汾燃气有限公司,,,,山西华新阳光科技咨询有限公司,太原市长治路345号东楼23层,李晓辉、张朝、闫潇腾,0351-2453225、2221733、2221755,2026-04-15 10:29:26,"华新阳光采购平台,中国招标投标公共服务平台,山西省招标投标协会/山西招标采购服务平台",https://www.ygcgpt.com/#/biddingdetails?annId=2044239809854136320
依法,山西华新晋药集团有限公司新建中药饮片加工生产基地消防工程及屋面、窗户问题整改项目中标候选人公示,生物医药,常规招标,,2026-04-09 10:00:00 至 2026-04-13 10:00:00,HXZB-GC20260308,001第一标段：山西四建集团有限公司,001第一标段：投标报价：13081361.87元,山西华新晋药集团有限公司,,,,山西华新阳光科技咨询有限公司,太原市长治路345号东楼23层,张朝、闫潇腾,0351-2453225、2221733、2221755,2026-04-09 09:56:24,"华新阳光采购平台,中国招标投标公共服务平台,山西省招标投标协会/山西招标采购服务平台",https://www.ygcgpt.com/#/biddingdetails?annId=2042057568751280128
依法,山西蓝焰煤层气集团有限责任公司2026年外部区块煤层气井井场及井场道路工程中标候选人公示,房屋建筑,常规招标,,2026-04-09 10:00:00 至 2026-04-13 10:00:00,HXZB-GC20260309,001第一标段：河南汇亿建筑工程有限公司,001第一标段：投标报价：5031016.9元,山西蓝焰控股股份有限公司,,,,山西华新阳光科技咨询有限公司,太原市长治路345号东楼23层,张朝、闫潇腾,0351-2453225、2221733、2221755,2026-04-09 09:56:22,"华新阳光采购平台,中国招标投标公共服务平台,山西省招标投标协会/山西招标采购服务平台",https://www.ygcgpt.com/#/biddingdetails?annId=2042053807391727616
依法,山西华新城市燃气集团有限公司下属5家单位年度城市管网项目物资区域集采项目(003标段)重新二次招标中标候选人公示,能源电力,重新二次招标,,2026-04-09 10:00:00 至 2026-04-13 10:00:00,HXZB-HW20251215,003第三标段：河北圣天管件集团有限公司,003第三标段：A项物资报价：2094772元；B项物资报价：506307.8元,清徐县凯通天然气有限公司,,,,山西华新阳光科技咨询有限公司,太原市长治路345号东楼23层,张绒、李志起,0351-2453225、2221733、2221755,2026-04-09 09:56:20,"华新阳光采购平台,中国招标投标公共服务平台,山西省招标投标协会/山西招标采购服务平台",https://www.ygcgpt.com/#/biddingdetails?annId=2042048643297533952
依法,山西压缩天然气集团晋东有限公司2026年度PE管材管件、钢制管材管件物资采购中标候选人公示,能源电力,常规招标,,2026-04-09 10:00:00 至 2026-04-13 10:00:00,HXZB-HW20260311,"001第一标段：太原市杰森实业有限公司
002第二标段：福建博格森阀门有限公司","001第一标段：投标报价：71398.23元
002第二标段：投标报价：90000元",山西压缩天然气集团晋东有限公司,,,,山西华新阳光科技咨询有限公司,太原市长治路345号东楼23层,张绒、李志起,0351-2453225、2221733、2221755,2026-04-09 09:54:09,"华新阳光采购平台,中国招标投标公共服务平台,山西省招标投标协会/山西招标采购服务平台",https://www.ygcgpt.com/#/biddingdetails?annId=2042043027480993792
依法,"太原天然气有限公司太原市市政道路老旧燃气管网及燃气管道系统安全治理工程(一期)及燃气管网生命线安全工程（一期）项目智能化设备采购(001,002,005,006标段)中标候选人公示",能源电力,常规招标,,2026-04-07 10:00:00 至 2026-04-10 10:00:00,HXZB-HW20260309,"001第一标段：安徽中科华仪科技有限公司
002第二标段：上海波汇科技有限公司
005第五标段：郑州如阳科技有限公司
006第六标段：山东斯诺电子有限公司","001第一标段：投标报价：576000元
002第二标段：投标报价：3860200元
005第五标段：投标报价：2100000元
006第六标段：投标报价：180000元",太原天然气有限公司,,,,山西华新阳光科技咨询有限公司,太原市长治路345号东楼23层,李晓辉、张朝、闫潇腾,0351-2453225、2221733、2221755,2026-04-07 09:23:33,"华新阳光采购平台,山西省招标投标公共服务平台,中国招标投标公共服务平台",https://www.ygcgpt.com/#/biddingdetails?annId=2041323821638733824
依法,太原天然气有限公司太原市市政道路老旧燃气管网及燃气管道系统安全治理工程(一期)东安路、惠民北巷等27条市政道路老旧燃气管线更新改造工程中标候选人公示,能源电力,常规招标,,2026-04-03 10:00:00 至 2026-04-09 10:00:00,HXZB-GC20260310,"001第一标段：太原市煤气安装工程有限公司
002第二标段：山西国然建设工程有限公司
003第三标段：山西佰亿达建筑工程有限公司","001第一标段：投标报价：3145846.25元
002第二标段：投标报价：2109340.98元
003第三标段：投标报价：2001524.96元",太原天然气有限公司,,,,山西华新阳光科技咨询有限公司,太原市长治路345号东楼23层,李晓辉、张朝、闫潇腾,0351-2453225、2221733、2221755,2026-04-03 09:53:47,"华新阳光采购平台,山西省招标投标公共服务平台,中国招标投标公共服务平台",https://www.ygcgpt.com/#/biddingdetails?annId=2039882669832130560
依法,山西天然气有限公司流量计检测辅助装置项目设备采购(002标段)中标候选人公示,能源电力,常规招标,,2026-03-30 10:00:00 至 2026-04-02 10:00:00,HXZB-HW20260212,002第二标段：重庆界石仪表有限公司,002第二标段：投标报价：460000元,山西天然气有限公司,,,,山西华新阳光科技咨询有限公司,太原市长治路345号东楼23层,李晓辉、张朝、闫潇腾,0351-2453225、2221733、2221755,2026-03-30 09:20:29,"华新阳光采购平台,中国招标投标公共服务平台,山西省招标投标协会/山西招标采购服务平台",https://www.ygcgpt.com/#/biddingdetails?annId=2038423513359044608
依法,山西华新中昊盛天然气有限公司、临汾市华新城市燃气有限公司年度城网物资区域集采项目(001标段)二次重新招标中标候选人公示,能源电力,二次重新招标,,2026-03-26 10:00:00 至 2026-03-30 10:00:00,HXZB-HW20251223,001第一标段：重庆界石仪表有限公司,001第一标段：投标报价：106500元,山西华新中昊盛天然气有限公司,,,,山西华新阳光科技咨询有限公司,太原市长治路345号东楼23层,张绒、李志起,0351-2453225、2221733、2221755,2026-03-26 09:43:11,"华新阳光采购平台,中国招标投标公共服务平台,山西省招标投标协会/山西招标采购服务平台",https://www.ygcgpt.com/#/biddingdetails?annId=2036981248228970496
依法,"山西铭石煤层气利用股份有限公司、运城市华新城市燃气有限公司年度城网及零星维修工程B类物资、PE管材管件集中采购(001,002,003,004标段)中标候选人公示",能源电力,常规招标,,2026-03-26 10:00:00 至 2026-03-30 17:30:00,HXZB-HW20260301,"001第一标段：河北天隆管道设备有限公司
002第二标段：自贡自高阀门有限公司
003第三标段：四川岷河管道建设工程有限公司
004第四标段：山西佰毅新能源有限公司","001第一标段：投标报价：4798226元
002第二标段：投标报价：1177959.50元
003第三标段：投标报价：332368.31元
004第四标段：投标报价：1996101.8元",山西铭石煤层气利用股份有限公司,,,,山西华新阳光科技咨询有限公司,太原市长治路345号东楼23层,张朝、闫潇腾,0351-2453225、2221733、2221755,2026-03-26 09:41:00,"华新阳光采购平台,中国招标投标公共服务平台,山西省招标投标协会/山西招标采购服务平台",https://www.ygcgpt.com/#/biddingdetails?annId=2036978652051263488
依法,太原天然气有限公司太原市2026年住宅小区居民共有老旧庭院燃气管网及户内立管更新改造工程设计服务中标候选人公示,能源电力,常规招标,,2026-03-24 10:00:00 至 2026-03-27 10:00:00,HXZB-FW20260301,001第一标段：山西省燃气规划设计研究院有限责任公司,001第一标段：投标报价：参照《工程勘察设计收费标准（2002年修订本）》文件规定计费标准的65%计取,太原天然气有限公司,,,,山西华新阳光科技咨询有限公司,太原市长治路345号东楼23层,李晓辉、张朝、闫潇腾,0351-2453225、2221733、2221755,2026-03-24 09:10:53,"华新阳光采购平台,山西省招标投标公共服务平台,中国招标投标公共服务平台",https://www.ygcgpt.com/#/biddingdetails?annId=2036244667398475776
依法,太原华新液化天然气有限公司冷却器加工服务中标候选人公示,房屋建筑,常规招标,,2026-03-20 10:00:00 至 2026-03-24 10:00:00,HXZB-FW20260226,001第一标段：山东捷盛化工设备有限公司,001第一标段：投标报价：699000元,太原华新液化天然气有限公司,,,,山西华新阳光科技咨询有限公司,太原市长治路345号东楼23层,王挺、周文博,0351-2453225、2221733、2221755,2026-03-20 09:35:35,"华新阳光采购平台,中国招标投标公共服务平台,山西省招标投标协会/山西招标采购服务平台",https://www.ygcgpt.com/#/biddingdetails?annId=2034803920010858496
依法,太原煤炭气化（集团）晋中燃气有限公司等六家公司年度民用户及工、营、福燃气安装及改造工程配套物资采购B类物资、PE管材、管件及阀门区域集采(005标段)二次招标中标候选人公示,房屋建筑,二次招标,,2026-03-19 10:00:00 至 2026-03-23 10:00:00,HXZB-HW20260206,005第五标段：江特科技股份有限公司,005第五标段：投标报价：2936987.83元,太原煤炭气化（集团）晋中燃气有限公司,,,,山西华新阳光科技咨询有限公司,太原市长治路345号东楼23层,张绒、李志起,0351-2453225、2221733、2221755,2026-03-19 09:20:04,"华新阳光采购平台,山西省招标投标协会/山西招标采购服务平台",https://www.ygcgpt.com/#/biddingdetails?annId=2034438802802593792
依法,山西华新煤成气勘查开发有限公司2026年榆社东区块煤层气测井技术服务中标候选人公示,房屋建筑,常规招标,,2026-03-13 10:00:00 至 2026-03-17 10:00:00,HXZB-FW20260129,001第一标段：河南省地质研究院,001第一标段：投标报价：4090000元,山西华新煤成气勘查开发有限公司,,,,山西华新阳光科技咨询有限公司,太原市长治路345号东楼23层,李晓辉、张朝、闫潇腾,0351-2453225、2221733、2221755,2026-03-13 09:11:01,"华新阳光采购平台,中国招标投标公共服务平台,山西省招标投标协会/山西招标采购服务平台",https://www.ygcgpt.com/#/biddingdetails?annId=2032260228179939328
依法,山西华新煤成气勘查开发有限公司2026年山西省榆社东区块煤层气勘查项目三维地震中标候选人公示,房屋建筑,常规招标,,2026-03-12 10:00:00 至 2026-03-16 10:00:00,HXZB-FW20260209,001第一标段：山西省煤炭地质物探测绘院有限公司,001第一标段：投标报价：24058500元,山西华新煤成气勘查开发有限公司,,,,山西华新阳光科技咨询有限公司,太原市长治路345号东楼23层,张朝、闫潇腾,0351-2453225、2221733、2221755,2026-03-12 09:30:03,"华新阳光采购平台,中国招标投标公共服务平台,山西省招标投标协会/山西招标采购服务平台",https://www.ygcgpt.com/#/biddingdetails?annId=2031904745241825280
依法,山西华新煤成气勘查开发有限公司2026年山西省榆社东区块煤层气勘探井钻压一体化工程中标候选人公示,能源电力,常规招标,,2026-03-11 15:00:00 至 2026-03-14 15:00:00,HXZB-GC20260205,"001第一标段：内蒙古煤勘集团钻探工程有限责任公司
002第二标段：中煤科工西安研究院（集团）有限公司
003第三标段：北京大地高科地质勘查有限公司","001第一标段：投标报价：31101687元
002第二标段：投标报价：27492800元
003第三标段：投标报价：29132800元",山西华新煤成气勘查开发有限公司,,,,山西华新阳光科技咨询有限公司,太原市长治路345号东楼23层,李晓辉、张朝、闫潇腾,0351-2453225、2221733、2221755,2026-03-11 14:31:23,"华新阳光采购平台,中国招标投标公共服务平台,山西省招标投标协会/山西招标采购服务平台",https://www.ygcgpt.com/#/biddingdetails?annId=2031542623873912832
依法,"太原煤炭气化（集团）晋中燃气有限公司等六家公司年度民用户及工、营、福燃气安装及改造工程配套物资采购B类物资、PE管材、管件及阀门区域集采(003,004标段)中标候选人公示",房屋建筑,常规招标,,2026-03-11 15:00:00 至 2026-03-14 15:00:00,HXZB-HW20260206,"003第三标段：交城县万和燃气管阀有限公司
004第四标段：温州鹏象管件有限公司","003第三标段：投标报价：876855.79元
004第四标段：投标报价：896631.78元",太原煤炭气化（集团）晋中燃气有限公司,,,,山西华新阳光科技咨询有限公司,太原市长治路345号东楼23层,张绒、李志起,0351-2453225、2221733、2221755,2026-03-11 14:29:13,"华新阳光采购平台,山西省招标投标协会/山西招标采购服务平台",https://www.ygcgpt.com/#/biddingdetails?annId=2031545846781300736
依法,太原煤炭气化（集团）晋中燃气有限公司、晋中市中心城区洁源天然气有限公司年度燃气工程无损检测中标候选人公示,房屋建筑,常规招标,,2026-03-10 10:00:00 至 2026-03-13 10:00:00,HXZB-FW20260205,001第一标段：山西通运检测技术服务有限公司,001第一标段：投标报价：109.3元,太原煤炭气化（集团）晋中燃气有限公司,,,,山西华新阳光科技咨询有限公司,太原市长治路345号东楼23层,张绒、李志起,0351-2453225、2221733、2221755,2026-03-10 09:38:36,"华新阳光采购平台,中国招标投标公共服务平台,山西省招标投标协会/山西招标采购服务平台",https://www.ygcgpt.com/#/biddingdetails?annId=2031181620489342976
依法,太原煤炭气化（集团）晋中燃气有限公司、晋中市中心城区洁源天然气有限公司年度民用户、工、营、福燃气安装工程施工及小型维抢修、燃气改造施工中标候选人公示,能源电力,常规招标,,2026-03-10 10:00:00 至 2026-03-13 10:00:00,HXZB-GC20260206,"001第一标段：山西德华建设工程有限公司
002第二标段：河南万佳建设工程有限公司","
",太原煤炭气化（集团）晋中燃气有限公司,,,,山西华新阳光科技咨询有限公司,太原市长治路345号东楼23层,张绒、李志起,0351-2453225、2221733、2221755,2026-03-10 09:36:26,"华新阳光采购平台,中国招标投标公共服务平台,山西省招标投标协会/山西招标采购服务平台",https://www.ygcgpt.com/#/biddingdetails?annId=2031178585734238208
依法,山西华新煤成气勘查开发有限公司2026年度榆社东区块煤层气勘探井套管采购中标候选人公示,房屋建筑,常规招标,,2026-03-09 10:00:00 至 2026-03-12 10:00:00,HXZB-HW20251226,001第一标段：林州凤宝管业有限公司,001第一标段：投标报价：9961000元,山西华新煤成气勘查开发有限公司,,,,山西华新阳光科技咨询有限公司,太原市长治路345号东楼23层,李晓辉、张朝、闫潇腾,0351-2453225、2221733、2221755,2026-03-09 09:23:06,"华新阳光采购平台,中国招标投标公共服务平台,山西省招标投标协会/山西招标采购服务平台",https://www.ygcgpt.com/#/biddingdetails?annId=2030813925604446208
依法,山西煤层气有限责任公司勘探开发分公司62口水平井射流泵维护中标候选人公示,能源电力,常规招标,,2026-03-06 10:30:00 至 2026-03-10 10:30:00,HXZB-FW20260126,001第一标段：中矿瑞杰(北京)科技有限公司,001第一标段：投标报价：1403122元,山西蓝焰控股股份有限公司,,,,山西华新阳光科技咨询有限公司,太原市长治路345号东楼23层,张朝、闫潇腾,0351-2453225、2221733、2221755,2026-03-06 10:27:50,"华新阳光采购平台,中国招标投标公共服务平台,山西省招标投标协会/山西招标采购服务平台",https://www.ygcgpt.com/#/biddingdetails?annId=2029744412054114304
依法,太原天然气有限公司2026年用户委托燃气工程薄壁不锈钢管及管件采购(001标段)重新招标中标候选人公示,能源电力,重新招标,,2026-03-06 10:30:00 至 2026-03-10 10:30:00,HXZB-HW20251112,001第一标段：浙江康帕斯流体技术股份有限公司,001第一标段：投标报价：3489999.70元,太原天然气有限公司,,,,山西华新阳光科技咨询有限公司,太原市长治路345号东楼23层,李晓辉、张朝、闫潇腾,0351-2453225、2221733、2221755,2026-03-06 10:25:41,"华新阳光采购平台,中国招标投标公共服务平台,山西省招标投标协会/山西招标采购服务平台",https://www.ygcgpt.com/#/biddingdetails?annId=2029740806148050944
依法,山西华新城市燃气集团有限公司维抢修大队维抢修设备更新项目(002标段)中标候选人公示,能源电力,常规招标,,2026-03-05 10:30:00 至 2026-03-09 10:30:00,HXZB-HW20260202,002第二标段：武汉咸亨国际能源科技有限公司,002第二标段：投标报价：2639600元,山西华新城市燃气集团有限公司,,,,山西华新阳光科技咨询有限公司,太原市长治路345号东楼23层,张绒、李志起,0351-2453225、2221733、2221755,2026-03-05 10:08:24,"华新阳光采购平台,中国招标投标公共服务平台,山西省招标投标协会/山西招标采购服务平台",https://www.ygcgpt.com/#/biddingdetails?annId=2029377959564005376
依法,山西华新煤成气勘查开发有限公司2026年度榆社东区块柴油采购中标候选人公示,房屋建筑,常规招标,,2026-03-05 10:00:00 至 2026-03-09 10:00:00,HXZB-HW20260123,001第一标段：沁水县郑村加油站,,山西华新煤成气勘查开发有限公司,,,,山西华新阳光科技咨询有限公司,太原市长治路345号东楼23层,李晓辉、张朝、闫潇腾,0351-2453225、2221733、2221755,2026-03-05 09:55:50,"华新阳光采购平台,中国招标投标公共服务平台,山西省招标投标协会/山西招标采购服务平台",https://www.ygcgpt.com/#/biddingdetails?annId=2029374921692532736
依法,山西天然气有限公司2026年度安全生产指挥中心屏幕系统及服务器、存储设备维保服务中标候选人公示,房屋建筑,常规招标,,2026-03-02 10:00:00 至 2026-03-05 10:00:00,HXZB-FW20260112,001第一标段：北京中亦安图科技股份有限公司,001第一标段：投标报价：1342200元,山西天然气有限公司,,,,山西华新阳光科技咨询有限公司,太原市长治路345号东楼23层,李晓辉、张朝、闫潇腾,0351-2453225、2221733、2221755,2026-03-02 09:19:32,"华新阳光采购平台,山西省招标投标协会/山西招标采购服务平台",https://www.ygcgpt.com/#/biddingdetails?annId=2028278347860135936
依法,山西国新和盛新能源有限公司20万吨/年碳四深加工项目设计诊断中标候选人公示,房屋建筑,常规招标,,2026-02-28 10:00:00 至 2026-03-04 10:00:00,HXZB-FW20260130,001第一标段：山东中天科技工程有限公司,001第一标段：投标报价：396000元,山西国新和盛新能源有限公司,,,,山西华新阳光科技咨询有限公司,太原市长治路345号东楼23层,张朝、闫潇腾,0351-2453225、2221733、2221755,2026-02-28 08:57:15,"华新阳光采购平台,中国招标投标公共服务平台,山西省招标投标协会/山西招标采购服务平台",https://www.ygcgpt.com/#/biddingdetails?annId=2027547394749616128
依法,山西铭石煤层气利用股份有限公司生产物资（含加臭剂）采购中标候选人公示,能源电力,常规招标,,2026-02-27 10:00:00 至 2026-03-03 10:00:00,HXZB-HW20260106,"001第一标段：河北卓世腾新材料科技有限公司
002第二标段：广东智燃能源科技有限公司
003第三标段：山西晋深能源装备有限公司
004第四标段：山西艾尔普斯机械设备有限公司","001第一标段：投标报价：2648592.25元
002第二标段：投标报价：1924560元
003第三标段：投标报价：640872.8元
004第四标段：投标报价：549987元",山西铭石煤层气利用股份有限公司,,,,山西华新阳光科技咨询有限公司,太原市长治路345号东楼23层,李晓辉、张朝、闫潇腾,0351-2453225、2221733、2221755,2026-02-27 09:11:32,"华新阳光采购平台,中国招标投标公共服务平台,山西省招标投标协会/山西招标采购服务平台",https://www.ygcgpt.com/#/biddingdetails?annId=2027189346432569344
依法,山西华新物业服务有限公司2026年第一批后勤保障服务项目(002标段)中标候选人公示,能源电力,常规招标,,2026-02-25 15:00:00 至 2026-02-28 15:00:00,HXZB-FW20260128,002第二标段：山西前唐餐饮管理有限公司,002第二标段：职工餐饮服务费总报价：192835.20元；食材供应费总报价：23元/人次·天,山西华新物业服务有限公司,,,,山西华新阳光科技咨询有限公司,太原市长治路345号东楼23层,王挺、周文博,0351-2453225、2221733、2221755,2026-02-25 14:51:52,"华新阳光采购平台,中国招标投标公共服务平台,山西省招标投标协会/山西招标采购服务平台",https://www.ygcgpt.com/#/biddingdetails?annId=2026549594297585664
依法,山西华新城市燃气集团有限公司下属5家单位年度城市管网项目物资区域集采项目(006标段)重新招标中标候选人公示,能源电力,重新招标,,2026-02-11 10:00:00 至 2026-02-14 10:00:00,HXZB-HW20251215,006第六标段：上高集团股份有限公司,006第六标段：投标报价：795898.8元,清徐县凯通天然气有限公司,,,,山西华新阳光科技咨询有限公司,太原市长治路345号东楼23层,张绒、李志起,0351-2453225、2221733、2221755,2026-02-11 09:16:27,"华新阳光采购平台,中国招标投标公共服务平台,山西省招标投标协会/山西招标采购服务平台",https://www.ygcgpt.com/#/biddingdetails?annId=2021392211111936000
依法,山西蓝焰煤层气集团有限责任公司“数智强晋”钻井工程指挥中心（平台）采购中标候选人公示,能源电力,常规招标,,2026-02-04 10:30:00 至 2026-02-07 10:30:00,HXZB-HW20260101,001第一标段：西安石文软件有限公司,001第一标段：投标报价：2089000元,山西蓝焰控股股份有限公司,,,,山西华新阳光科技咨询有限公司,太原市长治路345号东楼23层,张朝、闫潇腾,0351-2453225、2221733、2221755,2026-02-04 10:13:36,"华新阳光采购平台,中国招标投标公共服务平台,山西省招标投标协会/山西招标采购服务平台",https://www.ygcgpt.com/#/biddingdetails?annId=2018868417839333376
依法,"山西蓝焰控股股份有限公司所属子分公司职工食堂托管(005,006标段)重新招标中标候选人公示",能源电力,重新招标,,2026-02-04 10:00:00 至 2026-02-07 10:00:00,HXZB-FW20251206,"005第五标段：山西五誉得餐饮文化管理有限公司
006第六标段：山西前唐餐饮管理有限公司","005第五标段：投标报价：616284元/年
006第六标段：投标报价：497415.60元/年",山西蓝焰控股股份有限公司,,,,山西华新阳光科技咨询有限公司,太原市长治路345号东楼23层,张朝、闫潇腾,0351-2453225、2221733、2221755,2026-02-04 09:57:25,"华新阳光采购平台,中国招标投标公共服务平台,山西省招标投标协会/山西招标采购服务平台",https://www.ygcgpt.com/#/biddingdetails?annId=2018865136341712896
依法,山西蓝焰煤层气集团有限责任公司2026年沁水区块管网保运服务中标候选人公示,能源电力,常规招标,,2026-02-04 10:00:00 至 2026-02-07 10:00:00,HXZB-FW20260101,001第一标段：山西晨光物流有限公司,001第一标段：投标报价：2418496元,山西蓝焰控股股份有限公司,,,,山西华新阳光科技咨询有限公司,太原市长治路345号东楼23层,张朝、闫潇腾,0351-2453225、2221733、2221755,2026-02-04 09:55:13,"华新阳光采购平台,中国招标投标公共服务平台,山西省招标投标协会/山西招标采购服务平台",https://www.ygcgpt.com/#/biddingdetails?annId=2018862432492027904
依法,太原天然气有限公司2026年四氢噻吩（加臭剂）采购中标候选人公示,能源电力,常规招标,,2026-02-02 10:00:00 至 2026-02-05 10:00:00,HXZB-HW20251230,001第一标段：北京瑞驰商贸有限责任公司,001第一标段：投标报价：2394000元,太原天然气有限公司,,,,山西华新阳光科技咨询有限公司,太原市长治路345号东楼23层,李晓辉、张朝、闫潇腾,0351-2453225、2221733、2221755,2026-02-02 09:12:01,"华新阳光采购平台,中国招标投标公共服务平台,山西省招标投标协会/山西招标采购服务平台",https://www.ygcgpt.com/#/biddingdetails?annId=2018127731359842304
依法,"山西燃气集团有限公司下属单位公务用车购置(001,004标段)三次招标中标候选人公示",能源电力,三次招标,,2026-01-29 10:00:00 至 2026-02-02 10:00:00,HXZB-HW20250903,"001第一标段：安庆市同博科技开发有限责任公司
004第四标段：临汾市启瑞达汽车销售服务有限公司","001第一标段：投标报价：1187400元
004第四标段：投标报价：517300元",山西燃气集团有限公司,,,,山西华新阳光科技咨询有限公司,太原市长治路345号东楼23层,李晓辉、张朝、闫潇腾,0351-2453225、2221733、2221755,2026-01-29 09:23:04,"华新阳光采购平台,中国招标投标公共服务平台,山西省招标投标协会/山西招标采购服务平台",https://www.ygcgpt.com/#/biddingdetails?annId=2016679665419255808
依法,"山西燃气集团有限公司下属单位公务用车购置(002,003标段)四次招标中标候选人公示",能源电力,四次招标,,2026-01-29 10:00:00 至 2026-02-02 10:00:00,HXZB-HW20250903,"002第二标段：山西欣昌林汽车服务有限公司
003第三标段：晋城市华洋亚飞汽车连锁销售有限公司","002第二标段：投标报价：920500元
003第三标段：投标报价：591500元",山西燃气集团有限公司,,,,山西华新阳光科技咨询有限公司,太原市长治路345号东楼23层,李晓辉、张朝、闫潇腾,0351-2453225、2221733、2221755,2026-01-29 09:20:37,"华新阳光采购平台,中国招标投标公共服务平台,山西省招标投标协会/山西招标采购服务平台",https://www.ygcgpt.com/#/biddingdetails?annId=2016679852623626240
依法,山西蓝焰煤层气集团有限责任公司郑庄区块阳城片区与蓝焰公司合作区煤层气试采项目（侯甲龙湾合作区东南部煤层气开发项目）管网集输工程中标候选人公示,能源电力,常规招标,,2026-01-28 10:00:00 至 2026-01-31 10:00:00,HXZB-GC20260101,001第一标段：中油石化建设工程有限公司,001第一标段：投标报价：11198642.49元,山西蓝焰控股股份有限公司,,,,山西华新阳光科技咨询有限公司,太原市长治路345号东楼23层,张朝、闫潇腾,0351-2453225、2221733、2221755,2026-01-28 09:33:04,"华新阳光采购平台,山西省招标投标公共服务平台,中国招标投标公共服务平台",https://www.ygcgpt.com/#/biddingdetails?annId=2016313727796740096
依法,临汾市华新城市燃气有限公司曲沃县年度城网入户安装及零星维修工程中标候选人公示,能源电力,常规招标,,2026-01-23 10:30:00 至 2026-01-27 10:30:00,HXZB-GC20251224,001第一标段：中振建设有限公司,001第一标段：城网及入户安装施工投标报价：157501.56元；零星维修项目工程投标报价：691789.75,临汾市华新城市燃气有限公司,,,,山西华新阳光科技咨询有限公司,太原市长治路345号东楼23层,张绒、李志起,0351-2453225、2221733、2221755,2026-01-23 10:09:10,"华新阳光采购平台,中国招标投标公共服务平台,山西省招标投标协会/山西招标采购服务平台",https://www.ygcgpt.com/#/biddingdetails?annId=2014519889981702144
依法,山西铭石煤层气利用股份有限公司高庄站、成庄站压力容器更新采购中标候选人公示,能源电力,常规招标,,2026-01-23 10:00:00 至 2026-01-27 10:00:00,HXZB-HW20251216,001第一标段：河北瑞星燃气设备股份有限公司,001第一标段：投标报价：1545000元,山西铭石煤层气利用股份有限公司,,,,山西华新阳光科技咨询有限公司,太原市长治路345号东楼23层,张朝、闫潇腾,0351-2453225、2221733、2221755,2026-01-23 09:55:26,"华新阳光采购平台,中国招标投标公共服务平台,山西省招标投标协会/山西招标采购服务平台",https://www.ygcgpt.com/#/biddingdetails?annId=2014515913387245568
依法,山西临县国新燃气有限公司年度城网、入户安装施工及零星维修施工中标候选人公示,能源电力,常规招标,,2026-01-22 10:00:00 至 2026-01-26 10:00:00,HXZB-GC20251225,001第一标段：山西中泓建筑工程有限公司,001第一标段：城网及入户安装施工投标报价：151065.53元；零星维修项目工程投标报价：2319251.26元,山西临县国新燃气有限公司,,,,山西华新阳光科技咨询有限公司,太原市长治路345号东楼23层,张绒、李志起,0351-2453225、2221733、2221755,2026-01-22 09:51:11,"华新阳光采购平台,中国招标投标公共服务平台,山西省招标投标协会/山西招标采购服务平台",https://www.ygcgpt.com/#/biddingdetails?annId=2014146938547568640
依法,"山西华新中昊盛天然气有限公司、临汾市华新城市燃气有限公司年度城网物资区域集采项目(002,003,004,005,006,007标段)中标候选人公示",能源电力,常规招标,,2026-01-22 10:00:00 至 2026-01-26 10:00:00,HXZB-HW20251223,"002第二标段：宁波市安邦管业有限公司
003第三标段：浙江康帕斯流体技术股份有限公司
004第四标段：山西安赛科安全技术有限公司
005第五标段：山西佰毅新能源有限公司
006第六标段：山西骄威新能源有限公司
007第七标段：天津满华管材有限公司","002第二标段：投标报价：263980元
003第三标段：A项物资报价：35851元；B项物资报价：168306.29元
004第四标段：投标报价：109968元
005第五标段：投标报价：188309.3元
006第六标段：A项物资报价：81380元；B项物资报价：242908.7元
007第七标段：A项物资报价：1178469元；B项物资报价：615153.60元",山西华新中昊盛天然气有限公司,,,,山西华新阳光科技咨询有限公司,太原市长治路345号东楼23层,张绒、李志起,0351-2453225、2221733、2221755,2026-01-22 09:49:00,"华新阳光采购平台,中国招标投标公共服务平台,山西省招标投标协会/山西招标采购服务平台",https://www.ygcgpt.com/#/biddingdetails?annId=2014142649724928000
依法,山西华新科莱天然气有限公司2026年天然气利用工程报警器装置采购中标候选人公示,能源电力,常规招标,,2026-01-21 10:00:00 至 2026-01-24 10:00:00,HXZB-HW20251118,001第一标段：济南蓝信电子设备有限公司,001第一标段：投标报价：722761元,山西华新科莱天然气有限公司,,,,山西华新阳光科技咨询有限公司,太原市长治路345号东楼23层,李晓辉、张朝、闫潇腾,0351-2453225、2221733、2221755,2026-01-21 08:38:15,"华新阳光采购平台,中国招标投标公共服务平台,山西省招标投标协会/山西招标采购服务平台",https://www.ygcgpt.com/#/biddingdetails?annId=2013771315790577664
依法,山西燃气产业集团有限公司神原五分公司2026年度长输天然气管线、站场和阀室维护工程中标候选人公示,能源电力,常规招标,,2026-01-16 10:00:00 至 2026-01-20 10:00:00,HXZB-GC20251222,"001第一标段：山西沪晋市政工程有限公司
002第二标段：山东长龙三辉建设工程有限公司","001第一标段：投标报价：37979.92元
002第二标段：投标报价：37182.07元",山西燃气产业集团有限公司神原五分公司,,,,山西华新阳光科技咨询有限公司,太原市长治路345号东楼23层,王挺、周文博,0351-2453225、2221733、2221755,2026-01-16 09:46:46,"华新阳光采购平台,中国招标投标公共服务平台,山西省招标投标协会/山西招标采购服务平台",https://www.ygcgpt.com/#/biddingdetails?annId=2011968337916035072
依法,山西沁盛煤层气作业有限责任公司连续油管底封拖动、定向射孔技术服务项目中标候选人公示,能源电力,常规招标,,2026-01-09 10:00:00 至 2026-01-13 10:00:00,HXZB-FW20251209,001第一标段：杰瑞能源服务有限公司,001第一标段：投标报价：2184000元,山西蓝焰控股股份有限公司,,,,山西华新阳光科技咨询有限公司,太原市长治路345号东楼23层,张朝、闫潇腾,0351-2453225、2221733、2221755,2026-01-09 09:50:58,"华新阳光采购平台,中国招标投标公共服务平台,山西省招标投标协会/山西招标采购服务平台",https://www.ygcgpt.com/#/biddingdetails?annId=2009441132946227200
依法,山西综改示范区燃气有限公司潇河产业园区太原起步区天然气利用工程项目年度施工和生产类小修项目施工中标候选人公示,能源电力,常规招标,,2026-01-09 10:00:00 至 2026-01-13 10:00:00,HXZB-GC20251215,001第一标段：山西沪晋市政工程有限公司,001第一标段：生产类小修项目报价：487664.13元,山西综改示范区燃气有限公司,,,,山西华新阳光科技咨询有限公司,太原市长治路345号东楼23层,王挺、周文博,0351-2453225、2221733、2221755,2026-01-09 09:50:56,"华新阳光采购平台,中国招标投标公共服务平台,山西省招标投标协会/山西招标采购服务平台",https://www.ygcgpt.com/#/biddingdetails?annId=2009439249850531840
依法,山西沁盛煤层气作业有限责任公司大排量压裂设备租赁服务中标候选人公示,能源电力,常规招标,,2026-01-09 10:00:00 至 2026-01-13 10:00:00,HXZB-FW20251208,"001第一标段：陕西博达石油工程技术服务有限公司
002第二标段：延安地丰石油工程技术服务有限公司","001第一标段：投标报价：6510430元
002第二标段：投标报价：5817866元",山西蓝焰控股股份有限公司,,,,山西华新阳光科技咨询有限公司,太原市长治路345号东楼23层,张朝、闫潇腾,0351-2453225、2221733、2221755,2026-01-09 09:48:44,"华新阳光采购平台,中国招标投标公共服务平台,山西省招标投标协会/山西招标采购服务平台",https://www.ygcgpt.com/#/biddingdetails?annId=2009436722522324992
依法,"山西蓝焰控股股份有限公司所属子分公司职工食堂托管(001,002,003,004标段)中标候选人公示",能源电力,常规招标,,2026-01-08 10:00:00 至 2026-01-12 10:00:00,HXZB-FW20251206,"001第一标段：晋城市凯撒酒店管理有限公司
002第二标段：晋城市兴润商贸有限公司
003第三标段：华品餐饮管理（山西）有限公司
004第四标段：山西晋煤集团白马绿苑餐饮管理有限公司","001第一标段：投标报价：3580000元/年
002第二标段：投标报价：2275360.74元/年
003第三标段：投标报价：1050672元/年
004第四标段：投标报价：661270.4元/年",山西蓝焰控股股份有限公司,,,,山西华新阳光科技咨询有限公司,太原市长治路345号东楼23层,张朝、闫潇腾,0351-2453225、2221733、2221755,2026-01-08 09:54:51,"华新阳光采购平台,中国招标投标公共服务平台,山西省招标投标协会/山西招标采购服务平台",https://www.ygcgpt.com/#/biddingdetails?annId=2009078100520960000
依法,山西国新液化煤层气有限公司定量装车撬采购中标候选人公示,能源电力,常规招标,,2026-01-08 10:00:00 至 2026-01-12 10:00:00,HXZB-HW20251110,001第一标段：山西斯贝克智能科技股份有限公司,001第一标段：投标报价：1158000元,山西国新液化煤层气有限公司,,,,山西华新阳光科技咨询有限公司,太原市长治路345号东楼23层,李晓辉、张朝、闫潇腾,0351-2453225、2221733、2221755,2026-01-08 09:52:36,"华新阳光采购平台,中国招标投标公共服务平台,山西省招标投标协会/山西招标采购服务平台",https://www.ygcgpt.com/#/biddingdetails?annId=2009069736701296640
依法,山西蓝焰控股股份有限公司“数智强晋”安全双预控系统及气象预警模块软件开发项目中标候选人公示,房屋建筑,常规招标,,2026-01-08 10:00:00 至 2026-01-12 10:00:00,HXZB-FW20251205,001第一标段：山西智博天成科技有限公司,001第一标段：投标报价：1950000元,山西蓝焰控股股份有限公司,,,,山西华新阳光科技咨询有限公司,太原市长治路345号东楼23层,张朝、闫潇腾,0351-2453225、2221733、2221755,2026-01-08 09:48:54,"华新阳光采购平台,中国招标投标公共服务平台,山西省招标投标协会/山西招标采购服务平台",https://www.ygcgpt.com/#/biddingdetails?annId=2009071845811257344
依法,华新城市燃气吕梁有限公司2025-2026年度吕梁城燃庭院管网及入户安装工程施工和燃气管道线路维修维护中标候选人公示,能源电力,常规招标,,2026-01-08 10:00:00 至 2026-01-12 10:00:00,HXZB-GC20251214,001第一标段：中振建设有限公司,,华新城市燃气吕梁有限公司,,,,山西华新阳光科技咨询有限公司,太原市长治路345号东楼23层,张绒、李志起,0351-2453225、2221733、2221755,2026-01-08 09:46:13,"华新阳光采购平台,中国招标投标公共服务平台,山西省招标投标协会/山西招标采购服务平台",https://www.ygcgpt.com/#/biddingdetails?annId=2009067717907283968
依法,"山西华新城市燃气集团有限公司下属5家单位年度城市管网项目物资区域集采项目(004,005,007,008,009标段)中标候选人公示",能源电力,常规招标,,2026-01-07 10:00:00 至 2026-01-10 10:00:00,HXZB-HW20251215,"004第四标段：成都安可信电子股份有限公司
005第五标段：滨州正创电气有限公司
007第七标段：山西金顺旗贸易有限公司
008第八标段：温州鹏象管件有限公司
009第九标段：天津满华管材有限公司","004第四标段：投标报价：596968.83元
005第五标段：投标报价：958562.90元
007第七标段：A项物资报价：579924元；B项物资报价：269832.45元
008第八标段：A项物资报价：119477.10元；B项物资报价：124308.25元
009第九标段：A项物资报价：2254984.45元；B项物资报价：442023.24元",清徐县凯通天然气有限公司,,,,山西华新阳光科技咨询有限公司,太原市长治路345号东楼23层,张绒、李志起,0351-2453225、2221733、2221755,2026-01-07 09:58:41,"华新阳光采购平台,中国招标投标公共服务平台,山西省招标投标协会/山西招标采购服务平台",https://www.ygcgpt.com/#/biddingdetails?annId=2008717715221610496
依法,山西蓝焰煤层气集团有限责任公司和顺横岭区块煤层气勘查开发项目办理场站及井场设备用地征收及手续办理报批服务中标候选人公示,能源电力,常规招标,,2026-01-07 10:00:00 至 2026-01-10 10:00:00,HXZB-FW20251201,001第一标段：太原市泓达土地资源咨询服务有限公司,001第一标段：投标报价：1372000元,山西蓝焰控股股份有限公司,,,,山西华新阳光科技咨询有限公司,太原市长治路345号东楼23层,张朝、闫潇腾,0351-2453225、2221733、2221755,2026-01-07 09:58:36,"华新阳光采购平台,中国招标投标公共服务平台,山西省招标投标协会/山西招标采购服务平台",https://www.ygcgpt.com/#/biddingdetails?annId=2008711781317443584
依法,山西蓝焰煤层气集团有限责任公司“数智强晋”站控系统设备购置中标候选人公示,能源电力,常规招标,,2026-01-07 10:00:00 至 2026-01-10 10:00:00,HXZB-HW20251203,001第一标段：中控技术股份有限公司,001第一标段：投标报价：2489416元,山西蓝焰控股股份有限公司,,,,山西华新阳光科技咨询有限公司,太原市长治路345号东楼23层,张朝、闫潇腾,0351-2453225、2221733、2221755,2026-01-07 09:56:24,"华新阳光采购平台,中国招标投标公共服务平台,山西省招标投标协会/山西招标采购服务平台",https://www.ygcgpt.com/#/biddingdetails?annId=2008706541142769664
依法,太原燃气集团有限公司2026年城镇燃气供气及维抢修工程中标候选人公示,能源电力,常规招标,,2025-12-30 10:00:00 至 2026-01-05 10:00:00,HXZB-GC20251208,001第一标段：山东泰恒建设工程有限公司,001第一标段：投标报价：91626.09元,太原燃气集团有限公司,,,,山西华新阳光科技咨询有限公司,太原市长治路345号东楼23层,张绒、李志起,0351-2453225、2221733、2221755,2025-12-30 09:20:25,"华新阳光采购平台,中国招标投标公共服务平台,山西省招标投标协会/山西招标采购服务平台",https://www.ygcgpt.com/#/biddingdetails?annId=2005810250784014336
依法,华新城市燃气长治有限公司长治区域7家公司2025年度城网物资区域B类物资和PE管材管件集采项目(001标段)重新招标中标候选人公示,能源电力,重新招标,,2025-12-29 10:00:00 至 2026-01-04 10:00:00,HXZB-HW20251101,001第一标段：河北天隆管道设备有限公司,001第一标段：A项物资报价：998445.90元；B项物资报价：449907.30 元,华新城市燃气长治有限公司,,,,山西华新阳光科技咨询有限公司,太原市长治路345号东楼23层,张绒、李志起,0351-2453225、2221733、2221755,2025-12-29 09:14:10,"华新阳光采购平台,中国招标投标公共服务平台,山西省招标投标协会/山西招标采购服务平台",https://www.ygcgpt.com/#/biddingdetails?annId=2005446506551803904
依法,山西压缩天然气集团运城有限公司长输管道外检测服务中标候选人公示,能源电力,常规招标,,2025-12-26 10:00:00 至 2025-12-30 10:00:00,HXZB-FW20251203,001第一标段：山西华羽盛泰科技有限公司,001第一标段：投标报价：428518.80元,山西压缩天然气集团运城有限公司,,,,山西华新阳光科技咨询有限公司,太原市长治路345号东楼23层,张绒、李志起,0351-2453225、2221733、2221755,2025-12-26 09:54:14,"华新阳光采购平台,中国招标投标公共服务平台,山西省招标投标协会/山西招标采购服务平台",https://www.ygcgpt.com/#/biddingdetails?annId=2004369634812321792
依法,晋中华新液化天然气有限公司胺液、活性炭采购项目中标候选人公示,能源电力,常规招标,,2025-12-25 10:00:00 至 2025-12-29 10:00:00,HXZB-HW20251201,001第一标段：淄博凯美可工贸有限公司,001第一标段：投标报价：633554元,晋中华新液化天然气有限公司,,,,山西华新阳光科技咨询有限公司,太原市长治路345号东楼23层,王挺、周文博,0351-2453225、2221733、2221755,2025-12-25 09:28:11,"华新阳光采购平台,中国招标投标公共服务平台,山西省招标投标协会/山西招标采购服务平台",https://www.ygcgpt.com/#/biddingdetails?annId=2004000860762365952
依法,山西临县国新燃气有限公司光明增压站15万方压缩机维护保养及配套发动机大型检修重新招标中标候选人公示,能源电力,重新招标,,2025-12-24 12:00:00 至 2025-12-27 12:00:00,HXZB-FW20251106,"001第一标段：山西晋深能源装备有限公司
002第二标段：德美和能源设备商贸（上海）有限公司","001第一标段：投标报价：603914元
002第二标段：投标报价：687869.20元",山西临县国新燃气有限公司,,,,山西华新阳光科技咨询有限公司,太原市长治路345号东楼23层,张绒、李志起,0351-2453225、2221733、2221755,2025-12-24 11:16:46,"华新阳光采购平台,中国招标投标公共服务平台,山西省招标投标协会/山西招标采购服务平台",https://www.ygcgpt.com/#/biddingdetails?annId=2003656904308514816
依法,太原天然气有限公司2026年燃气管线抢修、切改线、维修、维护工程施工中标候选人公示,能源电力,常规招标,,2025-12-24 12:00:00 至 2025-12-27 12:00:00,HXZB-GC20251127,"001第一标段：太原安装工程集团有限公司
002第二标段：山东广帮建筑安装有限公司
003第三标段：山东卓越建设发展有限公司
004第四标段：山西佰亿达建筑工程有限公司
005第五标段：沃达建设集团有限公司
006第六标段：山东泰银建设有限公司","001第一标段：投标报价：41500.55元
002第二标段：投标报价：42893.60元
003第三标段：投标报价：42057.39元
004第四标段：投标报价：42585.30元
005第五标段：投标报价：43450.06元
006第六标段：投标报价：42670.25元",太原天然气有限公司,,,,山西华新阳光科技咨询有限公司,太原市长治路345号东楼23层,李晓辉、张朝、闫潇腾,0351-2453225、2221733、2221755,2025-12-24 11:16:41,"华新阳光采购平台,中国招标投标公共服务平台,山西省招标投标协会/山西招标采购服务平台",https://www.ygcgpt.com/#/biddingdetails?annId=2003654448375750656
依法,忻州长峰燃气有限公司2025-2026年五台县燃气利用项目工程施工中标候选人公示,能源电力,常规招标,,2025-12-24 11:00:00 至 2025-12-27 11:00:00,HXZB-GC20251201,001第一标段：山东富泰建设工程有限公司,001第一标段：投标报价：13111.62元,忻州长峰燃气有限公司,,,,山西华新阳光科技咨询有限公司,太原市长治路345号东楼23层,王挺、周文博,0351-2453225、2221733、2221755,2025-12-24 10:46:00,"华新阳光采购平台,中国招标投标公共服务平台,山西省招标投标协会/山西招标采购服务平台",https://www.ygcgpt.com/#/biddingdetails?annId=2003649406163836928
依法,山西华新科莱天然气有限公司2025-2026年度天然气利用工程材料采购(005标段)二次重新招标中标候选人公示,能源电力,二次重新招标,,2025-12-22 10:00:00 至 2025-12-25 10:00:00,HXZB-HW20251001,005第五标段：山西德众翔科技有限公司,005第五标段：投标报价：459150元,山西华新科莱天然气有限公司,,,,山西华新阳光科技咨询有限公司,太原市长治路345号东楼23层,李晓辉、张朝、闫潇腾,0351-2453225、2221733、2221755,2025-12-22 09:34:40,"华新阳光采购平台,中国招标投标公共服务平台,山西省招标投标协会/山西招标采购服务平台",https://www.ygcgpt.com/#/biddingdetails?annId=2002914998230278144
依法,华新燃气集团有限公司国产化服务器采购中标候选人公示,能源电力,常规招标,,2025-12-17 10:00:00 至 2025-12-20 10:00:00,HXZB-HW20251120,001第一标段：太极计算机股份有限公司,001第一标段：投标报价：7377390元,华新燃气集团有限公司,,,,山西华新阳光科技咨询有限公司,太原市长治路345号东楼23层,王挺、周文博,0351-2453225、2221733、2221755,2025-12-17 09:21:19,"华新阳光采购平台,中国招标投标公共服务平台,山西省招标投标协会/山西招标采购服务平台",https://www.ygcgpt.com/#/biddingdetails?annId=2001099569765638144
依法,山西天然气有限公司公务用车购置二次招标中标候选人公示,能源电力,二次招标,,2025-12-12 10:00:00 至 2025-12-16 10:00:00,HXZB-HW20250915,001第一标段：山西欣昌林汽车服务有限公司,001第一标段：投标报价：2320800元,山西天然气有限公司,,,,山西华新阳光科技咨询有限公司,太原市长治路345号东楼23层,李晓辉、张朝、闫潇腾,0351-2453225、2221733、2221755,2025-12-12 09:16:18,"华新阳光采购平台,中国招标投标公共服务平台,山西省招标投标协会/山西招标采购服务平台",https://www.ygcgpt.com/#/biddingdetails?annId=1999285577518768128
依法,晋城市诚安物流有限公司吊装及运输设备租赁中标候选人公示,能源电力,常规招标,,2025-12-10 10:00:00 至 2025-12-13 10:00:00,HXZB-FW20251105,001第一标段：沁水县凯鹏工贸有限公司,001第一标段：投标报价：2898000元,山西蓝焰控股股份有限公司,,,,山西华新阳光科技咨询有限公司,太原市长治路345号东楼23层,张朝、闫潇腾,0351-2453225、2221733、2221755,2025-12-10 09:24:34,"华新阳光采购平台,中国招标投标公共服务平台,山西省招标投标协会/山西招标采购服务平台",https://www.ygcgpt.com/#/biddingdetails?annId=1998562870686736384
依法,太原天然气有限公司2026年用户委托燃气工程薄壁不锈钢管及管件采购中标候选人公示,能源电力,常规招标,,2025-12-10 10:00:00 至 2025-12-13 10:00:00,HXZB-HW20251112,"001第一标段：成都共同管业集团股份有限公司
002第二标段：维格斯（上海）流体技术有限公司","001第一标段：投标报价：4399786.20元
002第二标段：投标报价：3072118元",太原天然气有限公司,,,,山西华新阳光科技咨询有限公司,太原市长治路345号东楼23层,李晓辉、张朝、闫潇腾,0351-2453225、2221733、2221755,2025-12-10 09:24:28,"华新阳光采购平台,中国招标投标公共服务平台,山西省招标投标协会/山西招标采购服务平台",https://www.ygcgpt.com/#/biddingdetails?annId=1998560609147379712
依法,"华新城市燃气长治有限公司长治区域7家公司2025年度城网物资区域B类物资和PE管材管件集采项目(002,003,004,005,006标段)中标候选人公示",能源电力,常规招标,,2025-12-03 10:00:00 至 2025-12-06 10:00:00,HXZB-HW20251101,"002第二标段：山西佰毅新能源有限公司
003第三标段：上高集团股份有限公司
004第四标段：深圳市众安腾达科技有限公司
005第五标段：浙江康帕斯流体技术股份有限公司
006第六标段：江特科技股份有限公司","002第二标段：A项物资报价：209998.5元；B项物资报价：356093.3元
003第三标段：投标报价：718319元
004第四标段：投标报价：912816.8元
005第五标段：A项物资报价：183429.8元；B项物资报价：295320.57元
006第六标段：A项物资报价：3809256.24元；B项物资报价：603753.64元",华新城市燃气长治有限公司,,,,山西华新阳光科技咨询有限公司,太原市长治路345号东楼23层,张绒、李志起,0351-2453225、2221733、2221755,2025-12-03 09:46:42,"华新阳光采购平台,中国招标投标公共服务平台,山西省招标投标协会/山西招标采购服务平台",https://www.ygcgpt.com/#/biddingdetails?annId=1996031964071682048
依法,山西国化能源有限责任公司2025年度站场土建设施日常维修工程施工中标候选人公示,能源电力,常规招标,,2025-12-03 10:00:00 至 2025-12-06 10:00:00,HXZB-GC20251104,"001第一标段：无棣县汇滨建筑工程有限公司
002第二标段：筑龙建设工程有限公司
003第三标段：山西浩丰程建筑工程有限公司","001第一标段：投标报价：147622.78元
002第二标段：投标报价：144751.43元
003第三标段：投标报价：147698.27元",山西国化能源有限责任公司,,,,山西华新阳光科技咨询有限公司,太原市长治路345号东楼23层,张绒、李志起,0351-2453225、2221733、2221755,2025-12-03 09:46:35,"华新阳光采购平台,中国招标投标公共服务平台,山西省招标投标协会/山西招标采购服务平台",https://www.ygcgpt.com/#/biddingdetails?annId=1996026803588784128
依法,华新燃气集团有限公司2025年国产计算机采购中标候选人公示,能源电力,常规招标,,2025-12-02 10:00:00 至 2025-12-05 10:00:00,HXZB-HW20251107,"001第一标段：山西建投云数智科技有限公司
002第二标段：山西云时代鲲鹏生态创新中心有限公司
003第三标段：山西省邮电建设工程有限公司","001第一标段：通用台式计算机（配置一）含税报价：6299元/台；通用便携式计算机（配置二）含税报价：7800元/台
002第二标段：通用台式计算机（配置三）含税报价：5730元/台
003第三标段：通用台式计算机（配置四）含税报价：5710元/台；通用便携式计算机（配置五）含税报价：7110元/台",华新燃气集团有限公司,,,,山西华新阳光科技咨询有限公司,太原市长治路345号东楼23层,王挺、周文博,0351-2453225、2221733、2221755,2025-12-02 09:41:52,"华新阳光采购平台,中国招标投标公共服务平台,山西省招标投标协会/山西招标采购服务平台",https://www.ygcgpt.com/#/biddingdetails?annId=1995667075994050560
依法,山西燃气产业集团有限公司管道分公司2025-2026年度长输管线水害治理工程施工中标候选人公示,能源电力,常规招标,,2025-12-02 10:00:00 至 2025-12-05 10:00:00,HXZB-GC20251103,"001第一标段：山东长龙三辉建设工程有限公司
002第二标段：山西中泓建筑工程有限公司
003第三标段：山西德华建设工程有限公司
004第四标段：山西晋德盛世建筑工程有限公司
005第五标段：山东弘信安装有限公司
006第六标段：浩宸建设科技股份有限公司
007第七标段：山西宏悦建筑有限公司","001第一标段：投标报价：36515.01元
002第二标段：投标报价：37805.31元
003第三标段：投标报价：29764.34元
004第四标段：投标报价：35442.15元
005第五标段：投标报价：35012.3元
006第六标段：投标报价：35010.23元
007第七标段：投标报价：34798.04元",山西燃气产业集团有限公司管道分公司,,,,山西华新阳光科技咨询有限公司,太原市长治路345号东楼23层,张朝、闫潇腾,0351-2453225、2221733、2221755,2025-12-02 09:41:44,"华新阳光采购平台,中国招标投标公共服务平台,山西省招标投标协会/山西招标采购服务平台",https://www.ygcgpt.com/#/biddingdetails?annId=1995662661635891200
依法,太原天然气有限公司2026年用户委托工程灶具连接用不锈钢波纹软管采购中标候选人公示,能源电力,常规招标,,2025-12-01 10:00:00 至 2025-12-04 10:00:00,HXZB-HW20251106,001第一标段：交城县万和燃气管阀有限公司,001第一标段：投标报价：1690000元,太原天然气有限公司,,,,山西华新阳光科技咨询有限公司,太原市长治路345号东楼23层,李晓辉、张朝、闫潇腾,0351-2453225、2221733、2221755,2025-12-01 09:52:44,"华新阳光采购平台,中国招标投标公共服务平台,山西省招标投标协会/山西招标采购服务平台",https://www.ygcgpt.com/#/biddingdetails?annId=1995309474051612672
依法,山西华新中昊盛天然气有限公司2025年易耗品物资采购中标候选人公示,能源电力,常规招标,,2025-11-28 11:00:00 至 2025-12-02 11:00:00,HXZB-HW20251105,001第一标段：山西德众翔科技有限公司,001第一标段：投标报价：2007932元,山西华新中昊盛天然气有限公司,,,,山西华新阳光科技咨询有限公司,太原市长治路345号东楼23层,张绒、李志起,0351-2453225、2221733、2221755,2025-11-28 10:55:09,"华新阳光采购平台,中国招标投标公共服务平台,山西省招标投标协会/山西招标采购服务平台",https://www.ygcgpt.com/#/biddingdetails?annId=1994213800102944768
依法,山西蓝焰煤层气集团有限责任公司驻外项目部井场排采水运输、处置服务中标候选人公示,能源电力,常规招标,,2025-11-27 11:00:00 至 2025-12-01 11:00:00,HXZB-FW20251028,"001第一标段：沁水县凯鹏工贸有限公司
002第二标段：山西骏通伟业经贸有限公司
003第三标段：沁水县辰兴工贸有限公司
004第四标段：沁水县荣信工贸有限公司","001第一标段：投标报价：4140000元
002第二标段：投标报价：2280000元
003第三标段：投标报价：1705000元
004第四标段：投标报价：858000元",山西蓝焰控股股份有限公司,,,,山西华新阳光科技咨询有限公司,太原市长治路345号东楼23层,张朝、闫潇腾,0351-2453225、2221733、2221755,2025-11-27 10:25:15,"华新阳光采购平台,中国招标投标公共服务平台,山西省招标投标协会/山西招标采购服务平台",https://www.ygcgpt.com/#/biddingdetails?annId=1993863811178782720
依法,山西蓝焰煤层气集团有限责任公司煤层气水平井套管外光纤监测技术服务中标候选人公示,能源电力,常规招标,,2025-11-26 10:00:00 至 2025-11-29 10:00:00,HXZB-FW20251016,001第一标段：中油奥博（成都）科技有限公司,001第一标段：投标报价：4047500元,山西蓝焰控股股份有限公司,,,,山西华新阳光科技咨询有限公司,太原市长治路345号东楼23层,张朝、闫潇腾,0351-2453225、2221733、2221755,2025-11-26 09:38:38,"华新阳光采购平台,中国招标投标公共服务平台,山西省招标投标协会/山西招标采购服务平台",https://www.ygcgpt.com/#/biddingdetails?annId=1993493650793914368
依法,山西蓝焰煤层气集团有限责任公司流量计维修配件购置中标候选人公示,能源电力,常规招标,,2025-11-19 10:00:00 至 2025-11-22 10:00:00,HXZB-HW20251006,001第一标段：北京中能远大科技发展有限公司,001第一标段：投标报价：1828180元,山西蓝焰控股股份有限公司,,,,山西华新阳光科技咨询有限公司,太原市长治路345号东楼23层,张朝、闫潇腾,0351-2453225、2221733、2221755,2025-11-19 09:25:44,"华新阳光采购平台,中国招标投标公共服务平台,山西省招标投标协会/山西招标采购服务平台",https://www.ygcgpt.com/#/biddingdetails?annId=1990951295821897728
依法,山西国化能源有限责任公司2025管道缺陷开挖验证及修复技术服务中标候选人公示,能源电力,常规招标,,2025-11-19 10:00:00 至 2025-11-22 10:00:00,HXZB-FW20251027,001第一标段：中化华油建设集团有限公司,001第一标段：投标报价：543884.94元,山西国化能源有限责任公司,,,,山西华新阳光科技咨询有限公司,太原市长治路345号东楼23层,张绒、李志起,0351-2453225、2221733、2221755,2025-11-19 09:25:40,"华新阳光采购平台,中国招标投标公共服务平台,山西省招标投标协会/山西招标采购服务平台",https://www.ygcgpt.com/#/biddingdetails?annId=1990945393802829824
依法,山西蓝焰煤层气集团有限责任公司可控冲击波近井带解堵技术服务中标候选人公示,能源电力,常规招标,,2025-11-19 10:00:00 至 2025-11-22 10:00:00,HXZB-FW20251006,001第一标段：西安绿控能源科技有限公司,001第一标段：投标报价：1449700元,山西蓝焰控股股份有限公司,,,,山西华新阳光科技咨询有限公司,太原市长治路345号东楼23层,张朝、闫潇腾,0351-2453225、2221733、2221755,2025-11-19 09:25:37,"华新阳光采购平台,中国招标投标公共服务平台,山西省招标投标协会/山西招标采购服务平台",https://www.ygcgpt.com/#/biddingdetails?annId=1990948651204173824
依法,山西天然气有限公司西万户-东万户输气管道工程（西万户站）、端氏-长子输气管道工程（南陈站）征地、不动产证咨询服务中标候选人公示,能源电力,常规招标,,2025-11-14 10:00:00 至 2025-11-18 10:00:00,HXZB-FW20250910,001第一标段：山西华地规划设计院有限公司,001第一标段：投标报价：1500000元,山西天然气有限公司,,,,山西华新阳光科技咨询有限公司,太原市长治路345号东楼23层,李晓辉、张朝、闫潇腾,0351-2453225、2221733、2221755,2025-11-14 08:50:30,"华新阳光采购平台,中国招标投标公共服务平台,山西省招标投标协会/山西招标采购服务平台",https://www.ygcgpt.com/#/biddingdetails?annId=1989130297644519424
依法,山西蓝焰煤层气集团有限责任公司管道滤芯原材料购置中标候选人公示,能源电力,常规招标,,2025-11-12 10:00:00 至 2025-11-15 10:00:00,HXZB-HW20251002,"001第一标段：廊坊市高航过滤器材有限公司
002第二标段：廊坊远奥环保设备有限公司
003第三标段：廊坊净源过滤科技有限公司","001第一标段：投标报价：993750元
002第二标段：投标报价：231800元
003第三标段：投标报价：196620元",山西蓝焰控股股份有限公司,,,,山西华新阳光科技咨询有限公司,太原市长治路345号东楼23层,张朝、闫潇腾,0351-2453225、2221733、2221755,2025-11-12 09:15:45,"华新阳光采购平台,中国招标投标公共服务平台,山西省招标投标协会/山西招标采购服务平台",https://www.ygcgpt.com/#/biddingdetails?annId=1988410724993568768
依法,2025年度城网工程施工(006标段)重新招标中标候选人公示,能源电力,重新招标,,2025-11-10 10:00:00 至 2025-11-13 10:00:00,HXZB-GC20250901,006第六标段：山东亿嘉润建设有限公司,006第六标段：投标报价：188502.15元,山西压缩天然气集团晋东有限公司,,,,山西华新阳光科技咨询有限公司,太原市长治路345号东楼23层,张绒、李志起,0351-2453225、2221733、2221755,2025-11-10 09:13:44,"华新阳光采购平台,中国招标投标公共服务平台,山西省招标投标协会/山西招标采购服务平台",https://www.ygcgpt.com/#/biddingdetails?annId=1987685059923132416
依法,山西蓝焰控股股份有限公司所属子公司SVG及变配电设备购置(003标段)二次重新招标中标候选人公示,能源电力,二次重新招标,,2025-11-05 10:00:00 至 2025-11-08 10:00:00,HXZB-HW20250801,003第三标段：安徽长开电力工程有限公司,003第三标段：投标报价：379059元,山西蓝焰控股股份有限公司,,,,山西华新阳光科技咨询有限公司,太原市长治路345号东楼23层,张朝、闫潇腾,0351-2453225、2221733、2221755,2025-11-05 09:28:32,"华新阳光采购平台,中国招标投标公共服务平台,山西省招标投标协会/山西招标采购服务平台",https://www.ygcgpt.com/#/biddingdetails?annId=1985881088443101184
依法,山西蓝焰煤层气集团有限责任公司各工区供电线路改造、供电设备安装及抢修工程中标候选人公示,能源电力,常规招标,,2025-10-31 10:00:00 至 2025-11-04 10:00:00,HXZB-GC20251001,"001第一标段：河南中能建设工程有限公司
002第二标段：河南德之光建筑工程有限公司
003第三标段：山西铸辉电力工程有限公司","001第一标段：投标报价：1470790元
002第二标段：投标报价：1215318元
003第三标段：投标报价：787553元",山西蓝焰控股股份有限公司,,,,山西华新阳光科技咨询有限公司,太原市长治路345号东楼23层,张朝、闫潇腾,0351-2453225、2221733、2221755,2025-10-31 09:43:34,"华新阳光采购平台,中国招标投标公共服务平台,山西省招标投标协会/山西招标采购服务平台",https://www.ygcgpt.com/#/biddingdetails?annId=1984073355649691648
依法,"山西华新科莱天然气有限公司2025-2026年度天然气利用工程材料采购(001,002,003,004,006,007,008,010,011,012标段)中标候选人公示",能源电力,常规招标,,2025-10-31 10:00:00 至 2025-11-04 10:00:00,HXZB-HW20251001,"001第一标段：河北一塑管道制造有限责任公司
002第二标段：太原市万盛和工贸有限公司
003第三标段：河北安信燃气设备有限公司
004第四标段：宁波宇华实业股份有限公司
006第六标段：滨州正创电气有限公司
007第七标段：河北华涛管道制造有限公司
008第八标段：上高集团股份有限公司
010第十标段：山东延恒电气有限公司
011第十一标段：南京知行管业有限公司
012第十二标段：山西蓝港炬云设备有限公司","001第一标段：投标报价：3273359元
002第二标段：投标报价：1122070元
003第三标段：投标报价：2685670元
004第四标段：投标报价：1353948.80元
006第六标段：投标报价：273650元
007第七标段：投标报价：385047.1元
008第八标段：投标报价：277988元
010第十标段：投标报价：289796元
011第十一标段：投标报价：807564元
012第十二标段：投标报价：331637.60元",山西华新科莱天然气有限公司,,,,山西华新阳光科技咨询有限公司,太原市长治路345号东楼23层,李晓辉、张朝、闫潇腾,0351-2453225、2221733、2221755,2025-10-31 09:43:29,"华新阳光采购平台,中国招标投标公共服务平台,山西省招标投标协会/山西招标采购服务平台",https://www.ygcgpt.com/#/biddingdetails?annId=1984069086578028544
依法,山西天然气有限公司2025年输气管道涡流内检测中标候选人公示,能源电力,常规招标,,2025-10-30 10:00:00 至 2025-11-03 10:00:00,HXZB-FW20250908,001第一标段：中石化管道技术服务有限公司,001第一标段：投标报价：9960元/公里,山西天然气有限公司,,,,山西华新阳光科技咨询有限公司,太原市长治路345号东楼23层,李晓辉、张朝、闫潇腾,0351-2453225、2221733、2221755,2025-10-30 09:42:00,"华新阳光采购平台,中国招标投标公共服务平台,山西省招标投标协会/山西招标采购服务平台",https://www.ygcgpt.com/#/biddingdetails?annId=1983709720133840896
依法,山西燃气产业集团有限公司管道分公司、神原五分公司业务用车采购中标候选人公示,能源电力,常规招标,,2025-10-28 10:00:00 至 2025-10-31 10:00:00,HXZB-HW20250928,001第一标段：山西智源冀东汽车连锁销售有限公司,001第一标段：投标报价：1996800元,山西燃气产业集团有限公司管道分公司,,,,山西华新阳光科技咨询有限公司,太原市长治路345号东楼23层,王挺、周文博,0351-2453225、2221733、2221755,2025-10-28 08:34:07,"华新阳光采购平台,中国招标投标公共服务平台,山西省招标投标协会/山西招标采购服务平台",https://www.ygcgpt.com/#/biddingdetails?annId=1982968348833558528
依法,山西华新科莱天然气有限公司2025-2026年度维修、抢修等零星工程施工中标候选人公示,能源电力,常规招标,,2025-10-23 10:00:00 至 2025-10-27 10:00:00,HXZB-GC20250907,"001第一标段：中振建设有限公司
002第二标段：中楠建设有限公司","
",山西华新科莱天然气有限公司,,,,山西华新阳光科技咨询有限公司,太原市长治路345号东楼23层,李晓辉、张朝、闫潇腾,0351-2453225、2221733、2221755,2025-10-23 09:58:45,"华新阳光采购平台,中国招标投标公共服务平台,山西省招标投标协会/山西招标采购服务平台",https://www.ygcgpt.com/#/biddingdetails?annId=1981175388257202176
依法,山西华新液化天然气集团有限公司液化工厂2025-2026年度生产辅料采购中标候选人公示,能源电力,常规招标,,2025-10-17 11:00:00 至 2025-10-21 11:00:00,HXZB-HW20250917,"001第一标段：菏泽东建化工销售有限公司
002第二标段：菏泽东建化工销售有限公司
003第三标段：菏泽东建化工销售有限公司","001第一标段：投标报价：4367500元
002第二标段：投标报价：1427060元
003第三标段：投标报价：3450252元",山西华新液化天然气集团有限公司,,,,山西华新阳光科技咨询有限公司,太原市长治路345号东楼23层,王挺、周文博,0351-2453225、2221733、2221755,2025-10-17 10:55:20,"华新阳光采购平台,中国招标投标公共服务平台,山西省招标投标协会/山西招标采购服务平台",https://www.ygcgpt.com/#/biddingdetails?annId=1979017608381411328
依法,山西华新科莱天然气有限公司2025-2026年度中压管道工程、居民和非居民用户天然气利用工程施工中标候选人公示,能源电力,常规招标,,2025-10-17 11:00:00 至 2025-10-21 11:00:00,HXZB-GC20250910,"001第一标段：山东东泓建设有限公司
002第二标段：山西沪晋市政工程有限公司","
",山西华新科莱天然气有限公司,,,,山西华新阳光科技咨询有限公司,太原市长治路345号东楼23层,李晓辉、张朝、闫潇腾,0351-2453225、2221733、2221755,2025-10-17 10:55:05,"华新阳光采购平台,中国招标投标公共服务平台,山西省招标投标协会/山西招标采购服务平台",https://www.ygcgpt.com/#/biddingdetails?annId=1979014684968300544
依法,山西蓝焰煤层气集团有限责任公司2025年煤层气井井场标准化工程中标候选人公示,能源电力,常规招标,,2025-10-16 10:00:00 至 2025-10-20 10:00:00,HXZB-GC20250906,"001第一标段：厦门讷滋德建筑工程有限公司
002第二标段：山西晟帆峻宸建设有限公司
003第三标段：山西启福建设有限公司","001第一标段：投标报价：2652568.64元
002第二标段：投标报价：1912992.12元
003第三标段：投标报价：1520281.46元",山西蓝焰控股股份有限公司,,,,山西华新阳光科技咨询有限公司,太原市长治路345号东楼23层,张朝、闫潇腾,0351-2453225、2221733、2221755,2025-10-16 09:58:49,"华新阳光采购平台,中国招标投标公共服务平台,山西省招标投标协会/山西招标采购服务平台",https://www.ygcgpt.com/#/biddingdetails?annId=1978640737567322112
依法,山西蓝焰控股股份有限公司所属子公司压力容器购置(002标段)重新招标中标候选人公示,能源电力,重新招标,,2025-10-16 10:00:00 至 2025-10-20 10:00:00,HXZB-HW20250809,002第二标段：明硕环境科技集团股份有限公司,002第二标段：投标报价：1030000元,山西蓝焰控股股份有限公司,,,,山西华新阳光科技咨询有限公司,太原市长治路345号东楼23层,张朝、闫潇腾,0351-2453225、2221733、2221755,2025-10-16 09:58:44,"华新阳光采购平台,中国招标投标公共服务平台,山西省招标投标协会/山西招标采购服务平台",https://www.ygcgpt.com/#/biddingdetails?annId=1978635641437630464
依法,山西蓝焰煤层气集团有限责任公司“数智强晋”5G一体化定制专网服务中标候选人公示,能源电力,常规招标,,2025-10-15 10:00:00 至 2025-10-18 10:00:00,HXZB-FW20250901,001第一标段：中国移动通信集团山西有限公司,001第一标段：投标报价：1487000元,山西蓝焰控股股份有限公司,,,,山西华新阳光科技咨询有限公司,太原市长治路345号东楼23层,张朝、闫潇腾,0351-2453225、2221733、2221755,2025-10-15 09:57:34,"华新阳光采购平台,中国招标投标公共服务平台,山西省招标投标协会/山西招标采购服务平台",https://www.ygcgpt.com/#/biddingdetails?annId=1978278048403894272
依法,山西蓝焰控股股份有限公司所属子公司SVG及变配电设备购置(002标段)重新招标中标候选人公示,能源电力,重新招标,,2025-10-15 10:00:00 至 2025-10-18 10:00:00,HXZB-HW20250801,002第二标段：上海一德电气科技有限公司,002第二标段：投标报价：1139400元,山西蓝焰控股股份有限公司,,,,山西华新阳光科技咨询有限公司,太原市长治路345号东楼23层,张朝、闫潇腾,0351-2453225、2221733、2221755,2025-10-15 09:57:30,"华新阳光采购平台,中国招标投标公共服务平台,山西省招标投标协会/山西招标采购服务平台",https://www.ygcgpt.com/#/biddingdetails?annId=1978275004517789696
依法,太原天然气有限公司2025-2027年度车辆维修、保养服务中标候选人公示,能源电力,常规招标,,2025-10-11 10:00:00 至 2025-10-15 10:00:00,HXZB-FW20250917,"001第一标段：太原精益恒诚汽车服务有限公司
002第二标段：山西凯威汽车贸易有限公司","
",太原天然气有限公司,,,,山西华新阳光科技咨询有限公司,太原市长治路345号东楼23层,李晓辉、张朝、闫潇腾,0351-2453225、2221733、2221755,2025-10-11 09:28:28,"华新阳光采购平台,中国招标投标公共服务平台,山西省招标投标协会/山西招标采购服务平台",https://www.ygcgpt.com/#/biddingdetails?annId=1976821631385939968
依法,山西华新物业服务有限公司2025年第三批后勤保障服务项目(002标段)三次招标中标候选人公示,能源电力,三次招标,,2025-10-11 10:00:00 至 2025-10-15 10:00:00,HXZB-FW20250829,002第二标段：太原市尽膳尽美餐饮管理有限公司,,山西华新物业服务有限公司,,,,山西华新阳光科技咨询有限公司,太原市长治路345号东楼23层,王挺、周文博,0351-2453225、2221733、2221755,2025-10-11 09:28:24,"华新阳光采购平台,中国招标投标公共服务平台,山西省招标投标协会/山西招标采购服务平台",https://www.ygcgpt.com/#/biddingdetails?annId=1976817811914305536
依法,山西晋西南天然气有限责任公司2025年天然气（煤层气）输气管道定期检验服务中标候选人公示,能源电力,常规招标,,2025-10-10 10:00:00 至 2025-10-14 10:00:00,HXZB-FW20250710,001第一标段：中合特检技术服务有限公司,001第一标段：投标报价：1956136元,山西晋西南天然气有限责任公司,,,,山西华新阳光科技咨询有限公司,太原市长治路345号东楼23层,李晓辉、张朝、闫潇腾,0351-2453225、2221733、2221755,2025-10-10 09:06:39,"华新阳光采购平台,中国招标投标公共服务平台,山西省招标投标协会/山西招标采购服务平台",https://www.ygcgpt.com/#/biddingdetails?annId=1976453323704840192
依法,华新城市燃气长治有限公司长治区域7家公司年度城网及入户项目A类物资区域集采(004标段)三次重新招标中标候选人公示,能源电力,三次重新招标,,2025-10-09 10:00:00 至 2025-10-13 10:00:00,HXZB-HW20250401,004第四标段：宁波市安邦管业有限公司,004第四标段：投标报价：299673.29元,华新城市燃气长治有限公司上党分公司,,,,山西华新阳光科技咨询有限公司,太原市长治路345号东楼23层,张绒、李志起,0351-2453225、2221733、2221755,2025-10-09 09:43:26,"华新阳光采购平台,山西省招标投标协会/山西招标采购服务平台",https://www.ygcgpt.com/#/biddingdetails?annId=1976100185714012160
依法,山西压缩天然气集团运城有限公司临猗分输站增加收发球筒改造项目中标候选人公示,能源电力,常规招标,,2025-10-09 10:00:00 至 2025-10-13 10:00:00,HXZB-GC20250904,001第一标段：中石化工建设有限公司,001第一标段：投标报价：1775109元,山西压缩天然气集团运城有限公司,,,,山西华新阳光科技咨询有限公司,太原市长治路345号东楼23层,张绒、李志起,0351-2453225、2221733、2221755,2025-10-09 09:43:23,"华新阳光采购平台,中国招标投标公共服务平台,山西省招标投标协会/山西招标采购服务平台",https://www.ygcgpt.com/#/biddingdetails?annId=1976096804572311552
依法,山西蓝焰煤层气集团有限责任公司外部区块（古交矿区、离柳矿区）加密井瓦斯地面抽采项目压裂工程中标候选人公示,能源电力,常规招标,,2025-09-30 10:00:00 至 2025-10-11 10:00:00,HXZB-GC20250905,001第一标段：山西沁盛煤层气作业有限责任公司,,山西蓝焰控股股份有限公司,,,,山西华新阳光科技咨询有限公司,太原市长治路345号东楼23层,张朝、闫潇腾,0351-2453225、2221733、2221755,2025-09-30 09:29:54,"华新阳光采购平台,中国招标投标公共服务平台,山西省招标投标协会/山西招标采购服务平台",https://www.ygcgpt.com/#/biddingdetails?annId=1972834658648403968
依法,晋城市诚安物流有限公司普货大车配件购置中标候选人公示,能源电力,常规招标,,2025-09-30 10:00:00 至 2025-10-11 10:00:00,HXZB-HW20250902,001第一标段：山西源瑞德商贸有限公司,001第一标段：投标报价：980403元,山西蓝焰控股股份有限公司,,,,山西华新阳光科技咨询有限公司,太原市长治路345号东楼23层,张朝、闫潇腾,0351-2453225、2221733、2221755,2025-09-30 09:28:56,"华新阳光采购平台,中国招标投标公共服务平台,山西省招标投标协会/山西招标采购服务平台",https://www.ygcgpt.com/#/biddingdetails?annId=1972829927758704640
依法,山西压缩天然气集团运城有限公司GOV阀门配件采购及安装项目中标候选人公示,能源电力,常规招标,,2025-09-28 10:00:00 至 2025-10-09 10:00:00,HXZB-HW20250829,001第一标段：山西自高飞球阀门销售有限公司,001第一标段：投标报价：860980元,山西压缩天然气集团运城有限公司,,,,山西华新阳光科技咨询有限公司,太原市长治路345号东楼23层,张绒、李志起,0351-2453225、2221733、2221755,2025-09-28 08:47:49,"华新阳光采购平台,中国招标投标公共服务平台,山西省招标投标协会/山西招标采购服务平台",https://www.ygcgpt.com/#/biddingdetails?annId=1972098712571293696
依法,山西天然气有限公司蒲县站增压改造工程勘察、测量及初步设计服务中标候选人公示,能源电力,常规招标,,2025-09-28 10:00:00 至 2025-10-09 10:00:00,HXZB-FW20250830,001第一标段：赛鼎工程有限公司,001第一标段：投标报价：1066000元,山西天然气有限公司,,,,山西华新阳光科技咨询有限公司,太原市长治路345号东楼23层,李晓辉、张朝、闫潇腾,0351-2453225、2221733、2221755,2025-09-28 08:47:46,"华新阳光采购平台,山西省招标投标公共服务平台,中国招标投标公共服务平台",https://www.ygcgpt.com/#/biddingdetails?annId=1972096838866644992
依法,山西华新中昊盛天然气有限公司阳城县煤层气西气东输上载项目预留工艺区施工中标候选人公示,能源电力,常规招标,,2025-09-26 17:00:00 至 2025-09-29 17:00:00,HXZB-GC20250903,001第一标段：鼎固建安集团有限公司,001第一标段：投标报价：1259968.68元,山西华新中昊盛天然气有限公司,,,,山西华新阳光科技咨询有限公司,太原市长治路345号东楼23层,张绒、李志起,0351-2453225、2221733、2221755,2025-09-26 16:23:48,"华新阳光采购平台,山西省招标投标公共服务平台,中国招标投标公共服务平台",https://www.ygcgpt.com/#/biddingdetails?annId=1971414482799374336
依法,太原天然气有限公司太原市市政道路老旧燃气管网及燃气管道系统安全治理工程(一期)第一批市政道路老旧燃气管网改造工程施工中标候选人公示,能源电力,常规招标,,2025-09-26 11:00:00 至 2025-09-29 11:00:00,HXZB-GC20250828,"001第一标段：沃达建设集团有限公司
002第二标段：山西国然建设工程有限公司
003第三标段：太原市煤气安装工程有限公司
004第四标段：宏远润丰建设集团有限公司","001第一标段：投标报价：1897172.09元
002第二标段：投标报价：1291558.51元
003第三标段：投标报价：1321816.59元
004第四标段：投标报价：881508.07元",太原天然气有限公司,,,,山西华新阳光科技咨询有限公司,太原市长治路345号东楼23层,李晓辉、张朝、闫潇腾,0351-2453225、2221733、2221755,2025-09-26 10:36:39,"华新阳光采购平台,山西省招标投标公共服务平台,中国招标投标公共服务平台",https://www.ygcgpt.com/#/biddingdetails?annId=1971402826400739328
依法,山西压缩天然气集团晋东有限公司2025年度长输、城网、站场水工保护及修缮工程中标候选人公示,能源电力,常规招标,,2025-09-26 11:00:00 至 2025-09-29 11:00:00,HXZB-GC20250818,001第一标段：山西沪晋市政工程有限公司,001第一标段：投标报价：40372.99元,山西压缩天然气集团晋东有限公司,,,,山西华新阳光科技咨询有限公司,太原市长治路345号东楼23层,张绒、李志起,0351-2453225、2221733、2221755,2025-09-26 10:36:35,"华新阳光采购平台,中国招标投标公共服务平台,山西省招标投标协会/山西招标采购服务平台",https://www.ygcgpt.com/#/biddingdetails?annId=1971398713558511616
依法,山西华新中昊盛天然气有限公司阳城县煤层气西气东输上载项目预留工艺区设备采购中标候选人公示,能源电力,常规招标,,2025-09-25 10:00:00 至 2025-09-28 10:00:00,HXZB-HW20250901,"001第一标段：良正阀门有限公司
002第二标段：实为（北京）科技有限公司
003第三标段：山东胜利通海集团东营天蓝节能科技有限公司","001第一标段：投标报价：803322元
002第二标段：投标报价：1028000元
003第三标段：投标报价：1285496元",山西华新中昊盛天然气有限公司,,,,山西华新阳光科技咨询有限公司,太原市长治路345号东楼23层,张绒、李志起,0351-2453225、2221733、2221755,2025-09-25 09:53:51,"华新阳光采购平台,山西省招标投标公共服务平台,中国招标投标公共服务平台",https://www.ygcgpt.com/#/biddingdetails?annId=1971023501180612608
依法,山西晨光物流有限公司沁水分公司压缩机配件采购中标候选人公示,能源电力,常规招标,,2025-09-25 10:00:00 至 2025-09-28 10:00:00,HXZB-HW20250812,001第一标段：中石化石油机械股份有限公司,001第一标段：投标报价：2655619元,山西晨光物流有限公司,,,,山西华新阳光科技咨询有限公司,太原市长治路345号东楼23层,李晓辉、张朝、闫潇腾,0351-2453225、2221733、2221755,2025-09-25 09:53:48,"华新阳光采购平台,中国招标投标公共服务平台,山西省招标投标协会/山西招标采购服务平台",https://www.ygcgpt.com/#/biddingdetails?annId=1971020925928288256
依法,山西蓝焰煤层气集团有限责任公司机电设备分公司煤层气井液压无杆泵设备维护保养中标候选人公示,能源电力,常规招标,,2025-09-25 10:00:00 至 2025-09-28 10:00:00,HXZB-FW20250823,"001第一标段：郑州亿丰无杆泵业有限公司
002第二标段：河南中原总机泵业有限公司","001第一标段：投标报价：1963300元
002第二标段：投标报价：1107520元",山西蓝焰控股股份有限公司,,,,山西华新阳光科技咨询有限公司,太原市长治路345号东楼23层,张朝、闫潇腾,0351-2453225、2221733、2221755,2025-09-25 09:53:45,"华新阳光采购平台,中国招标投标公共服务平台,山西省招标投标协会/山西招标采购服务平台",https://www.ygcgpt.com/#/biddingdetails?annId=1971018682697068544
依法,山西蓝焰煤层气集团有限责任公司特殊排采设备采购(001标段)二次招标中标候选人公示,能源电力,二次招标,,2025-09-24 11:00:00 至 2025-09-27 11:00:00,HXZB-HW20250810,001第一标段：大庆双海石油科技有限公司,001第一标段：投标报价：1567536元,山西蓝焰控股股份有限公司,,,,山西华新阳光科技咨询有限公司,太原市长治路345号东楼23层,张朝、闫潇腾,0351-2453225、2221733、2221755,2025-09-24 10:47:08,"华新阳光采购平台,中国招标投标公共服务平台,山西省招标投标协会/山西招标采购服务平台",https://www.ygcgpt.com/#/biddingdetails?annId=1970680471378538496
依法,潇河产业园区太原起步区辛村门站项目变电站EPC工程中标候选人公示,能源电力,常规招标,,2025-09-24 11:00:00 至 2025-09-27 11:00:00,HXZB-GC20250902,001第一标段：山西宏远电力建设有限公司,,山西综改示范区燃气有限公司,,,,山西华新阳光科技咨询有限公司,太原市长治路345号东楼23层,王挺、周文博,0351-2453225、2221733、2221755,2025-09-24 10:47:06,"华新阳光采购平台,中国招标投标公共服务平台,山西省招标投标协会/山西招标采购服务平台",https://www.ygcgpt.com/#/biddingdetails?annId=1970678817451225088
依法,山西蓝焰控股股份有限公司所属子公司2025年修井工程中标候选人公示,能源电力,常规招标,,2025-09-24 11:00:00 至 2025-09-27 11:00:00,HXZB-GC20250816,"001第一标段：陕西通圣石油技术服务有限责任公司
002第二标段：陕西映川石油工程技术服务有限公司
003第三标段：陕西锦通能源有限公司
004第四标段：延安市宝塔区博世环球工贸有限公司","001第一标段：投标报价：8329550元
002第二标段：投标报价：7886210元
003第三标段：投标报价：3855020元
004第四标段：投标报价：2865304元",山西蓝焰控股股份有限公司,,,,山西华新阳光科技咨询有限公司,太原市长治路345号东楼23层,张朝、闫潇腾,0351-2453225、2221733、2221755,2025-09-24 10:47:02,"华新阳光采购平台,中国招标投标公共服务平台,山西省招标投标协会/山西招标采购服务平台",https://www.ygcgpt.com/#/biddingdetails?annId=1970671266668032000
依法,"2025年度城网工程施工(001,002,003,004,005标段)中标候选人公示",能源电力,常规招标,,2025-09-24 10:00:00 至 2025-09-27 10:00:00,HXZB-GC20250901,"001第一标段：山东东泓建设有限公司
002第二标段：盛鸿建设发展有限公司
003第三标段：山西沪晋市政工程有限公司
004第四标段：河南锦达建设有限公司
005第五标段：山西中泓建筑工程有限公司","001第一标段：投标报价：171052.5元
002第二标段：投标报价：178829.49元
003第三标段：投标报价：168737.84元
004第四标段：投标报价：146947.56元
005第五标段：投标报价：45.8元",山西压缩天然气集团晋东有限公司,,,,山西华新阳光科技咨询有限公司,太原市长治路345号东楼23层,张绒、李志起,0351-2453225、2221733、2221755,2025-09-24 09:55:49,"华新阳光采购平台,中国招标投标公共服务平台,山西省招标投标协会/山西招标采购服务平台",https://www.ygcgpt.com/#/biddingdetails?annId=1970664355100962816
依法,"山西华新物业服务有限公司2025年第三批后勤保障服务项目(001,003标段)中标候选人公示",能源电力,常规招标,,2025-09-22 10:00:00 至 2025-09-25 10:00:00,HXZB-FW20250829,"001第一标段：山西前唐餐饮管理有限公司
003第三标段：山西丽华物业管理有限公司","
",山西华新物业服务有限公司,,,,山西华新阳光科技咨询有限公司,太原市长治路345号东楼23层,王挺、周文博,0351-2453225、2221733、2221755,2025-09-22 09:30:52,"华新阳光采购平台,中国招标投标公共服务平台,山西省招标投标协会/山西招标采购服务平台",https://www.ygcgpt.com/#/biddingdetails?annId=1969932759670534144
依法,山西沁盛煤层气作业有限责任公司高压管件购置重新招标中标候选人公示,能源电力,重新招标,,2025-09-19 10:00:00 至 2025-09-23 10:00:00,HXZB-HW20250720,001第一标段：烟台杰瑞石油装备技术有限公司,001第一标段：投标报价：3100010元,山西蓝焰控股股份有限公司,,,,山西华新阳光科技咨询有限公司,太原市长治路345号东楼23层,张朝、闫潇腾,0351-2453225、2221733、2221755,2025-09-19 09:11:10,"华新阳光采购平台,中国招标投标公共服务平台,山西省招标投标协会/山西招标采购服务平台",https://www.ygcgpt.com/#/biddingdetails?annId=1968844314785165312
依法,山西蓝焰煤层气集团有限责任公司机电设备分公司煤层气井专用螺杆泵维保服务中标候选人公示,能源电力,常规招标,,2025-09-19 10:00:00 至 2025-09-23 10:00:00,HXZB-FW20250816,001第一标段：陕西豫秦合利能源科技有限公司,001第一标段：投标报价：1110070元,山西蓝焰控股股份有限公司,,,,山西华新阳光科技咨询有限公司,太原市长治路345号东楼23层,张朝、闫潇腾,0351-2453225、2221733、2221755,2025-09-19 09:11:07,"华新阳光采购平台,中国招标投标公共服务平台,山西省招标投标协会/山西招标采购服务平台",https://www.ygcgpt.com/#/biddingdetails?annId=1968841976829784064
依法,"山西蓝焰煤层气集团有限责任公司特殊排采设备采购(002,003标段)中标候选人公示",能源电力,常规招标,,2025-09-18 10:00:00 至 2025-09-22 10:00:00,HXZB-HW20250810,"002第二标段：北京耐隆工业制造有限公司
003第三标段：烟台杰瑞石油装备技术有限公司","002第二标段：投标报价：1190000元
003第三标段：投标报价：586000元",山西蓝焰控股股份有限公司,,,,山西华新阳光科技咨询有限公司,太原市长治路345号东楼23层,张朝、闫潇腾,0351-2453225、2221733、2221755,2025-09-18 09:21:53,"华新阳光采购平台,中国招标投标公共服务平台,山西省招标投标协会/山西招标采购服务平台",https://www.ygcgpt.com/#/biddingdetails?annId=1968484920939589632
依法,山西天然气有限公司站场电气整改工程中标候选人公示,能源电力,常规招标,,2025-09-18 10:00:00 至 2025-09-22 10:00:00,HXZB-GC20250827,001第一标段：中曼建设有限公司,001第一标段：投标报价：6933.22元,山西天然气有限公司,,,,山西华新阳光科技咨询有限公司,太原市长治路345号东楼23层,王挺、周文博,0351-2453225、2221733、2221755,2025-09-18 09:21:50,"华新阳光采购平台,中国招标投标公共服务平台,山西省招标投标协会/山西招标采购服务平台",https://www.ygcgpt.com/#/biddingdetails?annId=1968482587736354816
依法,山西国化能源有限责任公司光通讯系统检修项目中标候选人公示,能源电力,常规招标,,2025-09-18 10:00:00 至 2025-09-22 10:00:00,HXZB-FW20250826,001第一标段：中移建设有限公司,,山西国化能源有限责任公司,,,,山西华新阳光科技咨询有限公司,太原市长治路345号东楼23层,张绒、李志起,0351-2453225、2221733、2221755,2025-09-18 09:21:48,"华新阳光采购平台,中国招标投标公共服务平台,山西省招标投标协会/山西招标采购服务平台",https://www.ygcgpt.com/#/biddingdetails?annId=1968480075989987328
依法,"山西蓝焰控股股份有限公司所属子公司压力容器购置(001,003,004标段)中标候选人公示",能源电力,常规招标,,2025-09-17 10:00:00 至 2025-09-20 10:00:00,HXZB-HW20250809,"001第一标段：河北瑞星燃气设备股份有限公司
003第三标段：重庆界石仪表有限公司
004第四标段：浙江春晖智能控制股份有限公司","001第一标段：投标报价：1921000元
003第三标段：投标报价：880000元
004第四标段：投标报价：324000元",山西蓝焰控股股份有限公司,,,,山西华新阳光科技咨询有限公司,太原市长治路345号东楼23层,张朝、闫潇腾,0351-2453225、2221733、2221755,2025-09-17 09:14:05,"华新阳光采购平台,中国招标投标公共服务平台,山西省招标投标协会/山西招标采购服务平台",https://www.ygcgpt.com/#/biddingdetails?annId=1968120490573770752
依法,潇河产业园区太原起步区天然气利用工程辛村门站出站次高压管线工程中标候选人公示,能源电力,常规招标,,2025-09-12 10:00:00 至 2025-09-16 10:00:00,HXZB-GC20250821,001第一标段：安徽鑫源建设集团有限公司,001第一标段：投标报价：3539182.74元,山西综改示范区燃气有限公司,,,,山西华新阳光科技咨询有限公司,太原市长治路345号东楼23层,王挺、周文博,0351-2453225、2221733、2221755,2025-09-12 09:36:47,"华新阳光采购平台,中国招标投标公共服务平台,山西省招标投标协会/山西招标采购服务平台",https://www.ygcgpt.com/#/biddingdetails?annId=1966313498423144448
依法,太原燃气集团有限公司尖草坪门站地基安全加固综合整治工程（设备改造）撬装设备采购中标候选人公示,能源电力,常规招标,,2025-09-12 10:00:00 至 2025-09-16 10:00:00,HXZB-HW20250808,001第一标段：河北瑞星燃气设备股份有限公司,001第一标段：投标报价：1392000元,太原燃气集团有限公司,,,,山西华新阳光科技咨询有限公司,太原市长治路345号东楼23层,张绒、李志起,0351-2453225、2221733、2221755,2025-09-12 09:36:43,"华新阳光采购平台,中国招标投标公共服务平台,山西省招标投标协会/山西招标采购服务平台",https://www.ygcgpt.com/#/biddingdetails?annId=1966310944511438848
依法,山西天然气有限公司2025年生产运行物资采购(001标段)重新招标中标候选人公示,能源电力,重新招标,,2025-09-12 10:00:00 至 2025-09-16 10:00:00,HXZB-HW20250618,001第一标段：北京中能远大科技发展有限公司,001第一标段：投标报价：3375965元,山西天然气有限公司,,,,山西华新阳光科技咨询有限公司,太原市长治路345号东楼23层,李晓辉、张朝、闫潇腾,0351-2453225、2221733、2221755,2025-09-12 09:36:39,"华新阳光采购平台,中国招标投标公共服务平台,山西省招标投标协会/山西招标采购服务平台",https://www.ygcgpt.com/#/biddingdetails?annId=1966307946158698496
依法,山西蓝焰煤层气集团有限责任公司勘探分公司2025年固井材料购置中标候选人公示,能源电力,常规招标,,2025-09-10 10:00:00 至 2025-09-13 10:00:00,HXZB-HW20250806,001第一标段：晋城市博阳工程服务有限公司,001第一标段：投标报价：2207436元,山西蓝焰控股股份有限公司,,,,山西华新阳光科技咨询有限公司,太原市长治路345号东楼23层,张朝、闫潇腾,0351-2453225、2221733、2221755,2025-09-10 09:30:36,"华新阳光采购平台,中国招标投标公共服务平台,山西省招标投标协会/山西招标采购服务平台",https://www.ygcgpt.com/#/biddingdetails?annId=1965588007168847872
依法,山西铭石煤层气利用股份有限公司2025年度城网及零星维修工程监理服务中标候选人公示,能源电力,常规招标,,2025-09-10 10:00:00 至 2025-09-13 10:00:00,HXZB-FW20250806,"001第一标段：方宇工程咨询有限公司
002第二标段：成都万图工程监理有限公司","001第一标段：投标报价：15520元/人/月
002第二标段：投标报价：15500元/人/月",山西铭石煤层气利用股份有限公司,,,,山西华新阳光科技咨询有限公司,太原市长治路345号东楼23层,张朝、闫潇腾,0351-2453225、2221733、2221755,2025-09-10 09:30:34,"华新阳光采购平台,中国招标投标公共服务平台,山西省招标投标协会/山西招标采购服务平台",https://www.ygcgpt.com/#/biddingdetails?annId=1965585819071754240
依法,山西华新维抢工程建设有限公司管道及厂站运维服务重新招标中标候选人公示,能源电力,重新招标,,2025-09-08 10:00:00 至 2025-09-11 10:00:00,HXZB-FW20250723,001第一标段：山西中创技术工程有限公司,001第一标段：投标报价：3395016元,山西华新维抢工程建设有限公司,,,,山西华新阳光科技咨询有限公司,太原市长治路345号东楼23层,王挺、周文博,0351-2453225、2221733、2221755,2025-09-08 08:54:58,"华新阳光采购平台,中国招标投标公共服务平台,山西省招标投标协会/山西招标采购服务平台",https://www.ygcgpt.com/#/biddingdetails?annId=1964853366422056960
依法,长治市国新远东燃气有限公司2025年度城网及入户安装工程及零星维修项目施工中标候选人公示,能源电力,常规招标,,2025-09-08 10:00:00 至 2025-09-11 10:00:00,HXZB-GC20250815,001第一标段：山西中泓建筑工程有限公司,,长治市国新远东燃气有限公司,,,,山西华新阳光科技咨询有限公司,太原市长治路345号东楼23层,张绒、李志起,0351-2453225、2221733、2221755,2025-09-08 08:54:53,"华新阳光采购平台,中国招标投标公共服务平台,山西省招标投标协会/山西招标采购服务平台",https://www.ygcgpt.com/#/biddingdetails?annId=1964849713934053376
依法,山西沁盛煤层气作业有限责任公司2025年石英砂购置中标候选人公示,能源电力,常规招标,,2025-09-05 10:00:00 至 2025-09-09 10:00:00,HXZB-HW20250805,"001第一标段：山西骅意商贸有限公司
002第二标段：山西晋深能源装备有限公司","001第一标段：投标报价：5961000元
002第二标段：投标报价：4830000元",山西蓝焰控股股份有限公司,,,,山西华新阳光科技咨询有限公司,太原市长治路345号东楼23层,张朝、闫潇腾,0351-2453225、2221733、2221755,2025-09-05 09:47:12,"华新阳光采购平台,中国招标投标公共服务平台,山西省招标投标协会/山西招标采购服务平台",https://www.ygcgpt.com/#/biddingdetails?annId=1963780025800011776
依法,华新城市燃气晋中有限公司2025年度城网及入户安装施工、零星维修项目工程中标候选人公示,能源电力,常规招标,,2025-09-05 10:00:00 至 2025-09-09 10:00:00,HXZB-GC20250814,001第一标段：山西德华建设工程有限公司,,华新城市燃气晋中有限公司,,,,山西华新阳光科技咨询有限公司,太原市长治路345号东楼23层,张绒、李志起,0351-2453225、2221733、2221755,2025-09-05 09:47:06,"华新阳光采购平台,中国招标投标公共服务平台,山西省招标投标协会/山西招标采购服务平台",https://www.ygcgpt.com/#/biddingdetails?annId=1963776901819478016
依法,山西蓝焰控股股份有限公司所属子公司流量计及附属配件购置中标候选人公示,能源电力,常规招标,,2025-09-04 10:00:00 至 2025-09-08 10:00:00,HXZB-HW20250803,"001第一标段：上海真兰仪表科技股份有限公司
002第二标段：天信仪表集团有限公司
003第三标段：北京中能远大科技发展有限公司
004第四标段：自贡自高阀门有限公司","001第一标段：投标报价：1050662元
002第二标段：投标报价：676340元
003第三标段：投标报价：667300元
004第四标段：投标报价：241310元",山西蓝焰控股股份有限公司,,,,山西华新阳光科技咨询有限公司,太原市长治路345号东楼23层,张朝、闫潇腾,0351-2453225、2221733、2221755,2025-09-04 09:30:51,"华新阳光采购平台,中国招标投标公共服务平台,山西省招标投标协会/山西招标采购服务平台",https://www.ygcgpt.com/#/biddingdetails?annId=1963413963111739392
