项目性质,项目名称,所属行业,组织形式,招标方式,招标编号/项目编号,招标条件/说明,中标人名称,中标价格,其他公示内容,监督部门,招标人/采购人,招标人地址,招标人联系人,招标人联系方式,招标代理机构,招标代理机构地址,招标代理机构联系人,招标代理机构联系方式,发布日期,发布网站,详情页面
依法,山西蓝焰煤层气集团有限责任公司机电设备分公司生产设备拆装运输服务中标结果公示,能源电力,常规招标,公开招标,HXZB-FW20260516,山西蓝焰煤层气集团有限责任公司机电设备分公司生产设备拆装运输服务（招标编号：HXZB-FW20260516），确定001第一标段的中标人如下:,山西上下工贸有限公司,3131400元,发布媒体：山西招标采购服务平台、华新阳光采购平台,华新燃气集团有限公司、山西蓝焰控股股份有限公司,山西蓝焰控股股份有限公司,,,,山西华新阳光科技咨询有限公司,太原市长治路345号东楼23层,张朝、闫潇腾,0351-2453225、2221733、2221755,2026-06-24 11:13:34,"华新阳光采购平台,中国招标投标公共服务平台,山西省招标投标协会/山西招标采购服务平台",https://www.ygcgpt.com/#/biddingdetails?annId=2069619452262047744
依法,太原天然气有限公司太原市市政道路老旧燃气管网及燃气管道系统安全治理工程(一期)及燃气管网生命线安全工程（一期）项目智能化设备采购(003标段)二次重新招标中标结果公示,能源电力,二次重新招标,公开招标,HXZB-HW20260309,太原天然气有限公司太原市市政道路老旧燃气管网及燃气管道系统安全治理工程(一期)及燃气管网生命线安全工程（一期）项目智能化设备采购（招标编号：HXZB-HW20260309），确定003第三标段的中标人如下:,浙江青墨湾能源科技有限公司,6912000.00元,发布媒体：山西省招标投标公共服务平台、华新阳光采购平台,太原市城乡管理局、华新燃气集团有限公司、太原天然气有限公司,太原天然气有限公司,,,,山西华新阳光科技咨询有限公司,太原市长治路345号东楼23层,李晓辉、张朝、闫潇腾,0351-2453225、2221733、2221755,2026-06-23 11:04:58,"华新阳光采购平台,山西省招标投标公共服务平台,中国招标投标公共服务平台",https://www.ygcgpt.com/#/biddingdetails?annId=2069251189296422912
依法,太原天然气有限公司太原市市政道路老旧燃气管网及燃气管道系统安全治理工程(一期)及燃气管网生命线安全工程（一期）项目智能化设备采购(004标段)二次重新招标中标结果公示,能源电力,二次重新招标,公开招标,HXZB-HW20260309,太原天然气有限公司太原市市政道路老旧燃气管网及燃气管道系统安全治理工程(一期)及燃气管网生命线安全工程（一期）项目智能化设备采购（招标编号：HXZB-HW20260309），确定004第四标段的中标人如下:,上海语鸽智能科技有限公司,1666820元,发布媒体：山西省招标投标公共服务平台、华新阳光采购平台,太原市城乡管理局、华新燃气集团有限公司、太原天然气有限公司,太原天然气有限公司,,,,山西华新阳光科技咨询有限公司,太原市长治路345号东楼23层,李晓辉、张朝、闫潇腾,0351-2453225、2221733、2221755,2026-06-23 11:04:52,"华新阳光采购平台,山西省招标投标公共服务平台,中国招标投标公共服务平台",https://www.ygcgpt.com/#/biddingdetails?annId=2069251329084186624
依法,山西华新城市燃气集团有限公司维抢修大队维抢修设备更新项目(001标段)二次重新招标中标结果公示,能源电力,二次重新招标,公开招标,HXZB-HW20260202,山西华新城市燃气集团有限公司维抢修大队维抢修设备更新项目（招标编号：HXZB-HW20260202），确定001第一标段的中标人如下:,辽宁联海石油化工集团有限责任公司,2380000.00元,发布媒体：山西招标采购服务平台、华新阳光采购平台,华新燃气集团有限公司、山西华新城市燃气集团有限公司,山西华新城市燃气集团有限公司,,,,山西华新阳光科技咨询有限公司,太原市长治路345号东楼23层,张绒、李志起,0351-2453225、2221733、2221755,2026-06-23 11:04:49,"华新阳光采购平台,中国招标投标公共服务平台,山西省招标投标协会/山西招标采购服务平台",https://www.ygcgpt.com/#/biddingdetails?annId=2069249327767838720
依法,山西沁盛煤层气作业有限责任公司2026年设备、材料安全性能评估及检测服务中标结果公示,其他,常规招标,公开招标,HXZB-FW20260511,山西沁盛煤层气作业有限责任公司2026年设备、材料安全性能评估及检测服务（招标编号：HXZB-FW20260511），确定001第一标段的中标人如下:,四川英识检测服务有限公司,1078789元,发布媒体：山西招标采购服务平台、华新阳光采购平台,华新燃气集团有限公司、山西蓝焰控股股份有限公司,山西蓝焰控股股份有限公司,,,,山西华新阳光科技咨询有限公司,太原市长治路345号东楼23层,张朝、闫潇腾,0351-2453225、2221733、2221755,2026-06-23 11:04:43,"华新阳光采购平台,中国招标投标公共服务平台,山西省招标投标协会/山西招标采购服务平台",https://www.ygcgpt.com/#/biddingdetails?annId=2069248518648848384
依法,山西蓝焰煤层气集团有限责任公司2026年修井、下泵、钻井材料购置项目（沁水及外部区块）(001标段)中标结果公示,能源电力,常规招标,公开招标,HXZB-HW20260508,山西蓝焰煤层气集团有限责任公司2026年修井、下泵、钻井材料购置项目（沁水及外部区块）（招标编号：HXZB-HW20260508），确定001第一标段的中标人如下:,河北亿鑫石油管材有限公司,6598280元,发布媒体：山西招标采购服务平台、华新阳光采购平台,华新燃气集团有限公司、山西蓝焰控股股份有限公司,山西蓝焰控股股份有限公司,,,,山西华新阳光科技咨询有限公司,太原市长治路345号东楼23层,张朝、闫潇腾,0351-2453225、2221733、2221755,2026-06-16 11:58:19,"华新阳光采购平台,中国招标投标公共服务平台,山西省招标投标协会/山西招标采购服务平台",https://www.ygcgpt.com/#/biddingdetails?annId=2066725790846902272
依法,山西蓝焰煤层气集团有限责任公司2026年修井、下泵、钻井材料购置项目（沁水及外部区块）(002标段)中标结果公示,能源电力,常规招标,公开招标,HXZB-HW20260508,山西蓝焰煤层气集团有限责任公司2026年修井、下泵、钻井材料购置项目（沁水及外部区块）（招标编号：HXZB-HW20260508），确定002第二标段的中标人如下:,东营市科创石油装备有限公司,4019480元,发布媒体：山西招标采购服务平台、华新阳光采购平台,华新燃气集团有限公司、山西蓝焰控股股份有限公司,山西蓝焰控股股份有限公司,,,,山西华新阳光科技咨询有限公司,太原市长治路345号东楼23层,张朝、闫潇腾,0351-2453225、2221733、2221755,2026-06-16 11:58:14,"华新阳光采购平台,中国招标投标公共服务平台,山西省招标投标协会/山西招标采购服务平台",https://www.ygcgpt.com/#/biddingdetails?annId=2066726072733491200
依法,山西蓝焰煤层气集团有限责任公司2026年修井、下泵、钻井材料购置项目（沁水及外部区块）(003标段)中标结果公示,能源电力,常规招标,公开招标,HXZB-HW20260508,山西蓝焰煤层气集团有限责任公司2026年修井、下泵、钻井材料购置项目（沁水及外部区块）（招标编号：HXZB-HW20260508），确定003第三标段的中标人如下:,天津港孚石油机械制造有限公司,2343920.00元,发布媒体：山西招标采购服务平台、华新阳光采购平台,华新燃气集团有限公司、山西蓝焰控股股份有限公司,山西蓝焰控股股份有限公司,,,,山西华新阳光科技咨询有限公司,太原市长治路345号东楼23层,张朝、闫潇腾,0351-2453225、2221733、2221755,2026-06-16 11:58:11,"华新阳光采购平台,中国招标投标公共服务平台,山西省招标投标协会/山西招标采购服务平台",https://www.ygcgpt.com/#/biddingdetails?annId=2066726220553347072
依法,山西蓝焰煤层气集团有限责任公司2026年修井、下泵、钻井材料购置项目（沁水及外部区块）(004标段)中标结果公示,能源电力,常规招标,公开招标,HXZB-HW20260508,山西蓝焰煤层气集团有限责任公司2026年修井、下泵、钻井材料购置项目（沁水及外部区块）（招标编号：HXZB-HW20260508），确定004第四标段的中标人如下:,濮阳市宇飞石油机械设备有限公司,444000元,发布媒体：山西招标采购服务平台、华新阳光采购平台,华新燃气集团有限公司、山西蓝焰控股股份有限公司,山西蓝焰控股股份有限公司,,,,山西华新阳光科技咨询有限公司,太原市长治路345号东楼23层,张朝、闫潇腾,0351-2453225、2221733、2221755,2026-06-16 11:58:08,"华新阳光采购平台,中国招标投标公共服务平台,山西省招标投标协会/山西招标采购服务平台",https://www.ygcgpt.com/#/biddingdetails?annId=2066726324689526784
依法,山西蓝焰煤层气集团有限责任公司2026年修井、下泵、钻井材料购置项目（沁水及外部区块）(005标段)中标结果公示,能源电力,常规招标,公开招标,HXZB-HW20260508,山西蓝焰煤层气集团有限责任公司2026年修井、下泵、钻井材料购置项目（沁水及外部区块）（招标编号：HXZB-HW20260508），确定005第五标段的中标人如下:,天津锦源机械制造有限公司,1178400元,发布媒体：山西招标采购服务平台、华新阳光采购平台,华新燃气集团有限公司、山西蓝焰控股股份有限公司,山西蓝焰控股股份有限公司,,,,山西华新阳光科技咨询有限公司,太原市长治路345号东楼23层,张朝、闫潇腾,0351-2453225、2221733、2221755,2026-06-16 11:58:03,"华新阳光采购平台,中国招标投标公共服务平台,山西省招标投标协会/山西招标采购服务平台",https://www.ygcgpt.com/#/biddingdetails?annId=2066726454083805184
依法,山西蓝焰煤层气集团有限责任公司2026年修井、下泵、钻井材料购置项目（沁水及外部区块）(007标段)中标结果公示,能源电力,常规招标,公开招标,HXZB-HW20260508,山西蓝焰煤层气集团有限责任公司2026年修井、下泵、钻井材料购置项目（沁水及外部区块）（招标编号：HXZB-HW20260508），确定007第七标段的中标人如下:,沈阳新石科技有限公司,1328000.00元,发布媒体：山西招标采购服务平台、华新阳光采购平台,华新燃气集团有限公司、山西蓝焰控股股份有限公司,山西蓝焰控股股份有限公司,,,,山西华新阳光科技咨询有限公司,太原市长治路345号东楼23层,张朝、闫潇腾,0351-2453225、2221733、2221755,2026-06-16 11:58:00,"华新阳光采购平台,中国招标投标公共服务平台,山西省招标投标协会/山西招标采购服务平台",https://www.ygcgpt.com/#/biddingdetails?annId=2066726619305828352
依法,山西蓝焰煤层气集团有限责任公司2026年修井、下泵、钻井材料购置项目（沁水及外部区块）(008标段)中标结果公示,能源电力,常规招标,公开招标,HXZB-HW20260508,山西蓝焰煤层气集团有限责任公司2026年修井、下泵、钻井材料购置项目（沁水及外部区块）（招标编号：HXZB-HW20260508），确定008第八标段的中标人如下:,山西翰海石油科技有限公司,574000.00元,发布媒体：山西招标采购服务平台、华新阳光采购平台,华新燃气集团有限公司、山西蓝焰控股股份有限公司,山西蓝焰控股股份有限公司,,,,山西华新阳光科技咨询有限公司,太原市长治路345号东楼23层,张朝、闫潇腾,0351-2453225、2221733、2221755,2026-06-16 11:57:55,"华新阳光采购平台,中国招标投标公共服务平台,山西省招标投标协会/山西招标采购服务平台",https://www.ygcgpt.com/#/biddingdetails?annId=2066726739032236032
依法,太原煤气化燃气集团有限责任公司2026年新用户发展委托安装工程及维抢修零星工程施工(001标段)中标结果公示,能源电力,常规招标,公开招标,HXZB-GC20260511,太原煤气化燃气集团有限责任公司2026年新用户发展委托安装工程及维抢修零星工程施工（招标编号：HXZB-GC20260511），确定001第一标段的中标人如下:,山西中泓建筑工程有限公司,54117.99元,发布媒体：山西招标采购服务平台、华新阳光采购平台,华新燃气集团有限公司、山西燃气集团有限公司,太原煤气化燃气集团有限责任公司,,,,山西华新阳光科技咨询有限公司,太原市长治路345号东楼23层,李晓辉、张朝、闫潇腾,0351-2453225、2221733、2221755,2026-06-16 11:57:52,"华新阳光采购平台,中国招标投标公共服务平台,山西省招标投标协会/山西招标采购服务平台",https://www.ygcgpt.com/#/biddingdetails?annId=2066721788268732416
依法,太原煤气化燃气集团有限责任公司2026年新用户发展委托安装工程及维抢修零星工程施工(002标段)中标结果公示,能源电力,常规招标,公开招标,HXZB-GC20260511,太原煤气化燃气集团有限责任公司2026年新用户发展委托安装工程及维抢修零星工程施工（招标编号：HXZB-GC20260511），确定002第二标段的中标人如下:,广跃建设有限公司,53842.02元,发布媒体：山西招标采购服务平台、华新阳光采购平台,华新燃气集团有限公司、山西燃气集团有限公司,太原煤气化燃气集团有限责任公司,,,,山西华新阳光科技咨询有限公司,太原市长治路345号东楼23层,李晓辉、张朝、闫潇腾,0351-2453225、2221733、2221755,2026-06-16 11:57:46,"华新阳光采购平台,中国招标投标公共服务平台,山西省招标投标协会/山西招标采购服务平台",https://www.ygcgpt.com/#/biddingdetails?annId=2066721877678710784
依法,太原煤气化燃气集团有限责任公司2026年新用户发展委托安装工程及维抢修零星工程施工(003标段)中标结果公示,能源电力,常规招标,公开招标,HXZB-GC20260511,太原煤气化燃气集团有限责任公司2026年新用户发展委托安装工程及维抢修零星工程施工（招标编号：HXZB-GC20260511），确定003第三标段的中标人如下:,信邦建设集团有限公司,53800.62元,发布媒体：山西招标采购服务平台、华新阳光采购平台,华新燃气集团有限公司、山西燃气集团有限公司,太原煤气化燃气集团有限责任公司,,,,山西华新阳光科技咨询有限公司,太原市长治路345号东楼23层,李晓辉、张朝、闫潇腾,0351-2453225、2221733、2221755,2026-06-16 11:57:43,"华新阳光采购平台,中国招标投标公共服务平台,山西省招标投标协会/山西招标采购服务平台",https://www.ygcgpt.com/#/biddingdetails?annId=2066722117110554624
依法,太原煤气化燃气集团有限责任公司2026年新用户发展委托安装工程及维抢修零星工程施工(004标段)中标结果公示,能源电力,常规招标,公开招标,HXZB-GC20260511,太原煤气化燃气集团有限责任公司2026年新用户发展委托安装工程及维抢修零星工程施工（招标编号：HXZB-GC20260511），确定004第四标段的中标人如下:,中化华油建设集团有限公司,47588.98元,发布媒体：山西招标采购服务平台、华新阳光采购平台,华新燃气集团有限公司、山西燃气集团有限公司,太原煤气化燃气集团有限责任公司,,,,山西华新阳光科技咨询有限公司,太原市长治路345号东楼23层,李晓辉、张朝、闫潇腾,0351-2453225、2221733、2221755,2026-06-16 11:57:39,"华新阳光采购平台,中国招标投标公共服务平台,山西省招标投标协会/山西招标采购服务平台",https://www.ygcgpt.com/#/biddingdetails?annId=2066722278570287104
依法,太原煤气化燃气集团有限责任公司2026年新用户发展委托安装工程及维抢修零星工程施工(005标段)中标结果公示,能源电力,常规招标,公开招标,HXZB-GC20260511,太原煤气化燃气集团有限责任公司2026年新用户发展委托安装工程及维抢修零星工程施工（招标编号：HXZB-GC20260511），确定005第五标段的中标人如下:,兴润建设集团有限公司,59394.99元,发布媒体：山西招标采购服务平台、华新阳光采购平台,华新燃气集团有限公司、山西燃气集团有限公司,太原煤气化燃气集团有限责任公司,,,,山西华新阳光科技咨询有限公司,太原市长治路345号东楼23层,李晓辉、张朝、闫潇腾,0351-2453225、2221733、2221755,2026-06-16 11:57:34,"华新阳光采购平台,中国招标投标公共服务平台,山西省招标投标协会/山西招标采购服务平台",https://www.ygcgpt.com/#/biddingdetails?annId=2066722416361562112
依法,山西华新液化天然气集团有限公司2026年寿阳、昔阳、保德热电全厂设备维护服务中标结果公示,能源电力,常规招标,公开招标,HXZB-FW20260420,山西华新液化天然气集团有限公司2026年寿阳、昔阳、保德热电全厂设备维护服务（招标编号：HXZB-FW20260420），确定001第一标段的中标人如下:,山东鸿华建筑安装工程有限公司,4373136元,发布媒体：山西招标采购服务平台、华新阳光采购平台,华新燃气集团有限公司、山西华新液化天然气集团有限公司,山西华新液化天然气集团有限公司,,,,山西华新阳光科技咨询有限公司,太原市长治路345号东楼23层,李晓辉、张朝、闫潇腾,0351-2453225、2221733、2221755,2026-06-16 11:57:24,"华新阳光采购平台,中国招标投标公共服务平台,山西省招标投标协会/山西招标采购服务平台",https://www.ygcgpt.com/#/biddingdetails?annId=2066707391664185344
依法,太原煤炭气化（集团）临汾燃气有限公司临汾市2026年市政老旧管网燃气改造工程设计中标结果公示,能源电力,常规招标,公开招标,HXZB-FW20260518,太原煤炭气化（集团）临汾燃气有限公司临汾市2026年市政老旧管网燃气改造工程设计（招标编号：HXZB-FW20260518），确定001第一标段的中标人如下:,山西省燃气规划设计研究院有限责任公司,参照《工程勘察设计收费标准（2002年修订本）》文件规定计费标准的68%计取，其中工程设计收费基价以施工单位中标价为准（包含安装费及主材费）,发布媒体：山西省招标投标公共服务平台、华新阳光采购平台,华新燃气集团有限公司、山西燃气集团有限公司,太原煤炭气化（集团）临汾燃气有限公司,,,,山西华新阳光科技咨询有限公司,太原市长治路345号东楼23层,李晓辉、张朝、闫潇腾,0351-2453225、2221733、2221755,2026-06-15 10:15:25,"华新阳光采购平台,山西省招标投标公共服务平台,中国招标投标公共服务平台",https://www.ygcgpt.com/#/biddingdetails?annId=2066341994024755200
依法,山西华新煤成气勘查开发有限公司2026年度榆社东区块煤层气勘探井抽油机采购中标结果公示,能源电力,常规招标,公开招标,HXCG-HW20260515,山西华新煤成气勘查开发有限公司2026年度榆社东区块煤层气勘探井抽油机采购（招标编号：HXCG-HW20260515），确定001第一标段的中标人如下:,渤海石油装备（天津）新世纪机械制造有限公司,5311000元,发布媒体：山西招标采购服务平台、华新阳光采购平台,华新燃气集团有限公司、山西华新煤成气勘查开发有限公司,山西华新煤成气勘查开发有限公司,,,,山西华新阳光科技咨询有限公司,太原市长治路345号东楼23层,李晓辉、张朝、闫潇腾,0351-2453225、2221733、2221755,2026-06-15 10:15:22,"华新阳光采购平台,中国招标投标公共服务平台,山西省招标投标协会/山西招标采购服务平台",https://www.ygcgpt.com/#/biddingdetails?annId=2066340947059367936
依法,山西蓝焰煤层气集团有限责任公司勘探分公司2026年钻井液技术服务重新招标中标结果公示,能源电力,重新招标,公开招标,HXZB-FW20260315,山西蓝焰煤层气集团有限责任公司勘探分公司2026年钻井液技术服务（招标编号：HXZB-FW20260315），确定001第一标段的中标人如下:,安徽陆海石油助剂科技有限公司,6575000.00元,发布媒体：山西招标采购服务平台、华新阳光采购平台,华新燃气集团有限公司、山西蓝焰控股股份有限公司,山西蓝焰控股股份有限公司,,,,山西华新阳光科技咨询有限公司,太原市长治路345号东楼23层,张朝、闫潇腾,0351-2453225、2221733、2221755,2026-06-15 10:15:16,"华新阳光采购平台,中国招标投标公共服务平台,山西省招标投标协会/山西招标采购服务平台",https://www.ygcgpt.com/#/biddingdetails?annId=2066338312000462848
依法,山西蓝焰煤层气集团有限责任公司和顺横岭、武乡南勘查区块全方位宽频带三维地震服务(001标段)中标结果公示,能源电力,常规招标,公开招标,HXZB-FW20260510,山西蓝焰煤层气集团有限责任公司和顺横岭、武乡南勘查区块全方位宽频带三维地震服务（招标编号：HXZB-FW20260510），确定001第一标段的中标人如下:,山西省煤炭地质物探测绘院有限公司,25080638元,发布媒体：山西省招标投标公共服务平台、华新阳光采购平台,华新燃气集团有限公司、山西蓝焰控股股份有限公司,山西蓝焰控股股份有限公司,,,,山西华新阳光科技咨询有限公司,太原市长治路345号东楼23层,李晓辉、张朝、闫潇腾,0351-2453225、2221733、2221755,2026-06-15 10:15:13,"华新阳光采购平台,山西省招标投标公共服务平台,中国招标投标公共服务平台",https://www.ygcgpt.com/#/biddingdetails?annId=2066335952872235008
依法,山西蓝焰煤层气集团有限责任公司和顺横岭、武乡南勘查区块全方位宽频带三维地震服务(002标段)中标结果公示,能源电力,常规招标,公开招标,HXZB-FW20260510,山西蓝焰煤层气集团有限责任公司和顺横岭、武乡南勘查区块全方位宽频带三维地震服务（招标编号：HXZB-FW20260510），确定002第二标段的中标人如下:,中煤科工西安研究院（集团）有限公司,15366740.00元,发布媒体：山西省招标投标公共服务平台、华新阳光采购平台,华新燃气集团有限公司、山西蓝焰控股股份有限公司,山西蓝焰控股股份有限公司,,,,山西华新阳光科技咨询有限公司,太原市长治路345号东楼23层,李晓辉、张朝、闫潇腾,0351-2453225、2221733、2221755,2026-06-15 10:15:10,"华新阳光采购平台,山西省招标投标公共服务平台,中国招标投标公共服务平台",https://www.ygcgpt.com/#/biddingdetails?annId=2066336495355125760
依法,太原天然气有限公司东社、新张、罗城调压站及大井峪管线所消防手续办理服务(004标段)中标结果公示,能源电力,常规招标,公开招标,HXZB-FW20260410,太原天然气有限公司东社、新张、罗城调压站及大井峪管线所消防手续办理服务（招标编号：HXZB-FW20260410），确定004第四标段的中标人如下:,山西京冠卓消防技术服务有限公司,290000元,发布媒体：山西招标采购服务平台、华新阳光采购平台,华新燃气集团有限公司、太原天然气有限公司,太原天然气有限公司,,,,山西华新阳光科技咨询有限公司,太原市长治路345号东楼23层,李晓辉、张朝、闫潇腾,0351-2453225、2221733、2221755,2026-06-15 10:15:04,"华新阳光采购平台,中国招标投标公共服务平台,山西省招标投标协会/山西招标采购服务平台",https://www.ygcgpt.com/#/biddingdetails?annId=2066333380518174720
依法,太原天然气有限公司东社、新张、罗城调压站及大井峪管线所消防手续办理服务(003标段)中标结果公示,能源电力,常规招标,公开招标,HXZB-FW20260410,太原天然气有限公司东社、新张、罗城调压站及大井峪管线所消防手续办理服务（招标编号：HXZB-FW20260410），确定003第三标段的中标人如下:,山西诚信建筑智能化工程有限公司,200000元,发布媒体：山西招标采购服务平台、华新阳光采购平台,华新燃气集团有限公司、太原天然气有限公司,太原天然气有限公司,,,,山西华新阳光科技咨询有限公司,太原市长治路345号东楼23层,李晓辉、张朝、闫潇腾,0351-2453225、2221733、2221755,2026-06-15 10:15:01,"华新阳光采购平台,中国招标投标公共服务平台,山西省招标投标协会/山西招标采购服务平台",https://www.ygcgpt.com/#/biddingdetails?annId=2066333187265617920
依法,太原天然气有限公司东社、新张、罗城调压站及大井峪管线所消防手续办理服务(002标段)中标结果公示,能源电力,常规招标,公开招标,HXZB-FW20260410,太原天然气有限公司东社、新张、罗城调压站及大井峪管线所消防手续办理服务（招标编号：HXZB-FW20260410），确定002第二标段的中标人如下:,山西诚信建筑智能化工程有限公司,210000元,发布媒体：山西招标采购服务平台、华新阳光采购平台,华新燃气集团有限公司、太原天然气有限公司,太原天然气有限公司,,,,山西华新阳光科技咨询有限公司,太原市长治路345号东楼23层,李晓辉、张朝、闫潇腾,0351-2453225、2221733、2221755,2026-06-15 10:14:55,"华新阳光采购平台,中国招标投标公共服务平台,山西省招标投标协会/山西招标采购服务平台",https://www.ygcgpt.com/#/biddingdetails?annId=2066333083527897088
依法,太原天然气有限公司东社、新张、罗城调压站及大井峪管线所消防手续办理服务(001标段)中标结果公示,能源电力,常规招标,公开招标,HXZB-FW20260410,太原天然气有限公司东社、新张、罗城调压站及大井峪管线所消防手续办理服务（招标编号：HXZB-FW20260410），确定001第一标段的中标人如下:,山西京冠卓消防技术服务有限公司,290000元,发布媒体：山西招标采购服务平台、华新阳光采购平台,华新燃气集团有限公司、太原天然气有限公司,太原天然气有限公司,,,,山西华新阳光科技咨询有限公司,太原市长治路345号东楼23层,李晓辉、张朝、闫潇腾,0351-2453225、2221733、2221755,2026-06-15 10:14:50,"华新阳光采购平台,中国招标投标公共服务平台,山西省招标投标协会/山西招标采购服务平台",https://www.ygcgpt.com/#/biddingdetails?annId=2066332967815438336
依法,山西蓝焰煤层气集团有限责任公司机电设备分公司主电机及高低压电控系统维修保养中标结果公示,能源电力,常规招标,公开招标,HXZB-FW20260508,山西蓝焰煤层气集团有限责任公司机电设备分公司主电机及高低压电控系统维修保养（招标编号：HXZB-FW20260508），确定001第一标段的中标人如下:,山西中控集创自动化科技有限公司,985138元,发布媒体：山西招标采购服务平台、华新阳光采购平台,华新燃气集团有限公司、山西蓝焰控股股份有限公司,山西蓝焰控股股份有限公司,,,,山西华新阳光科技咨询有限公司,太原市长治路345号东楼23层,张朝、闫潇腾,0351-2453225、2221733、2221755,2026-06-09 11:29:36,"华新阳光采购平台,中国招标投标公共服务平台,山西省招标投标协会/山西招标采购服务平台",https://www.ygcgpt.com/#/biddingdetails?annId=2064186952261918720
依法,山西蓝焰煤层气集团有限责任公司液压无杆泵升级改造及水环泵、电潜泵维修服务(001标段)中标结果公示,能源电力,常规招标,公开招标,HXZB-FW20260507,山西蓝焰煤层气集团有限责任公司液压无杆泵升级改造及水环泵、电潜泵维修服务（招标编号：HXZB-FW20260507），确定001第一标段的中标人如下:,山西亿成石油装备有限公司,1638000元,发布媒体：山西招标采购服务平台、华新阳光采购平台,华新燃气集团有限公司、山西蓝焰控股股份有限公司,山西蓝焰控股股份有限公司,,,,山西华新阳光科技咨询有限公司,太原市长治路345号东楼23层,张朝、闫潇腾,0351-2453225、2221733、2221755,2026-06-09 11:29:32,"华新阳光采购平台,中国招标投标公共服务平台,山西省招标投标协会/山西招标采购服务平台",https://www.ygcgpt.com/#/biddingdetails?annId=2064184402200584192
依法,山西蓝焰煤层气集团有限责任公司液压无杆泵升级改造及水环泵、电潜泵维修服务(002标段)中标结果公示,能源电力,常规招标,公开招标,HXZB-FW20260507,山西蓝焰煤层气集团有限责任公司液压无杆泵升级改造及水环泵、电潜泵维修服务（招标编号：HXZB-FW20260507），确定002第二标段的中标人如下:,胜利油田新海兴达实业集团有限责任公司,565252.00元,发布媒体：山西招标采购服务平台、华新阳光采购平台,华新燃气集团有限公司、山西蓝焰控股股份有限公司,山西蓝焰控股股份有限公司,,,,山西华新阳光科技咨询有限公司,太原市长治路345号东楼23层,张朝、闫潇腾,0351-2453225、2221733、2221755,2026-06-09 11:29:28,"华新阳光采购平台,中国招标投标公共服务平台,山西省招标投标协会/山西招标采购服务平台",https://www.ygcgpt.com/#/biddingdetails?annId=2064184614394617856
依法,山西天然气有限公司2026年度运维物资采购(005标段)二次招标中标结果公示,能源电力,二次招标,公开招标,HXZB-HW20260427,山西天然气有限公司2026年度运维物资采购（招标编号：HXZB-HW20260427），确定005第五标段的中标人如下:,山西桓溢科技有限责任公司,178860元,发布媒体：山西招标采购服务平台、华新阳光采购平台,华新燃气集团有限公司、山西天然气有限公司,山西天然气有限公司,,,,山西华新阳光科技咨询有限公司,太原市长治路345号东楼23层,李晓辉、张朝、闫潇腾,0351-2453225、2221733、2221755,2026-06-09 11:29:23,"华新阳光采购平台,中国招标投标公共服务平台,山西省招标投标协会/山西招标采购服务平台",https://www.ygcgpt.com/#/biddingdetails?annId=2064182922601127936
依法,山西蓝焰煤层气集团有限责任公司2026年晋城矿区煤层气加密井建设项目（二期）煤层气井工程监理服务重新二次招标中标结果公示,石油石化,重新二次招标,公开招标,HXZB-FW20260325,山西蓝焰煤层气集团有限责任公司2026年晋城矿区煤层气加密井建设项目（二期）煤层气井工程监理服务（招标编号：HXZB-FW20260325），确定001第一标段的中标人如下:,山西蓝焰煤层气工程研究有限责任公司,17024000.00元,发布媒体：山西省招标投标公共服务平台、华新阳光采购平台,华新燃气集团有限公司、山西蓝焰控股股份有限公司,山西蓝焰控股股份有限公司,,,,山西华新阳光科技咨询有限公司,太原市长治路345号东楼23层,李晓辉、张朝、闫潇腾,0351-2453225、2221733、2221755,2026-06-08 11:32:52,"华新阳光采购平台,山西省招标投标公共服务平台,中国招标投标公共服务平台",https://www.ygcgpt.com/#/biddingdetails?annId=2063822431852781568
依法,山西能源产业集团光伏发电有限公司各电站运行维护服务中标结果公示,能源电力,常规招标,公开招标,HXZB-FW20260505,山西能源产业集团光伏发电有限公司各电站运行维护服务（招标编号：HXZB-FW20260505），确定001第一标段的中标人如下:,山西中能运维新能源技术有限公司,994147.50元,发布媒体：山西招标采购服务平台、华新阳光采购平台,华新燃气集团有限公司、山西能源产业集团有限责任公司,山西能源产业集团光伏发电有限公司,,,,山西华新阳光科技咨询有限公司,太原市长治路345号东楼23层,张朝、闫潇腾,0351-2453225、2221733、2221755,2026-06-08 11:32:49,"华新阳光采购平台,中国招标投标公共服务平台,山西省招标投标协会/山西招标采购服务平台",https://www.ygcgpt.com/#/biddingdetails?annId=2063817897382338560
依法,太原天然气有限公司2026年燃气管网工程第一批聚乙烯（PE）管材及管件采购(001标段)中标结果公示,能源电力,常规招标,公开招标,HXZB-HW20260430,太原天然气有限公司2026年燃气管网工程第一批聚乙烯（PE）管材及管件采购（招标编号：HXZB-HW20260430），确定001第一标段的中标人如下:,河北一塑管道制造有限责任公司,2659917.08元,发布媒体：山西省招标投标公共服务平台、华新阳光采购平台,太原市城乡管理局、华新燃气集团有限公司、太原天然气有限公司,太原天然气有限公司,,,,山西华新阳光科技咨询有限公司,太原市长治路345号东楼23层,李晓辉、张朝、闫潇腾,0351-2453225、2221733、2221755,2026-06-08 11:32:46,"华新阳光采购平台,山西省招标投标公共服务平台,中国招标投标公共服务平台",https://www.ygcgpt.com/#/biddingdetails?annId=2063816154548363264
依法,太原天然气有限公司2026年燃气管网工程第一批聚乙烯（PE）管材及管件采购(002标段)中标结果公示,能源电力,常规招标,公开招标,HXZB-HW20260430,太原天然气有限公司2026年燃气管网工程第一批聚乙烯（PE）管材及管件采购（招标编号：HXZB-HW20260430），确定002第二标段的中标人如下:,四川森普管材股份有限公司,1904408.00元,发布媒体：山西省招标投标公共服务平台、华新阳光采购平台,太原市城乡管理局、华新燃气集团有限公司、太原天然气有限公司,太原天然气有限公司,,,,山西华新阳光科技咨询有限公司,太原市长治路345号东楼23层,李晓辉、张朝、闫潇腾,0351-2453225、2221733、2221755,2026-06-08 11:32:43,"华新阳光采购平台,山西省招标投标公共服务平台,中国招标投标公共服务平台",https://www.ygcgpt.com/#/biddingdetails?annId=2063816329689915392
依法,太原天然气有限公司2026年燃气输送用不锈钢波纹软管及配套管件采购中标结果公示,能源电力,常规招标,公开招标,HXZB-HW20260428,太原天然气有限公司2026年燃气输送用不锈钢波纹软管及配套管件采购（招标编号：HXZB-HW20260428），确定001第一标段的中标人如下:,宁波市安邦管业有限公司,2378650.00元,发布媒体：山西省招标投标公共服务平台、华新阳光采购平台,太原市城乡管理局、华新燃气集团有限公司、太原天然气有限公司,太原天然气有限公司,,,,山西华新阳光科技咨询有限公司,太原市长治路345号东楼23层,李晓辉、张朝、闫潇腾,0351-2453225、2221733、2221755,2026-06-08 11:32:40,"华新阳光采购平台,山西省招标投标公共服务平台,中国招标投标公共服务平台",https://www.ygcgpt.com/#/biddingdetails?annId=2063814854867771392
依法,山西铭石煤层气利用股份有限公司2026年度城网及零星维修工程（第一阶段）施工(004标段)中标结果公示,能源电力,常规招标,公开招标,HXZB-GC20260430,山西铭石煤层气利用股份有限公司2026年度城网及零星维修工程（第一阶段）施工（招标编号：HXZB-GC20260430），确定004第四标段的中标人如下:,兴润建设集团有限公司,144466.28元,发布媒体：山西招标采购服务平台、华新阳光采购平台,华新燃气集团有限公司、山西华新城市燃气集团有限公司,山西铭石煤层气利用股份有限公司,,,,山西华新阳光科技咨询有限公司,太原市长治路345号东楼23层,张朝、闫潇腾,0351-2453225、2221733、2221755,2026-06-08 11:32:34,"华新阳光采购平台,中国招标投标公共服务平台,山西省招标投标协会/山西招标采购服务平台",https://www.ygcgpt.com/#/biddingdetails?annId=2063813074645770240
依法,山西铭石煤层气利用股份有限公司2026年度城网及零星维修工程（第一阶段）施工(003标段)中标结果公示,能源电力,常规招标,公开招标,HXZB-GC20260430,山西铭石煤层气利用股份有限公司2026年度城网及零星维修工程（第一阶段）施工（招标编号：HXZB-GC20260430），确定003第三标段的中标人如下:,创迈建工集团有限公司,146512.6元,发布媒体：山西招标采购服务平台、华新阳光采购平台,华新燃气集团有限公司、山西华新城市燃气集团有限公司,山西铭石煤层气利用股份有限公司,,,,山西华新阳光科技咨询有限公司,太原市长治路345号东楼23层,张朝、闫潇腾,0351-2453225、2221733、2221755,2026-06-08 11:32:31,"华新阳光采购平台,中国招标投标公共服务平台,山西省招标投标协会/山西招标采购服务平台",https://www.ygcgpt.com/#/biddingdetails?annId=2063812886099222528
依法,山西铭石煤层气利用股份有限公司2026年度城网及零星维修工程（第一阶段）施工(002标段)中标结果公示,能源电力,常规招标,公开招标,HXZB-GC20260430,山西铭石煤层气利用股份有限公司2026年度城网及零星维修工程（第一阶段）施工（招标编号：HXZB-GC20260430），确定002第二标段的中标人如下:,中振建设有限公司,138883.19元,发布媒体：山西招标采购服务平台、华新阳光采购平台,华新燃气集团有限公司、山西华新城市燃气集团有限公司,山西铭石煤层气利用股份有限公司,,,,山西华新阳光科技咨询有限公司,太原市长治路345号东楼23层,张朝、闫潇腾,0351-2453225、2221733、2221755,2026-06-08 11:32:29,"华新阳光采购平台,中国招标投标公共服务平台,山西省招标投标协会/山西招标采购服务平台",https://www.ygcgpt.com/#/biddingdetails?annId=2063812784764837888
依法,山西铭石煤层气利用股份有限公司2026年度城网及零星维修工程（第一阶段）施工(001标段)中标结果公示,能源电力,常规招标,公开招标,HXZB-GC20260430,山西铭石煤层气利用股份有限公司2026年度城网及零星维修工程（第一阶段）施工（招标编号：HXZB-GC20260430），确定001第一标段的中标人如下:,山西沪晋市政工程有限公司,141003.15元,发布媒体：山西招标采购服务平台、华新阳光采购平台,华新燃气集团有限公司、山西华新城市燃气集团有限公司,山西铭石煤层气利用股份有限公司,,,,山西华新阳光科技咨询有限公司,太原市长治路345号东楼23层,张朝、闫潇腾,0351-2453225、2221733、2221755,2026-06-08 11:32:26,"华新阳光采购平台,中国招标投标公共服务平台,山西省招标投标协会/山西招标采购服务平台",https://www.ygcgpt.com/#/biddingdetails?annId=2063812668691668992
依法,山西天然气有限公司流量计检测辅助装置项目设备采购(001标段)二次重新招标中标结果公示,能源电力,二次重新招标,公开招标,HXZB-HW20260212,山西天然气有限公司流量计检测辅助装置项目设备采购（招标编号：HXZB-HW20260212），确定001第一标段的中标人如下:,成都成高阀门股份有限公司,2262202元,发布媒体：山西招标采购服务平台、华新阳光采购平台,华新燃气集团有限公司、山西天然气有限公司,山西天然气有限公司,,,,山西华新阳光科技咨询有限公司,太原市长治路345号东楼23层,李晓辉、张朝、闫潇腾,0351-2453225、2221733、2221755,2026-06-08 11:32:21,"华新阳光采购平台,中国招标投标公共服务平台,山西省招标投标协会/山西招标采购服务平台",https://www.ygcgpt.com/#/biddingdetails?annId=2063810844202983424
依法,山西华新液化天然气集团有限公司液化工厂2026年物资采购(006标段)中标结果公示,能源电力,常规招标,公开招标,HXZB-HW20260319,山西华新液化天然气集团有限公司液化工厂2026年物资采购（招标编号：HXZB-HW20260319），确定006第六标段的中标人如下:,山西奇斯特科技有限公司,390086元,发布媒体：山西招标采购服务平台、华新阳光采购平台,华新燃气集团有限公司、山西华新液化天然气集团有限公司,山西华新液化天然气集团有限公司,,,,山西华新阳光科技咨询有限公司,太原市长治路345号东楼23层,李晓辉、张朝、闫潇腾,0351-2453225、2221733、2221755,2026-06-08 11:32:18,"华新阳光采购平台,中国招标投标公共服务平台,山西省招标投标协会/山西招标采购服务平台",https://www.ygcgpt.com/#/biddingdetails?annId=2063808475851481088
依法,山西华新液化天然气集团有限公司液化工厂2026年物资采购(005标段)中标结果公示,能源电力,常规招标,公开招标,HXZB-HW20260319,山西华新液化天然气集团有限公司液化工厂2026年物资采购（招标编号：HXZB-HW20260319），确定005第五标段的中标人如下:,山西博力友拓商贸科技有限公司,201571元,发布媒体：山西招标采购服务平台、华新阳光采购平台,华新燃气集团有限公司、山西华新液化天然气集团有限公司,山西华新液化天然气集团有限公司,,,,山西华新阳光科技咨询有限公司,太原市长治路345号东楼23层,李晓辉、张朝、闫潇腾,0351-2453225、2221733、2221755,2026-06-08 11:32:15,"华新阳光采购平台,中国招标投标公共服务平台,山西省招标投标协会/山西招标采购服务平台",https://www.ygcgpt.com/#/biddingdetails?annId=2063808231529078784
依法,山西华新液化天然气集团有限公司液化工厂2026年物资采购(004标段)中标结果公示,能源电力,常规招标,公开招标,HXZB-HW20260319,山西华新液化天然气集团有限公司液化工厂2026年物资采购（招标编号：HXZB-HW20260319），确定004第四标段的中标人如下:,山西金盛元工贸有限公司,797020元,发布媒体：山西招标采购服务平台、华新阳光采购平台,华新燃气集团有限公司、山西华新液化天然气集团有限公司,山西华新液化天然气集团有限公司,,,,山西华新阳光科技咨询有限公司,太原市长治路345号东楼23层,李晓辉、张朝、闫潇腾,0351-2453225、2221733、2221755,2026-06-08 11:32:11,"华新阳光采购平台,中国招标投标公共服务平台,山西省招标投标协会/山西招标采购服务平台",https://www.ygcgpt.com/#/biddingdetails?annId=2063808144795066368
依法,山西华新液化天然气集团有限公司液化工厂2026年物资采购(003标段)中标结果公示,能源电力,常规招标,公开招标,HXZB-HW20260319,山西华新液化天然气集团有限公司液化工厂2026年物资采购（招标编号：HXZB-HW20260319），确定003第三标段的中标人如下:,山西鑫淮远商贸有限公司,249629元,发布媒体：山西招标采购服务平台、华新阳光采购平台,华新燃气集团有限公司、山西华新液化天然气集团有限公司,山西华新液化天然气集团有限公司,,,,山西华新阳光科技咨询有限公司,太原市长治路345号东楼23层,李晓辉、张朝、闫潇腾,0351-2453225、2221733、2221755,2026-06-08 11:32:07,"华新阳光采购平台,中国招标投标公共服务平台,山西省招标投标协会/山西招标采购服务平台",https://www.ygcgpt.com/#/biddingdetails?annId=2063808061894647808
依法,山西华新液化天然气集团有限公司液化工厂2026年物资采购(002标段)中标结果公示,能源电力,常规招标,公开招标,HXZB-HW20260319,山西华新液化天然气集团有限公司液化工厂2026年物资采购（招标编号：HXZB-HW20260319），确定002第二标段的中标人如下:,山西晋深能源装备有限公司,666010元,发布媒体：山西招标采购服务平台、华新阳光采购平台,华新燃气集团有限公司、山西华新液化天然气集团有限公司,山西华新液化天然气集团有限公司,,,,山西华新阳光科技咨询有限公司,太原市长治路345号东楼23层,李晓辉、张朝、闫潇腾,0351-2453225、2221733、2221755,2026-06-08 11:32:03,"华新阳光采购平台,中国招标投标公共服务平台,山西省招标投标协会/山西招标采购服务平台",https://www.ygcgpt.com/#/biddingdetails?annId=2063807991518420992
依法,山西华新液化天然气集团有限公司液化工厂2026年物资采购(001标段)中标结果公示,能源电力,常规招标,公开招标,HXZB-HW20260319,山西华新液化天然气集团有限公司液化工厂2026年物资采购（招标编号：HXZB-HW20260319），确定001第一标段的中标人如下:,山西澳天源工贸有限公司,774124.4元,发布媒体：山西招标采购服务平台、华新阳光采购平台,华新燃气集团有限公司、山西华新液化天然气集团有限公司,山西华新液化天然气集团有限公司,,,,山西华新阳光科技咨询有限公司,太原市长治路345号东楼23层,李晓辉、张朝、闫潇腾,0351-2453225、2221733、2221755,2026-06-08 11:29:50,"华新阳光采购平台,中国招标投标公共服务平台,山西省招标投标协会/山西招标采购服务平台",https://www.ygcgpt.com/#/biddingdetails?annId=2063807883942912000
依法,山西华新煤成气勘查开发有限公司2026年度榆社东区块软体水罐采购中标结果公示,能源电力,常规招标,公开招标,HXZB-HW20260429,山西华新煤成气勘查开发有限公司2026年度榆社东区块软体水罐采购（招标编号：HXZB-HW20260429），确定001第一标段的中标人如下:,山东高巨新材料有限公司,3000000.00元,发布媒体：山西招标采购服务平台、华新阳光采购平台,华新燃气集团有限公司、山西华新煤成气勘查开发有限公司,山西华新煤成气勘查开发有限公司,,,,山西华新阳光科技咨询有限公司,太原市长治路345号东楼23层,李晓辉、张朝、闫潇腾,0351-2453225、2221733、2221755,2026-06-08 11:29:45,"华新阳光采购平台,中国招标投标公共服务平台,山西省招标投标协会/山西招标采购服务平台",https://www.ygcgpt.com/#/biddingdetails?annId=2063805823222636544
依法,山西蓝焰煤层气集团有限责任公司石西区块土地生态恢复项目中标结果公示,能源电力,常规招标,公开招标,HXZB-FW20260429,山西蓝焰煤层气集团有限责任公司石西区块土地生态恢复项目（招标编号：HXZB-FW20260429），确定001第一标段的中标人如下:,山东正元建设工程有限责任公司,7128536.00元,发布媒体：山西招标采购服务平台、华新阳光采购平台,华新燃气集团有限公司、山西蓝焰控股股份有限公司,山西蓝焰控股股份有限公司,,,,山西华新阳光科技咨询有限公司,太原市长治路345号东楼23层,李晓辉、张朝、闫潇腾,0351-2453225、2221733、2221755,2026-06-02 10:11:04,"华新阳光采购平台,中国招标投标公共服务平台,山西省招标投标协会/山西招标采购服务平台",https://www.ygcgpt.com/#/biddingdetails?annId=2061630476158853120
依法,山西天然气有限公司2026年度运维物资采购(012标段)中标结果公示,能源电力,常规招标,公开招标,HXZB-HW20260427,山西天然气有限公司2026年度运维物资采购（招标编号：HXZB-HW20260427），确定012第十二标段的中标人如下:,良正阀门有限公司,336017元,发布媒体：山西招标采购服务平台、华新阳光采购平台,华新燃气集团有限公司、山西天然气有限公司,山西天然气有限公司,,,,山西华新阳光科技咨询有限公司,太原市长治路345号东楼23层,李晓辉、张朝、闫潇腾,0351-2453225、2221733、2221755,2026-06-02 09:47:12,"华新阳光采购平台,中国招标投标公共服务平台,山西省招标投标协会/山西招标采购服务平台",https://www.ygcgpt.com/#/biddingdetails?annId=2061622205859586048
依法,山西天然气有限公司2026年度运维物资采购(011标段)中标结果公示,能源电力,常规招标,公开招标,HXZB-HW20260427,山西天然气有限公司2026年度运维物资采购（招标编号：HXZB-HW20260427），确定011第十一标段的中标人如下:,北京中能远大科技发展有限公司,4335656元,发布媒体：山西招标采购服务平台、华新阳光采购平台,华新燃气集团有限公司、山西天然气有限公司,山西天然气有限公司,,,,山西华新阳光科技咨询有限公司,太原市长治路345号东楼23层,李晓辉、张朝、闫潇腾,0351-2453225、2221733、2221755,2026-06-02 09:47:08,"华新阳光采购平台,中国招标投标公共服务平台,山西省招标投标协会/山西招标采购服务平台",https://www.ygcgpt.com/#/biddingdetails?annId=2061622120018960384
依法,山西天然气有限公司2026年度运维物资采购(010标段)中标结果公示,能源电力,常规招标,公开招标,HXZB-HW20260427,山西天然气有限公司2026年度运维物资采购（招标编号：HXZB-HW20260427），确定010第十标段的中标人如下:,自贡自高阀门有限公司,3479098元,发布媒体：山西招标采购服务平台、华新阳光采购平台,华新燃气集团有限公司、山西天然气有限公司,山西天然气有限公司,,,,山西华新阳光科技咨询有限公司,太原市长治路345号东楼23层,李晓辉、张朝、闫潇腾,0351-2453225、2221733、2221755,2026-06-02 09:47:05,"华新阳光采购平台,中国招标投标公共服务平台,山西省招标投标协会/山西招标采购服务平台",https://www.ygcgpt.com/#/biddingdetails?annId=2061621984782016512
依法,山西天然气有限公司2026年度运维物资采购(008标段)中标结果公示,能源电力,常规招标,公开招标,HXZB-HW20260427,山西天然气有限公司2026年度运维物资采购（招标编号：HXZB-HW20260427），确定008第八标段的中标人如下:,博思特能源装备（天津）股份有限公司,1134000元,发布媒体：山西招标采购服务平台、华新阳光采购平台,华新燃气集团有限公司、山西天然气有限公司,山西天然气有限公司,,,,山西华新阳光科技咨询有限公司,太原市长治路345号东楼23层,李晓辉、张朝、闫潇腾,0351-2453225、2221733、2221755,2026-06-02 09:46:59,"华新阳光采购平台,中国招标投标公共服务平台,山西省招标投标协会/山西招标采购服务平台",https://www.ygcgpt.com/#/biddingdetails?annId=2061621897444024320
依法,山西天然气有限公司2026年度运维物资采购(007标段)中标结果公示,能源电力,常规招标,公开招标,HXZB-HW20260427,山西天然气有限公司2026年度运维物资采购（招标编号：HXZB-HW20260427），确定007第七标段的中标人如下:,山西德众翔科技有限公司,540056.00元,发布媒体：山西招标采购服务平台、华新阳光采购平台,华新燃气集团有限公司、山西天然气有限公司,山西天然气有限公司,,,,山西华新阳光科技咨询有限公司,太原市长治路345号东楼23层,李晓辉、张朝、闫潇腾,0351-2453225、2221733、2221755,2026-06-02 09:46:56,"华新阳光采购平台,中国招标投标公共服务平台,山西省招标投标协会/山西招标采购服务平台",https://www.ygcgpt.com/#/biddingdetails?annId=2061621739125825536
依法,山西天然气有限公司2026年度运维物资采购(006标段)中标结果公示,能源电力,常规招标,公开招标,HXZB-HW20260427,山西天然气有限公司2026年度运维物资采购（招标编号：HXZB-HW20260427），确定006第六标段的中标人如下:,北京奕博科技有限公司,792520元,发布媒体：山西招标采购服务平台、华新阳光采购平台,华新燃气集团有限公司、山西天然气有限公司,山西天然气有限公司,,,,山西华新阳光科技咨询有限公司,太原市长治路345号东楼23层,李晓辉、张朝、闫潇腾,0351-2453225、2221733、2221755,2026-06-02 09:46:53,"华新阳光采购平台,中国招标投标公共服务平台,山西省招标投标协会/山西招标采购服务平台",https://www.ygcgpt.com/#/biddingdetails?annId=2061621649933950976
依法,山西天然气有限公司2026年度运维物资采购(004标段)中标结果公示,能源电力,常规招标,公开招标,HXZB-HW20260427,山西天然气有限公司2026年度运维物资采购（招标编号：HXZB-HW20260427），确定004第四标段的中标人如下:,山西德众翔科技有限公司,152764.00元,发布媒体：山西招标采购服务平台、华新阳光采购平台,华新燃气集团有限公司、山西天然气有限公司,山西天然气有限公司,,,,山西华新阳光科技咨询有限公司,太原市长治路345号东楼23层,李晓辉、张朝、闫潇腾,0351-2453225、2221733、2221755,2026-06-02 09:46:47,"华新阳光采购平台,中国招标投标公共服务平台,山西省招标投标协会/山西招标采购服务平台",https://www.ygcgpt.com/#/biddingdetails?annId=2061621567624929280
依法,山西天然气有限公司2026年度运维物资采购(003标段)中标结果公示,能源电力,常规招标,公开招标,HXZB-HW20260427,山西天然气有限公司2026年度运维物资采购（招标编号：HXZB-HW20260427），确定003第三标段的中标人如下:,山西自高飞球阀门销售有限公司,3820173元,发布媒体：山西招标采购服务平台、华新阳光采购平台,华新燃气集团有限公司、山西天然气有限公司,山西天然气有限公司,,,,山西华新阳光科技咨询有限公司,太原市长治路345号东楼23层,李晓辉、张朝、闫潇腾,0351-2453225、2221733、2221755,2026-06-02 09:46:44,"华新阳光采购平台,中国招标投标公共服务平台,山西省招标投标协会/山西招标采购服务平台",https://www.ygcgpt.com/#/biddingdetails?annId=2061621434623549440
依法,山西天然气有限公司2026年度运维物资采购(001标段)中标结果公示,能源电力,常规招标,公开招标,HXZB-HW20260427,山西天然气有限公司2026年度运维物资采购（招标编号：HXZB-HW20260427），确定001第一标段的中标人如下:,北京中能远大科技发展有限公司,2572563元,发布媒体：山西招标采购服务平台、华新阳光采购平台,华新燃气集团有限公司、山西天然气有限公司,山西天然气有限公司,,,,山西华新阳光科技咨询有限公司,太原市长治路345号东楼23层,李晓辉、张朝、闫潇腾,0351-2453225、2221733、2221755,2026-06-02 09:46:39,"华新阳光采购平台,中国招标投标公共服务平台,山西省招标投标协会/山西招标采购服务平台",https://www.ygcgpt.com/#/biddingdetails?annId=2061621329744977920
依法,吕梁蓝焰煤层气有限责任公司通勤车用车服务中标结果公示,能源电力,常规招标,公开招标,HXZB-FW20260428,吕梁蓝焰煤层气有限责任公司通勤车用车服务（招标编号：HXZB-FW20260428），确定001第一标段的中标人如下:,晋城市安顺通汽车运输有限公司,1206000元,发布媒体：山西招标采购服务平台、华新阳光采购平台,华新燃气集团有限公司、山西蓝焰控股股份有限公司,山西蓝焰控股股份有限公司,,,,山西华新阳光科技咨询有限公司,太原市长治路345号东楼23层,张朝、闫潇腾,0351-2453225、2221733、2221755,2026-06-01 10:21:29,"华新阳光采购平台,中国招标投标公共服务平台,山西省招标投标协会/山西招标采购服务平台",https://www.ygcgpt.com/#/biddingdetails?annId=2061270938603839488
依法,山西燃气产业集团有限公司神原五分公司神原线安全隐患问题整改施工中标结果公示,能源电力,常规招标,公开招标,HXZB-GC20260429,山西燃气产业集团有限公司神原五分公司神原线安全隐患问题整改施工（招标编号：HXZB-GC20260429），确定001第一标段的中标人如下:,中油石化建设工程有限公司,9730652.65元,发布媒体：山西招标采购服务平台、华新阳光采购平台,华新燃气集团有限公司、山西燃气产业集团有限公司,山西燃气产业集团有限公司神原五分公司,,,,山西华新阳光科技咨询有限公司,太原市长治路345号东楼23层,王挺、周文博,0351-2453225、2221733、2221755,2026-05-26 11:27:53,"华新阳光采购平台,中国招标投标公共服务平台,山西省招标投标协会/山西招标采购服务平台",https://www.ygcgpt.com/#/biddingdetails?annId=2059113115367333888
依法,山西蓝焰煤层气集团有限责任公司晋城矿区煤层气加密井建设项目（二期）煤层气井测井技术服务重新招标中标结果公示,石油石化,重新招标,公开招标,HXZB-FW20260326,山西蓝焰煤层气集团有限责任公司晋城矿区煤层气加密井建设项目（二期）煤层气井测井技术服务（招标编号：HXZB-FW20260326），确定001第一标段的中标人如下:,山西蓝焰煤层气工程研究有限责任公司,9286075元,发布媒体：山西省招标投标公共服务平台、华新阳光采购平台,华新燃气集团有限公司、山西蓝焰控股股份有限公司,山西蓝焰控股股份有限公司,,,,山西华新阳光科技咨询有限公司,太原市长治路345号东楼23层,李晓辉、张朝、闫潇腾,0351-2453225、2221733、2221755,2026-05-26 11:27:49,"华新阳光采购平台,山西省招标投标公共服务平台,中国招标投标公共服务平台",https://www.ygcgpt.com/#/biddingdetails?annId=2059112030833565696
依法,山西蓝焰煤层气集团有限责任公司2026年外部区块、晋城矿区煤层气加密井建设项目（二期）煤层气井测、录井监理及技术服务二次招标中标结果公示,能源电力,二次招标,公开招标,HXZB-FW20260405,山西蓝焰煤层气集团有限责任公司2026年外部区块、晋城矿区煤层气加密井建设项目（二期）煤层气井测、录井监理及技术服务（招标编号：HXZB-FW20260405），确定001第一标段的中标人如下:,河南豫中地质勘查工程有限公司,2792360.00元,发布媒体：山西省招标投标公共服务平台、华新阳光采购平台,华新燃气集团有限公司、山西蓝焰控股股份有限公司,山西蓝焰控股股份有限公司,,,,山西华新阳光科技咨询有限公司,太原市长治路345号东楼23层,李晓辉、张朝、闫潇腾,0351-2453225、2221733、2221755,2026-05-25 10:57:35,"华新阳光采购平台,山西省招标投标公共服务平台,中国招标投标公共服务平台",https://www.ygcgpt.com/#/biddingdetails?annId=2058740119305805824
依法,山西平遥液化天然气有限责任公司LNG液化工厂新建35kV线路及变电站施工总承包中标结果公示,能源电力,常规招标,公开招标,HXZB-GC20260331,山西平遥液化天然气有限责任公司LNG液化工厂新建35kV线路及变电站施工总承包（招标编号：HXZB-GC20260331），确定001第一标段的中标人如下:,山西智方能电力工程有限公司,11001618元,发布媒体：山西省招标投标公共服务平台、华新阳光采购平台,平遥县工业和信息化局、华新燃气集团有限公司、山西华新液化天然气集团有限公司,山西平遥液化天然气有限责任公司,,,,山西华新阳光科技咨询有限公司,太原市长治路345号东楼23层,李晓辉、张朝、闫潇腾,0351-2453225、2221733、2221755,2026-05-25 09:36:51,"华新阳光采购平台,山西省招标投标公共服务平台,中国招标投标公共服务平台",https://www.ygcgpt.com/#/biddingdetails?annId=2058718432350789632
依法,山西华新煤成气勘查开发有限公司2026年度榆社东区块煤层气勘探井压裂工程用石英砂采购中标结果公示,能源电力,常规招标,公开招标,HXZB-HW20260313,山西华新煤成气勘查开发有限公司2026年度榆社东区块煤层气勘探井压裂工程用石英砂（招标编号：HXZB-HW20260313），确定001第一标段的中标人如下:,郑州鑫源防磨耐材有限公司,4387305.00元,发布媒体：山西招标采购服务平台、华新阳光采购平台,华新燃气集团有限公司、山西华新煤成气勘查开发有限公司,山西华新煤成气勘查开发有限公司,,,,山西华新阳光科技咨询有限公司,太原市长治路345号东楼23层,李晓辉、张朝、闫潇腾,0351-2453225、2221733、2221755,2026-05-22 11:09:11,"华新阳光采购平台,中国招标投标公共服务平台,山西省招标投标协会/山西招标采购服务平台",https://www.ygcgpt.com/#/biddingdetails?annId=2057652625059438592
依法,山西国化能源有限责任公司、山西国化能源燃气输配有限公司、山西国化科思燃气有限公司自控系统维护项目中标结果公示,能源电力,常规招标,公开招标,HXZB-FW20260423,山西国化能源有限责任公司、山西国化能源燃气输配有限公司、山西国化科思燃气有限公司自控系统维护项目（招标编号：HXZB-FW20260423），确定001第一标段的中标人如下:,山西晋路同创信息技术有限公司,342400元,发布媒体：山西招标采购服务平台、华新阳光采购平台,华新燃气集团有限公司、山西天然气有限公司,山西国化能源有限责任公司,,,,山西华新阳光科技咨询有限公司,太原市长治路345号东楼23层,王挺、周文博,0351-2453225、2221733、2221755,2026-05-21 11:08:03,"华新阳光采购平台,中国招标投标公共服务平台,山西省招标投标协会/山西招标采购服务平台",https://www.ygcgpt.com/#/biddingdetails?annId=2057294789695594496
依法,分布式光伏发电项目总承包（EPC）(002标段)中标结果公示,能源电力,常规招标,公开招标,HXZB-GC20260415,分布式光伏发电项目总承包（EPC）（招标编号：HXZB-GC20260415），确定002第二标段的中标人如下:,众森建设集团有限公司,3463935.00元,发布媒体：山西招标采购服务平台、华新阳光采购平台,华新燃气集团有限公司、山西华新液化天然气集团有限公司,山西华新液化天然气集团有限公司,,,,山西华新阳光科技咨询有限公司,太原市长治路345号东楼23层,李晓辉、张朝、闫潇腾,0351-2453225、2221733、2221755,2026-05-21 11:07:59,"华新阳光采购平台,中国招标投标公共服务平台,山西省招标投标协会/山西招标采购服务平台",https://www.ygcgpt.com/#/biddingdetails?annId=2057292975831080960
依法,分布式光伏发电项目总承包（EPC）(001标段)中标结果公示,能源电力,常规招标,公开招标,HXZB-GC20260415,分布式光伏发电项目总承包（EPC）（招标编号：HXZB-GC20260415），确定001第一标段的中标人如下:,山西通利电力工程有限公司(山西龙城旭昇建设有限公司),3486112.59元,发布媒体：山西招标采购服务平台、华新阳光采购平台,华新燃气集团有限公司、山西华新液化天然气集团有限公司,山西华新液化天然气集团有限公司,,,,山西华新阳光科技咨询有限公司,太原市长治路345号东楼23层,李晓辉、张朝、闫潇腾,0351-2453225、2221733、2221755,2026-05-21 11:07:56,"华新阳光采购平台,中国招标投标公共服务平台,山西省招标投标协会/山西招标采购服务平台",https://www.ygcgpt.com/#/biddingdetails?annId=2057292818729230336
依法,太原天然气有限公司2026年燃气工程3PE防腐钢管采购中标结果公示,能源电力,常规招标,公开招标,HXZB-HW20260421,太原天然气有限公司2026年燃气工程3PE防腐钢管采购（招标编号：HXZB-HW20260421），确定001第一标段的中标人如下:,沧州市鑫宜达管道有限公司,3075608.00元,发布媒体：山西省招标投标公共服务平台、华新阳光采购平台,太原市城乡管理局、华新燃气集团有限公司、太原天然气有限公司,太原天然气有限公司,,,,山西华新阳光科技咨询有限公司,太原市长治路345号东楼23层,李晓辉、张朝、闫潇腾,0351-2453225、2221733、2221755,2026-05-21 11:07:53,"华新阳光采购平台,山西省招标投标公共服务平台,中国招标投标公共服务平台",https://www.ygcgpt.com/#/biddingdetails?annId=2057289703544152064
依法,山西华新煤成气勘查开发有限公司2026年度榆社东区块煤层气勘探井油管采购中标结果公示,能源电力,常规招标,公开招标,HXZB-HW20260402,山西华新煤成气勘查开发有限公司2026年度榆社东区块煤层气勘探井油管采购（招标编号：HXZB-HW20260402），确定001第一标段的中标人如下:,山东墨龙石油机械股份有限公司,2192250.00元,发布媒体：山西招标采购服务平台、华新阳光采购平台,华新燃气集团有限公司、山西华新煤成气勘查开发有限公司,山西华新煤成气勘查开发有限公司,,,,山西华新阳光科技咨询有限公司,太原市长治路345号东楼23层,李晓辉、张朝、闫潇腾,0351-2453225、2221733、2221755,2026-05-21 11:05:42,"华新阳光采购平台,中国招标投标公共服务平台,山西省招标投标协会/山西招标采购服务平台",https://www.ygcgpt.com/#/biddingdetails?annId=2057286216643076096
依法,山西平遥液化天然气有限责任公司液化天然气（LNG）装置主冷箱设备采购二次重新招标中标结果公示,房屋建筑,二次重新招标,公开招标,HXZB-HW20260302,山西平遥液化天然气有限责任公司液化天然气（LNG）装置主冷箱设备采购（招标编号：HXZB-HW20260302），确定001第一标段的中标人如下:,杭州中泰深冷技术股份有限公司,3050000元,发布媒体：山西招标采购服务平台、华新阳光采购平台,华新燃气集团有限公司、山西华新液化天然气集团有限公司,山西平遥液化天然气有限责任公司,,,,山西华新阳光科技咨询有限公司,太原市长治路345号东楼23层,李晓辉、张朝、闫潇腾,0351-2453225、2221733、2221755,2026-05-19 11:01:26,"华新阳光采购平台,中国招标投标公共服务平台,山西省招标投标协会/山西招标采购服务平台",https://www.ygcgpt.com/#/biddingdetails?annId=2056568565205655552
依法,太原天然气有限公司太原市市政道路老旧燃气管网及燃气管道系统安全治理工程(一期)及燃气管网生命线安全工程（一期）项目智能化设备采购(007标段)重新二次招标中标结果公示,能源电力,重新二次招标,公开招标,HXZB-HW20260309,太原天然气有限公司太原市市政道路老旧燃气管网及燃气管道系统安全治理工程(一期)及燃气管网生命线安全工程（一期）项目智能化设备采购（招标编号：HXZB-HW20260309），确定007第七标段的中标人如下:,南京益美沃电子科技有限公司,225200元,发布媒体：山西省招标投标公共服务平台、华新阳光采购平台,太原市城乡管理局、华新燃气集团有限公司、太原天然气有限公司,太原天然气有限公司,,,,山西华新阳光科技咨询有限公司,太原市长治路345号东楼23层,李晓辉、张朝、闫潇腾,0351-2453225、2221733、2221755,2026-05-19 11:01:24,"华新阳光采购平台,山西省招标投标公共服务平台,中国招标投标公共服务平台",https://www.ygcgpt.com/#/biddingdetails?annId=2056567285397676032
依法,太原煤炭气化（集团）临汾燃气有限公司临汾市尧都区2026年老旧庭院燃气管道及用户安全设施更新改造项目设计服务中标结果公示,能源电力,常规招标,公开招标,HXZB-FW20260414,太原煤炭气化（集团）临汾燃气有限公司临汾市尧都区2026年老旧庭院燃气管道及用户安全设施更新改造项目设计服务（招标编号：HXZB-FW20260414），确定001第一标段的中标人如下:,山西省燃气规划设计研究院有限责任公司,参照《工程勘察设计收费标准（2002年修订本）》文件规定计费标准的68%计取，其中工程设计收费基价以施工单位中标价为准（包含安装费及主材费）,发布媒体：山西省招标投标公共服务平台、华新阳光采购平台,华新燃气集团有限公司、山西燃气集团有限公司,太原煤炭气化（集团）临汾燃气有限公司,,,,山西华新阳光科技咨询有限公司,太原市长治路345号东楼23层,李晓辉、张朝、闫潇腾,0351-2453225、2221733、2221755,2026-05-19 11:01:21,"华新阳光采购平台,山西省招标投标公共服务平台,中国招标投标公共服务平台",https://www.ygcgpt.com/#/biddingdetails?annId=2056566096882917376
依法,太原煤炭气化（集团）临汾燃气有限公司临汾市2026年平阳南北街市政老旧管网燃气改造工程施工(001标段)中标结果公示,能源电力,常规招标,公开招标,HXZB-GC20260416,太原煤炭气化（集团）临汾燃气有限公司临汾市2026年平阳南北街市政老旧管网燃气改造工程施工（招标编号：HXZB-GC20260416），确定001第一标段的中标人如下:,山东亿嘉润建设有限公司,2921910.53元,发布媒体：山西招标采购服务平台、华新阳光采购平台,华新燃气集团有限公司、山西燃气集团有限公司,太原煤炭气化（集团）临汾燃气有限公司,,,,山西华新阳光科技咨询有限公司,太原市长治路345号东楼23层,李晓辉、张朝、闫潇腾,0351-2453225、2221733、2221755,2026-05-19 11:01:17,"华新阳光采购平台,中国招标投标公共服务平台,山西省招标投标协会/山西招标采购服务平台",https://www.ygcgpt.com/#/biddingdetails?annId=2056564752302301184
依法,太原煤炭气化（集团）临汾燃气有限公司临汾市2026年平阳南北街市政老旧管网燃气改造工程施工(002标段)中标结果公示,能源电力,常规招标,公开招标,HXZB-GC20260416,太原煤炭气化（集团）临汾燃气有限公司临汾市2026年平阳南北街市政老旧管网燃气改造工程施工（招标编号：HXZB-GC20260416），确定002第二标段的中标人如下:,沃达建设集团有限公司,1473063.70元,发布媒体：山西招标采购服务平台、华新阳光采购平台,华新燃气集团有限公司、山西燃气集团有限公司,太原煤炭气化（集团）临汾燃气有限公司,,,,山西华新阳光科技咨询有限公司,太原市长治路345号东楼23层,李晓辉、张朝、闫潇腾,0351-2453225、2221733、2221755,2026-05-19 10:59:05,"华新阳光采购平台,中国招标投标公共服务平台,山西省招标投标协会/山西招标采购服务平台",https://www.ygcgpt.com/#/biddingdetails?annId=2056564837190819840
依法,太原天然气有限公司2026年度燃气工程无缝管、镀锌管、直缝高频电阻焊管采购(001标段)中标结果公示,能源电力,常规招标,公开招标,HXZB-HW20260411,太原天然气有限公司2026年度燃气工程无缝管、镀锌管、直缝高频电阻焊管采购（招标编号：HXZB-HW20260411），确定001第一标段的中标人如下:,河南宝通钢铁销售有限公司,6726500.00元,发布媒体：山西省招标投标公共服务平台、华新阳光采购平台,太原市城乡管理局、华新燃气集团有限公司、太原天然气有限公司,太原天然气有限公司,,,,山西华新阳光科技咨询有限公司,太原市长治路345号东楼23层,李晓辉、张朝、闫潇腾,0351-2453225、2221733、2221755,2026-05-18 11:33:51,"华新阳光采购平台,山西省招标投标公共服务平台,中国招标投标公共服务平台",https://www.ygcgpt.com/#/biddingdetails?annId=2056214585208299520
依法,太原天然气有限公司2026年度燃气工程无缝管、镀锌管、直缝高频电阻焊管采购(002标段)中标结果公示,能源电力,常规招标,公开招标,HXZB-HW20260411,太原天然气有限公司2026年度燃气工程无缝管、镀锌管、直缝高频电阻焊管采购（招标编号：HXZB-HW20260411），确定002第二标段的中标人如下:,郑州京华制管有限公司,6240450.00元,发布媒体：山西省招标投标公共服务平台、华新阳光采购平台,太原市城乡管理局、华新燃气集团有限公司、太原天然气有限公司,太原天然气有限公司,,,,山西华新阳光科技咨询有限公司,太原市长治路345号东楼23层,李晓辉、张朝、闫潇腾,0351-2453225、2221733、2221755,2026-05-18 11:33:48,"华新阳光采购平台,山西省招标投标公共服务平台,中国招标投标公共服务平台",https://www.ygcgpt.com/#/biddingdetails?annId=2056214668008054784
依法,华新城市燃气长治有限公司2026年度城网及入户安装工程和小修项目施工(002标段)中标结果公示,能源电力,常规招标,公开招标,HXZB-GC20260411,华新城市燃气长治有限公司2026年度城网及入户安装工程和小修项目施工（招标编号：HXZB-GC20260411），确定002第二标段的中标人如下:,山东泰恒建设工程有限公司,137484.9元,发布媒体：山西招标采购服务平台、华新阳光采购平台,华新燃气集团有限公司、山西华新城市燃气集团有限公司,华新城市燃气长治有限公司,,,,山西华新阳光科技咨询有限公司,太原市长治路345号东楼23层,张绒、李志起,0351-2453225、2221733、2221755,2026-05-18 11:33:45,"华新阳光采购平台,中国招标投标公共服务平台,山西省招标投标协会/山西招标采购服务平台",https://www.ygcgpt.com/#/biddingdetails?annId=2056210364060753920
依法,华新城市燃气长治有限公司2026年度城网及入户安装工程和小修项目施工(001标段)中标结果公示,能源电力,常规招标,公开招标,HXZB-GC20260411,华新城市燃气长治有限公司2026年度城网及入户安装工程和小修项目施工（招标编号：HXZB-GC20260411），确定001第一标段的中标人如下:,山西中泓建筑工程有限公司,136738.59元,发布媒体：山西招标采购服务平台、华新阳光采购平台,华新燃气集团有限公司、山西华新城市燃气集团有限公司,华新城市燃气长治有限公司,,,,山西华新阳光科技咨询有限公司,太原市长治路345号东楼23层,张绒、李志起,0351-2453225、2221733、2221755,2026-05-18 11:33:42,"华新阳光采购平台,中国招标投标公共服务平台,山西省招标投标协会/山西招标采购服务平台",https://www.ygcgpt.com/#/biddingdetails?annId=2056209986711805952
依法,山西蓝焰煤层气集团有限责任公司机电设备分公司卡特彼勒发动机定期保养及中部大修服务中标结果公示,能源电力,常规招标,公开招标,HXZB-FW20260407,山西蓝焰煤层气集团有限责任公司机电设备分公司卡特彼勒发动机定期保养及中部大修服务（招标编号：HXZB-FW20260407），确定001第一标段的中标人如下:,山西陆仕嘉机电设备有限公司,3817412元,发布媒体：山西招标采购服务平台、华新阳光采购平台,华新燃气集团有限公司、山西蓝焰控股股份有限公司,山西蓝焰控股股份有限公司,,,,山西华新阳光科技咨询有限公司,太原市长治路345号东楼23层,张朝、闫潇腾,0351-2453225、2221733、2221755,2026-05-18 11:33:39,"华新阳光采购平台,中国招标投标公共服务平台,山西省招标投标协会/山西招标采购服务平台",https://www.ygcgpt.com/#/biddingdetails?annId=2056207681157423104
依法,山西沁盛煤层气作业有限责任公司2026年液氮购置中标结果公示,能源电力,常规招标,公开招标,HXZB-HW20260409,山西沁盛煤层气作业有限责任公司2026年液氮购置（招标编号：HXZB-HW20260409），确定001第一标段的中标人如下:,太原市隆鑫工贸有限公司,2400000元,发布媒体：山西招标采购服务平台、华新阳光采购平台,华新燃气集团有限公司、山西蓝焰控股股份有限公司,山西蓝焰控股股份有限公司,,,,山西华新阳光科技咨询有限公司,太原市长治路345号东楼23层,张朝、闫潇腾,0351-2453225、2221733、2221755,2026-05-18 11:33:37,"华新阳光采购平台,中国招标投标公共服务平台,山西省招标投标协会/山西招标采购服务平台",https://www.ygcgpt.com/#/biddingdetails?annId=2056205906769698816
依法,山西蓝焰煤层气集团有限责任公司勘探分公司2026年螺杆钻具和钻头购置(001标段)中标结果公示,能源电力,常规招标,公开招标,HXZB-HW20260408,山西蓝焰煤层气集团有限责任公司勘探分公司2026年螺杆钻具和钻头购置（招标编号：HXZB-HW20260408），确定001第一标段的中标人如下:,德州联合石油科技股份有限公司,5181000.00元,发布媒体：山西招标采购服务平台、华新阳光采购平台,华新燃气集团有限公司、山西蓝焰控股股份有限公司,山西蓝焰控股股份有限公司,,,,山西华新阳光科技咨询有限公司,太原市长治路345号东楼23层,张朝、闫潇腾,0351-2453225、2221733、2221755,2026-05-18 11:33:34,"华新阳光采购平台,中国招标投标公共服务平台,山西省招标投标协会/山西招标采购服务平台",https://www.ygcgpt.com/#/biddingdetails?annId=2056203394666815488
依法,山西蓝焰煤层气集团有限责任公司勘探分公司2026年螺杆钻具和钻头购置(002标段)中标结果公示,能源电力,常规招标,公开招标,HXZB-HW20260408,山西蓝焰煤层气集团有限责任公司勘探分公司2026年螺杆钻具和钻头购置（招标编号：HXZB-HW20260408），确定002第二标段的中标人如下:,河北中兴宏力钻头制造有限公司,1881500元,发布媒体：山西招标采购服务平台、华新阳光采购平台,华新燃气集团有限公司、山西蓝焰控股股份有限公司,山西蓝焰控股股份有限公司,,,,山西华新阳光科技咨询有限公司,太原市长治路345号东楼23层,张朝、闫潇腾,0351-2453225、2221733、2221755,2026-05-18 11:31:21,"华新阳光采购平台,中国招标投标公共服务平台,山西省招标投标协会/山西招标采购服务平台",https://www.ygcgpt.com/#/biddingdetails?annId=2056203491471351808
依法,山西华新物业服务有限公司2026年第一批后勤保障服务项目(001标段)二次重新招标中标结果公示,能源电力,二次重新招标,公开招标,HXZB-FW20260128,山西华新物业服务有限公司2026年第一批后勤保障服务项目（招标编号：HXZB-FW20260128），确定001第一标段的中标人如下:,山西东易日昇餐饮管理有限公司,477000元,发布媒体：山西招标采购服务平台、华新阳光采购平台,华新燃气集团有限公司、山西华新物业服务有限公司,山西华新物业服务有限公司,,,,山西华新阳光科技咨询有限公司,太原市长治路345号东楼23层,王挺、周文博,0351-2453225、2221733、2221755,2026-05-15 10:51:12,"华新阳光采购平台,中国招标投标公共服务平台,山西省招标投标协会/山西招标采购服务平台",https://www.ygcgpt.com/#/biddingdetails?annId=2055117192446435328
依法,山西燃气产业集团有限公司下属4家单位2026年度城燃物资集中采购(006标段)中标结果公示,能源电力,常规招标,公开招标,HXZB-HW20260406,山西燃气产业集团有限公司下属4家单位2026年度城燃物资集中采购（招标编号：HXZB-HW20260406），确定006第六标段的中标人如下:,河北远道光电科技有限公司,334429.75元,发布媒体：山西招标采购服务平台、华新阳光采购平台,华新燃气集团有限公司、山西燃气产业集团有限公司,山西燃气产业集团有限公司,,,,山西华新阳光科技咨询有限公司,太原市长治路345号东楼23层,李晓辉、张朝、闫潇腾,0351-2453225、2221733、2221755,2026-05-13 10:15:49,"华新阳光采购平台,中国招标投标公共服务平台,山西省招标投标协会/山西招标采购服务平台",https://www.ygcgpt.com/#/biddingdetails?annId=2054383345593311232
依法,山西蓝焰煤层气集团有限责任公司2026年脱硫剂购置中标结果公示,能源电力,常规招标,公开招标,HXZB-HW20260407,山西蓝焰煤层气集团有限责任公司2026年脱硫剂购置（招标编号：HXZB-HW20260407），确定001第一标段的中标人如下:,晋中科灵气体净化技术服务有限公司,5220000元,发布媒体：山西招标采购服务平台、华新阳光采购平台,华新燃气集团有限公司、山西蓝焰控股股份有限公司,山西蓝焰控股股份有限公司,,,,山西华新阳光科技咨询有限公司,太原市长治路345号东楼23层,张朝、闫潇腾,0351-2453225、2221733、2221755,2026-05-12 10:51:08,"华新阳光采购平台,中国招标投标公共服务平台,山西省招标投标协会/山西招标采购服务平台",https://www.ygcgpt.com/#/biddingdetails?annId=2054030157803511808
依法,山西华新中昊盛天然气有限公司阳城县煤层气西气东输上载项目中标结果公示,能源电力,常规招标,公开招标,HXZB-HW20260405,山西华新中昊盛天然气有限公司阳城县煤层气西气东输上载项目脱水设备采购（招标编号：HXZB-HW20260405），确定001第一标段的中标人如下:,陕西铭泽易昇能源技术有限公司,4734000元,发布媒体：山西省招标投标公共服务平台、华新阳光采购平台,阳城县能源局、华新燃气集团有限公司、山西华新城市燃气集团有限公司,山西华新中昊盛天然气有限公司,,,,山西华新阳光科技咨询有限公司,太原市长治路345号东楼23层,张绒、李志起,0351-2453225、2221733、2221755,2026-05-12 10:51:05,"华新阳光采购平台,山西省招标投标公共服务平台,中国招标投标公共服务平台",https://www.ygcgpt.com/#/biddingdetails?annId=2054029230543560704
依法,山西国化能源有限责任公司2026年度改造、水保、改线项目监理服务中标结果公示,能源电力,常规招标,公开招标,HXZB-FW20260406,山西国化能源有限责任公司2026年度改造、水保、改线项目监理服务（招标编号：HXZB-FW20260406），确定001第一标段的中标人如下:,成都万图工程监理有限公司,2.28%,发布媒体：山西招标采购服务平台、华新阳光采购平台,华新燃气集团有限公司、山西天然气有限公司,山西国化能源有限责任公司,,,,山西华新阳光科技咨询有限公司,太原市长治路345号东楼23层,张绒、李志起,0351-2453225、2221733、2221755,2026-05-12 10:48:53,"华新阳光采购平台,中国招标投标公共服务平台,山西省招标投标协会/山西招标采购服务平台",https://www.ygcgpt.com/#/biddingdetails?annId=2054026745045147648
依法,山西蓝焰煤层气集团有限责任公司2026年武乡南区块10个新井场及14个旧井场临时用地方案与复垦方案编制中标结果公示,能源电力,常规招标,公开招标,HXZB-FW20260403,山西蓝焰煤层气集团有限责任公司2026年武乡南区块10个新井场及14个旧井场临时用地方案与复垦方案编制（招标编号：HXZB-FW20260403），确定001第一标段的中标人如下:,太原市兴华岩土工程勘察质量检测有限公司,1120000元,发布媒体：山西招标采购服务平台、华新阳光采购平台,华新燃气集团有限公司、山西蓝焰控股股份有限公司,山西蓝焰控股股份有限公司,,,,山西华新阳光科技咨询有限公司,太原市长治路345号东楼23层,张朝、闫潇腾,0351-2453225、2221733、2221755,2026-05-08 11:05:10,"华新阳光采购平台,中国招标投标公共服务平台,山西省招标投标协会/山西招标采购服务平台",https://www.ygcgpt.com/#/biddingdetails?annId=2052582248293687296
依法,山西沁盛煤层气作业有限责任公司2026年氯化钾购置中标结果公示,能源电力,常规招标,公开招标,HXZB-HW20260326,山西沁盛煤层气作业有限责任公司2026年氯化钾购置（招标编号：HXZB-HW20260326），确定001第一标段的中标人如下:,山西晋深能源装备有限公司,4399320元,发布媒体：山西招标采购服务平台、华新阳光采购平台,华新燃气集团有限公司、山西蓝焰控股股份有限公司,山西蓝焰控股股份有限公司,,,,山西华新阳光科技咨询有限公司,太原市长治路345号东楼23层,李晓辉、张朝、闫潇腾,0351-2453225、2221733、2221755,2026-05-08 11:05:07,"华新阳光采购平台,中国招标投标公共服务平台,山西省招标投标协会/山西招标采购服务平台",https://www.ygcgpt.com/#/biddingdetails?annId=2052581739398782976
依法,山西国新盛和贸易有限公司2026年防腐材料采购中标结果公示,能源电力,常规招标,公开招标,HXZB-HW20260324,山西国新盛和贸易有限公司2026年防腐材料采购（招标编号：HXZB-HW20260324），确定001第一标段的中标人如下:,山西铭澄科技有限公司,2356676.83元,发布媒体：山西招标采购服务平台、华新阳光采购平台,华新燃气集团有限公司、山西国新和盛新能源有限公司,山西国新盛和贸易有限公司,,,,山西华新阳光科技咨询有限公司,太原市长治路345号东楼23层,李晓辉、张朝、闫潇腾,0351-2453225、2221733、2221755,2026-05-08 11:05:04,"华新阳光采购平台,中国招标投标公共服务平台,山西省招标投标协会/山西招标采购服务平台",https://www.ygcgpt.com/#/biddingdetails?annId=2052580978665283584
依法,山西沁盛煤层气作业有限责任公司2026年石英砂购置(003标段)中标结果公示,能源电力,常规招标,公开招标,HXZB-HW20260325,山西沁盛煤层气作业有限责任公司2026年石英砂购置（招标编号：HXZB-HW20260325），确定003第三标段的中标人如下:,多伦县金众田商贸有限公司,5067600元,发布媒体：山西招标采购服务平台、华新阳光采购平台,华新燃气集团有限公司、山西蓝焰控股股份有限公司,山西蓝焰控股股份有限公司,,,,山西华新阳光科技咨询有限公司,太原市长治路345号东楼23层,张朝、闫潇腾,0351-2453225、2221733、2221755,2026-05-08 11:05:01,"华新阳光采购平台,中国招标投标公共服务平台,山西省招标投标协会/山西招标采购服务平台",https://www.ygcgpt.com/#/biddingdetails?annId=2052579195901534208
依法,山西沁盛煤层气作业有限责任公司2026年石英砂购置(002标段)中标结果公示,能源电力,常规招标,公开招标,HXZB-HW20260325,山西沁盛煤层气作业有限责任公司2026年石英砂购置（招标编号：HXZB-HW20260325），确定002第二标段的中标人如下:,山西骅意商贸有限公司,5066500元,发布媒体：山西招标采购服务平台、华新阳光采购平台,华新燃气集团有限公司、山西蓝焰控股股份有限公司,山西蓝焰控股股份有限公司,,,,山西华新阳光科技咨询有限公司,太原市长治路345号东楼23层,张朝、闫潇腾,0351-2453225、2221733、2221755,2026-05-08 11:04:58,"华新阳光采购平台,中国招标投标公共服务平台,山西省招标投标协会/山西招标采购服务平台",https://www.ygcgpt.com/#/biddingdetails?annId=2052579091916349440
依法,山西沁盛煤层气作业有限责任公司2026年石英砂购置(001标段)中标结果公示,能源电力,常规招标,公开招标,HXZB-HW20260325,山西沁盛煤层气作业有限责任公司2026年石英砂购置（招标编号：HXZB-HW20260325），确定001第一标段的中标人如下:,山西沁凰煤层气装备有限责任公司,6905000元,发布媒体：山西招标采购服务平台、华新阳光采购平台,华新燃气集团有限公司、山西蓝焰控股股份有限公司,山西蓝焰控股股份有限公司,,,,山西华新阳光科技咨询有限公司,太原市长治路345号东楼23层,张朝、闫潇腾,0351-2453225、2221733、2221755,2026-05-08 11:02:45,"华新阳光采购平台,中国招标投标公共服务平台,山西省招标投标协会/山西招标采购服务平台",https://www.ygcgpt.com/#/biddingdetails?annId=2052578921094930432
依法,山西蓝焰煤层气集团有限责任公司勘探分公司2026年钻机技术服务(002标段)中标结果公示,能源电力,常规招标,公开招标,HXZB-FW20260328,山西蓝焰煤层气集团有限责任公司勘探分公司2026年钻机技术服务（招标编号：HXZB-FW20260328），确定002第二标段的中标人如下:,中陕核工业集团二一八大队有限公司,3896370元,发布媒体：山西招标采购服务平台、华新阳光采购平台,华新燃气集团有限公司、山西蓝焰控股股份有限公司,山西蓝焰控股股份有限公司,,,,山西华新阳光科技咨询有限公司,太原市长治路345号东楼23层,张朝、闫潇腾,0351-2453225、2221733、2221755,2026-05-07 10:58:46,"华新阳光采购平台,中国招标投标公共服务平台,山西省招标投标协会/山西招标采购服务平台",https://www.ygcgpt.com/#/biddingdetails?annId=2052216733834502144
依法,山西蓝焰煤层气集团有限责任公司勘探分公司2026年钻机技术服务(001标段)中标结果公示,能源电力,常规招标,公开招标,HXZB-FW20260328,山西蓝焰煤层气集团有限责任公司勘探分公司2026年钻机技术服务（招标编号：HXZB-FW20260328），确定001第一标段的中标人如下:,西安同昌油气技术有限公司,4052000元,发布媒体：山西招标采购服务平台、华新阳光采购平台,华新燃气集团有限公司、山西蓝焰控股股份有限公司,山西蓝焰控股股份有限公司,,,,山西华新阳光科技咨询有限公司,太原市长治路345号东楼23层,张朝、闫潇腾,0351-2453225、2221733、2221755,2026-05-07 10:58:43,"华新阳光采购平台,中国招标投标公共服务平台,山西省招标投标协会/山西招标采购服务平台",https://www.ygcgpt.com/#/biddingdetails?annId=2052216650623705088
依法,山西蓝焰煤层气集团有限责任公司2026年晋城矿区煤层气加密井建设项目（二期）煤层气井工程设计服务中标结果公示,石油石化,常规招标,公开招标,HXZB-FW20260327,山西蓝焰煤层气集团有限责任公司2026年晋城矿区煤层气加密井建设项目（二期）煤层气井工程设计服务（招标编号：HXZB-FW20260327），确定001第一标段的中标人如下:,山西蓝焰煤层气工程研究有限责任公司,17340000元,发布媒体：山西省招标投标公共服务平台、华新阳光采购平台,华新燃气集团有限公司、山西蓝焰控股股份有限公司,山西蓝焰控股股份有限公司,,,,山西华新阳光科技咨询有限公司,太原市长治路345号东楼23层,李晓辉、张朝、闫潇腾,0351-2453225、2221733、2221755,2026-05-07 10:58:40,"华新阳光采购平台,山西省招标投标公共服务平台,中国招标投标公共服务平台",https://www.ygcgpt.com/#/biddingdetails?annId=2052215481956392960
依法,山西天然气有限公司超声波流量计维护检定及变送器检定服务中标结果公示,能源电力,常规招标,公开招标,HXZB-FW20260402,山西天然气有限公司超声波流量计维护检定及变送器检定服务（招标编号：HXZB-FW20260402），确定001第一标段的中标人如下:,默福博（北京）计量检测服务有限公司,210300元,发布媒体：山西招标采购服务平台、华新阳光采购平台,华新燃气集团有限公司、山西天然气有限公司,山西天然气有限公司,,,,山西华新阳光科技咨询有限公司,太原市长治路345号东楼23层,王挺、周文博,0351-2453225、2221733、2221755,2026-05-07 10:56:28,"华新阳光采购平台,中国招标投标公共服务平台,山西省招标投标协会/山西招标采购服务平台",https://www.ygcgpt.com/#/biddingdetails?annId=2052208064824696832
依法,山西国化燃气有限责任公司2026-2028年度劳务外包服务中标结果公示,石油石化,常规招标,公开招标,HXZB-FW20260401,山西国化燃气有限责任公司2026-2028年度劳务外包服务（招标编号：HXZB-FW20260401），确定001第一标段的中标人如下:,山西星海远航人力资源有限公司,1097712元,发布媒体：山西招标采购服务平台、华新阳光采购平台,华新燃气集团有限公司、山西天然气有限公司,山西国化燃气有限责任公司,,,,山西华新阳光科技咨询有限公司,太原市长治路345号东楼23层,王挺、周文博,0351-2453225、2221733、2221755,2026-04-30 10:51:06,"华新阳光采购平台,中国招标投标公共服务平台,山西省招标投标协会/山西招标采购服务平台",https://www.ygcgpt.com/#/biddingdetails?annId=2049677060935344128
依法,山西蓝焰煤层气集团有限责任公司勘探分公司钻井施工柴油采购中标结果公示,能源电力,常规招标,公开招标,HXZB-HW20260306,山西蓝焰煤层气集团有限责任公司勘探分公司钻井施工柴油采购（招标编号：HXZB-HW20260306），确定001第一标段的中标人如下:,泽州县巴公镇甘润北晋加油站（普通合伙）,①柴油挂牌零售价下浮率：17.15%/升,发布媒体：山西招标采购服务平台、华新阳光采购平台,华新燃气集团有限公司、山西蓝焰控股股份有限公司,山西蓝焰控股股份有限公司,,,,山西华新阳光科技咨询有限公司,太原市长治路345号东楼23层,张朝、闫潇腾,0351-2453225、2221733、2221755,2026-04-29 09:33:38,"华新阳光采购平台,中国招标投标公共服务平台,山西省招标投标协会/山西招标采购服务平台",https://www.ygcgpt.com/#/biddingdetails?annId=2049299487923462144
依法,山西蓝焰煤层气集团有限责任公司机电设备分公司2026年管道维保工程(001标段)中标结果公示,能源电力,常规招标,公开招标,HXZB-GC20260320,山西蓝焰煤层气集团有限责任公司机电设备分公司2026年管道维保工程（招标编号：HXZB-GC20260320），确定001第一标段的中标人如下:,兴润建设集团有限公司,2058599.52元,发布媒体：山西招标采购服务平台、华新阳光采购平台,华新燃气集团有限公司、山西蓝焰控股股份有限公司,山西蓝焰控股股份有限公司,,,,山西华新阳光科技咨询有限公司,太原市长治路345号东楼23层,张朝、闫潇腾,0351-2453225、2221733、2221755,2026-04-28 14:31:41,"华新阳光采购平台,中国招标投标公共服务平台,山西省招标投标协会/山西招标采购服务平台",https://www.ygcgpt.com/#/biddingdetails?annId=2048963679005794304
依法,山西蓝焰煤层气集团有限责任公司机电设备分公司2026年管道维保工程(002标段)中标结果公示,能源电力,常规招标,公开招标,HXZB-GC20260320,山西蓝焰煤层气集团有限责任公司机电设备分公司2026年管道维保工程（招标编号：HXZB-GC20260320），确定002第二标段的中标人如下:,中原油建工程有限公司,1899138.11元,发布媒体：山西招标采购服务平台、华新阳光采购平台,华新燃气集团有限公司、山西蓝焰控股股份有限公司,山西蓝焰控股股份有限公司,,,,山西华新阳光科技咨询有限公司,太原市长治路345号东楼23层,张朝、闫潇腾,0351-2453225、2221733、2221755,2026-04-28 14:31:38,"华新阳光采购平台,中国招标投标公共服务平台,山西省招标投标协会/山西招标采购服务平台",https://www.ygcgpt.com/#/biddingdetails?annId=2048963769976053760
依法,山西沁盛煤层气作业有限责任公司油管购置中标结果公示,能源电力,常规招标,公开招标,HXZB-HW20260320,山西沁盛煤层气作业有限责任公司油管购置（招标编号：HXZB-HW20260320），确定001第一标段的中标人如下:,山西鼎洋东升新能源科技有限公司,3370020元,发布媒体：山西招标采购服务平台、华新阳光采购平台,华新燃气集团有限公司、山西蓝焰控股股份有限公司,山西蓝焰控股股份有限公司,,,,山西华新阳光科技咨询有限公司,太原市长治路345号东楼23层,张朝、闫潇腾,0351-2453225、2221733、2221755,2026-04-28 14:31:35,"华新阳光采购平台,中国招标投标公共服务平台,山西省招标投标协会/山西招标采购服务平台",https://www.ygcgpt.com/#/biddingdetails?annId=2048963024543375360
依法,山西蓝焰煤层气集团有限责任公司机电设备分公司射流泵维检服务项目中标结果公示,房屋建筑,常规招标,公开招标,HXZB-FW20260319,山西蓝焰煤层气集团有限责任公司机电设备分公司射流泵维检服务项目（招标编号：HXZB-FW20260319），确定001第一标段的中标人如下:,沁水县裕泉工贸有限公司,1524000元,发布媒体：山西招标采购服务平台、华新阳光采购平台,华新燃气集团有限公司、山西蓝焰控股股份有限公司,山西蓝焰控股股份有限公司,,,,山西华新阳光科技咨询有限公司,太原市长治路345号东楼23层,李晓辉、张朝、闫潇腾,0351-2453225、2221733、2221755,2026-04-28 14:29:22,"华新阳光采购平台,中国招标投标公共服务平台,山西省招标投标协会/山西招标采购服务平台",https://www.ygcgpt.com/#/biddingdetails?annId=2048961706865025024
依法,山西蓝焰煤层气集团有限责任公司勘探分公司2026年泥浆固化技术服务中标结果公示,房屋建筑,常规招标,公开招标,HXZB-FW20260316,山西蓝焰煤层气集团有限责任公司勘探分公司2026年泥浆固化技术服务（招标编号：HXZB-FW20260316），确定001第一标段的中标人如下:,任丘市华维石油工程有限公司,4432920元,发布媒体：山西招标采购服务平台、华新阳光采购平台,华新燃气集团有限公司、山西蓝焰控股股份有限公司,山西蓝焰控股股份有限公司,,,,山西华新阳光科技咨询有限公司,太原市长治路345号东楼23层,张朝、闫潇腾,0351-2453225、2221733、2221755,2026-04-27 15:04:41,"华新阳光采购平台,中国招标投标公共服务平台,山西省招标投标协会/山西招标采购服务平台",https://www.ygcgpt.com/#/biddingdetails?annId=2048657828281933824
依法,山西蓝焰煤层气集团有限责任公司晋城矿区煤层气加密井建设项目（二期）煤层气井井场及井场道路工程中标结果公示,能源电力,常规招标,公开招标,HXZB-GC20260319,山西蓝焰煤层气集团有限责任公司晋城矿区煤层气加密井建设项目（二期）煤层气井井场及井场道路工程（招标编号：HXZB-GC20260319），确定001第一标段的中标人如下:,山西启福建设有限公司,6777066.58元,发布媒体：山西省招标投标公共服务平台、华新阳光采购平台,华新燃气集团有限公司、山西蓝焰控股股份有限公司,山西蓝焰控股股份有限公司,,,,山西华新阳光科技咨询有限公司,太原市长治路345号东楼23层,李晓辉、张朝、闫潇腾,0351-2453225、2221733、2221755,2026-04-27 15:02:29,"华新阳光采购平台,山西省招标投标公共服务平台,中国招标投标公共服务平台",https://www.ygcgpt.com/#/biddingdetails?annId=2048655962315776000
依法,山西华新液化天然气集团有限公司2026年-2027年现货交易咨询服务中标结果公示,能源电力,常规招标,公开招标,HXZB-FW20260323,山西华新液化天然气集团有限公司2026年-2027年现货交易咨询服务（招标编号：HXZB-FW20260323），确定001第一标段的中标人如下:,山西云电云联科技有限公司,148000元,发布媒体：山西招标采购服务平台、华新阳光采购平台,华新燃气集团有限公司、山西华新液化天然气集团有限公司,山西华新液化天然气集团有限公司,,,,山西华新阳光科技咨询有限公司,太原市长治路345号东楼23层,张朝、闫潇腾,0351-2453225、2221733、2221755,2026-04-24 17:28:28,"华新阳光采购平台,中国招标投标公共服务平台,山西省招标投标协会/山西招标采购服务平台",https://www.ygcgpt.com/#/biddingdetails?annId=2047606488646639616
依法,临汾区域2026年度新用户燃气工程施工(001标段)中标结果公示,能源电力,常规招标,公开招标,HXZB-GC20260318,临汾区域2026年度新用户燃气工程施工（招标编号：HXZB-GC20260318），确定001第一标段的中标人如下:,山东长龙三辉建设工程有限公司,29119.23元,发布媒体：山西招标采购服务平台、华新阳光采购平台,华新燃气集团有限公司、山西燃气集团有限公司,太原煤炭气化（集团）临汾燃气有限公司,,,,山西华新阳光科技咨询有限公司,太原市长治路345号东楼23层,李晓辉、张朝、闫潇腾,0351-2453225、2221733、2221755,2026-04-24 11:20:07,"华新阳光采购平台,中国招标投标公共服务平台,山西省招标投标协会/山西招标采购服务平台",https://www.ygcgpt.com/#/biddingdetails?annId=2047511364428193792
依法,临汾区域2026年度新用户燃气工程施工(002标段)中标结果公示,能源电力,常规招标,公开招标,HXZB-GC20260318,临汾区域2026年度新用户燃气工程施工（招标编号：HXZB-GC20260318），确定002第二标段的中标人如下:,西安元成建筑工程有限公司,28823.61元,发布媒体：山西招标采购服务平台、华新阳光采购平台,华新燃气集团有限公司、山西燃气集团有限公司,太原煤炭气化（集团）临汾燃气有限公司,,,,山西华新阳光科技咨询有限公司,太原市长治路345号东楼23层,李晓辉、张朝、闫潇腾,0351-2453225、2221733、2221755,2026-04-24 11:20:02,"华新阳光采购平台,中国招标投标公共服务平台,山西省招标投标协会/山西招标采购服务平台",https://www.ygcgpt.com/#/biddingdetails?annId=2047511471181619200
依法,临汾区域2026年度新用户燃气工程施工(003标段)中标结果公示,能源电力,常规招标,公开招标,HXZB-GC20260318,临汾区域2026年度新用户燃气工程施工（招标编号：HXZB-GC20260318），确定003第三标段的中标人如下:,山东长庆建工有限公司,46218.78元,发布媒体：山西招标采购服务平台、华新阳光采购平台,华新燃气集团有限公司、山西燃气集团有限公司,太原煤炭气化（集团）临汾燃气有限公司,,,,山西华新阳光科技咨询有限公司,太原市长治路345号东楼23层,李晓辉、张朝、闫潇腾,0351-2453225、2221733、2221755,2026-04-24 11:19:59,"华新阳光采购平台,中国招标投标公共服务平台,山西省招标投标协会/山西招标采购服务平台",https://www.ygcgpt.com/#/biddingdetails?annId=2047511725926866944
依法,临汾区域2026年度新用户燃气工程施工(004标段)中标结果公示,能源电力,常规招标,公开招标,HXZB-GC20260318,临汾区域2026年度新用户燃气工程施工（招标编号：HXZB-GC20260318），确定004第四标段的中标人如下:,河南思平建设工程有限公司,50667.41元,发布媒体：山西招标采购服务平台、华新阳光采购平台,华新燃气集团有限公司、山西燃气集团有限公司,太原煤炭气化（集团）临汾燃气有限公司,,,,山西华新阳光科技咨询有限公司,太原市长治路345号东楼23层,李晓辉、张朝、闫潇腾,0351-2453225、2221733、2221755,2026-04-24 11:19:56,"华新阳光采购平台,中国招标投标公共服务平台,山西省招标投标协会/山西招标采购服务平台",https://www.ygcgpt.com/#/biddingdetails?annId=2047511856143228928
依法,临汾区域2026年度新用户燃气工程施工(005标段)中标结果公示,能源电力,常规招标,公开招标,HXZB-GC20260318,临汾区域2026年度新用户燃气工程施工（招标编号：HXZB-GC20260318），确定005第五标段的中标人如下:,山西国旺兴达建筑有限责任公司,53075.51元,发布媒体：山西招标采购服务平台、华新阳光采购平台,华新燃气集团有限公司、山西燃气集团有限公司,太原煤炭气化（集团）临汾燃气有限公司,,,,山西华新阳光科技咨询有限公司,太原市长治路345号东楼23层,李晓辉、张朝、闫潇腾,0351-2453225、2221733、2221755,2026-04-24 11:17:44,"华新阳光采购平台,中国招标投标公共服务平台,山西省招标投标协会/山西招标采购服务平台",https://www.ygcgpt.com/#/biddingdetails?annId=2047511989530484736
依法,山西华新煤成气勘查开发有限公司2026年度榆社东区块煤层气勘探井套管头、采油树等井口装置采购中标结果公示,房屋建筑,常规招标,公开招标,HXZB-HW20260303,山西华新煤成气勘查开发有限公司2026年度榆社东区块煤层气勘探井套管头、采油树等井口装置采购（招标编号：HXZB-HW20260303），确定001第一标段的中标人如下:,京鸿石油钻采工程技术有限公司,2275000元,发布媒体：山西招标采购服务平台、华新阳光采购平台,华新燃气集团有限公司、山西华新煤成气勘查开发有限公司,山西华新煤成气勘查开发有限公司,,,,山西华新阳光科技咨询有限公司,太原市长治路345号东楼23层,李晓辉、张朝、闫潇腾,0351-2453225、2221733、2221755,2026-04-23 10:41:11,"华新阳光采购平台,中国招标投标公共服务平台,山西省招标投标协会/山西招标采购服务平台",https://www.ygcgpt.com/#/biddingdetails?annId=2047142205576011776
依法,山西蓝焰煤层气集团有限责任公司2026年和顺横岭区块煤层气井录井技术服务中标结果公示,房屋建筑,常规招标,公开招标,HXZB-FW20260306,山西蓝焰煤层气集团有限责任公司2026年和顺横岭区块煤层气井录井技术服务（招标编号：HXZB-FW20260306），确定001第一标段的中标人如下:,河南省资源环境调查四院有限公司,1122000元,发布媒体：山西招标采购服务平台、华新阳光采购平台,华新燃气集团有限公司、山西蓝焰控股股份有限公司,山西蓝焰控股股份有限公司,,,,山西华新阳光科技咨询有限公司,太原市长治路345号东楼23层,张朝、闫潇腾,0351-2453225、2221733、2221755,2026-04-21 10:33:47,"华新阳光采购平台,中国招标投标公共服务平台,山西省招标投标协会/山西招标采购服务平台",https://www.ygcgpt.com/#/biddingdetails?annId=2046416115408658432
依法,太原煤炭气化（集团）晋中燃气有限公司等六家公司年度民用户及工、营、福燃气安装及改造工程配套物资采购B类物资、PE管材、管件及阀门区域集采(001标段)重新招标中标结果公示,房屋建筑,重新招标,公开招标,HXZB-HW20260206,太原煤炭气化（集团）晋中燃气有限公司等六家公司年度民用户及工、营、福燃气安装及改造工程配套物资采购B类物资、PE管材、管件及阀门区域集采（招标编号：HXZB-HW20260206），确定001第一标段的中标人如下:,天津明牌科技有限公司,683568.58元,发布媒体：山西招标采购服务平台、华新阳光采购平台,华新燃气集团有限公司、山西华新城市燃气集团有限公司,太原煤炭气化（集团）晋中燃气有限公司,,,,山西华新阳光科技咨询有限公司,太原市长治路345号东楼23层,张绒、李志起,0351-2453225、2221733、2221755,2026-04-20 10:06:06,"华新阳光采购平台,山西省招标投标协会/山西招标采购服务平台",https://www.ygcgpt.com/#/biddingdetails?annId=2046045703189389312
依法,太原煤炭气化（集团）晋中燃气有限公司等六家公司年度民用户及工、营、福燃气安装及改造工程配套物资采购B类物资、PE管材、管件及阀门区域集采(002标段)重新招标中标结果公示,房屋建筑,重新招标,公开招标,HXZB-HW20260206,太原煤炭气化（集团）晋中燃气有限公司等六家公司年度民用户及工、营、福燃气安装及改造工程配套物资采购B类物资、PE管材、管件及阀门区域集采（招标编号：HXZB-HW20260206），确定002第二标段的中标人如下:,山西三晋上高阀门有限公司,761619.8元,发布媒体：山西招标采购服务平台、华新阳光采购平台,华新燃气集团有限公司、山西华新城市燃气集团有限公司,太原煤炭气化（集团）晋中燃气有限公司,,,,山西华新阳光科技咨询有限公司,太原市长治路345号东楼23层,张绒、李志起,0351-2453225、2221733、2221755,2026-04-20 10:03:55,"华新阳光采购平台,山西省招标投标协会/山西招标采购服务平台",https://www.ygcgpt.com/#/biddingdetails?annId=2046046053678014464
依法,山西华新晋药集团有限公司新建中药饮片加工生产基地消防工程及屋面、窗户问题整改项目中标结果公示,生物医药,常规招标,公开招标,HXZB-GC20260308,山西华新晋药集团有限公司新建中药饮片加工生产基地消防工程及屋面、窗户问题整改项目（招标编号：HXZB-GC20260308），确定001第一标段的中标人如下:,山西四建集团有限公司,13081361.87元,发布媒体：山西招标采购服务平台、华新阳光采购平台,华新燃气集团有限公司、山西华新晋药集团有限公司,山西华新晋药集团有限公司,,,,山西华新阳光科技咨询有限公司,太原市长治路345号东楼23层,张朝、闫潇腾,0351-2453225、2221733、2221755,2026-04-13 10:59:44,"华新阳光采购平台,中国招标投标公共服务平台,山西省招标投标协会/山西招标采购服务平台",https://www.ygcgpt.com/#/biddingdetails?annId=2043520292437975040
依法,山西蓝焰煤层气集团有限责任公司2026年外部区块煤层气井井场及井场道路工程中标结果公示,房屋建筑,常规招标,公开招标,HXZB-GC20260309,山西蓝焰煤层气集团有限责任公司2026年外部区块煤层气井井场及井场道路工程（招标编号：HXZB-GC20260309），确定001第一标段的中标人如下:,河南汇亿建筑工程有限公司,5031016.9元,发布媒体：山西招标采购服务平台、华新阳光采购平台,华新燃气集团有限公司、山西蓝焰控股股份有限公司,山西蓝焰控股股份有限公司,,,,山西华新阳光科技咨询有限公司,太原市长治路345号东楼23层,张朝、闫潇腾,0351-2453225、2221733、2221755,2026-04-13 10:59:40,"华新阳光采购平台,中国招标投标公共服务平台,山西省招标投标协会/山西招标采购服务平台",https://www.ygcgpt.com/#/biddingdetails?annId=2043519599975161856
依法,山西华新城市燃气集团有限公司下属5家单位年度城市管网项目物资区域集采项目(003标段)重新二次招标中标结果公示,能源电力,重新二次招标,公开招标,HXZB-HW20251215,山西华新城市燃气集团有限公司下属5家单位年度城市管网项目物资区域集采（招标编号：HXZB-HW20251215），确定003第三标段的中标人如下:,河北圣天管件集团有限公司,2094772元,发布媒体：山西招标采购服务平台、华新阳光采购平台,华新燃气集团有限公司、山西华新城市燃气集团有限公司,清徐县凯通天然气有限公司,,,,山西华新阳光科技咨询有限公司,太原市长治路345号东楼23层,张绒、李志起,0351-2453225、2221733、2221755,2026-04-13 10:59:37,"华新阳光采购平台,中国招标投标公共服务平台,山西省招标投标协会/山西招标采购服务平台",https://www.ygcgpt.com/#/biddingdetails?annId=2043517959561895936
依法,山西压缩天然气集团晋东有限公司2026年度PE管材管件、钢制管材管件物资采购(001标段)中标结果公示,能源电力,常规招标,公开招标,HXZB-HW20260311,山西压缩天然气集团晋东有限公司2026年度PE管材管件、钢制管材管件物资采购（招标编号：HXZB-HW20260311），确定001第一标段的中标人如下:,太原市杰森实业有限公司,71398.23元,发布媒体：山西招标采购服务平台、华新阳光采购平台,华新燃气集团有限公司、山西压缩天然气集团有限公司,山西压缩天然气集团晋东有限公司,,,,山西华新阳光科技咨询有限公司,太原市长治路345号东楼23层,张绒、李志起,0351-2453225、2221733、2221755,2026-04-13 10:59:35,"华新阳光采购平台,中国招标投标公共服务平台,山西省招标投标协会/山西招标采购服务平台",https://www.ygcgpt.com/#/biddingdetails?annId=2043516499369484288
依法,山西压缩天然气集团晋东有限公司2026年度PE管材管件、钢制管材管件物资采购(002标段)中标结果公示,能源电力,常规招标,公开招标,HXZB-HW20260311,山西压缩天然气集团晋东有限公司2026年度PE管材管件、钢制管材管件物资采购（招标编号：HXZB-HW20260311），确定002第二标段的中标人如下:,福建博格森阀门有限公司,90000元,发布媒体：山西招标采购服务平台、华新阳光采购平台,华新燃气集团有限公司、山西压缩天然气集团有限公司,山西压缩天然气集团晋东有限公司,,,,山西华新阳光科技咨询有限公司,太原市长治路345号东楼23层,张绒、李志起,0351-2453225、2221733、2221755,2026-04-13 10:57:23,"华新阳光采购平台,中国招标投标公共服务平台,山西省招标投标协会/山西招标采购服务平台",https://www.ygcgpt.com/#/biddingdetails?annId=2043516664406958080
依法,太原天然气有限公司太原市市政道路老旧燃气管网及燃气管道系统安全治理工程(一期)及燃气管网生命线安全工程（一期）项目智能化设备采购(005标段)中标结果公示,能源电力,常规招标,公开招标,HXZB-HW20260309,太原天然气有限公司太原市市政道路老旧燃气管网及燃气管道系统安全治理工程(一期)及燃气管网生命线安全工程（一期）项目智能化设备采购（招标编号：HXZB-HW20260309），确定005第五标段的中标人如下:,郑州如阳科技有限公司,2100000.00元,发布媒体：山西省招标投标公共服务平台、华新阳光采购平台,太原市城乡管理局、华新燃气集团有限公司、太原天然气有限公司,太原天然气有限公司,,,,山西华新阳光科技咨询有限公司,太原市长治路345号东楼23层,李晓辉、张朝、闫潇腾,0351-2453225、2221733、2221755,2026-04-10 12:02:56,"华新阳光采购平台,山西省招标投标公共服务平台,中国招标投标公共服务平台",https://www.ygcgpt.com/#/biddingdetails?annId=2042423770078076928
依法,太原天然气有限公司太原市市政道路老旧燃气管网及燃气管道系统安全治理工程(一期)及燃气管网生命线安全工程（一期）项目智能化设备采购(002标段)中标结果公示,能源电力,常规招标,公开招标,HXZB-HW20260309,太原天然气有限公司太原市市政道路老旧燃气管网及燃气管道系统安全治理工程(一期)及燃气管网生命线安全工程（一期）项目智能化设备采购（招标编号：HXZB-HW20260309），确定002第二标段的中标人如下:,上海波汇科技有限公司,3860200.00元,发布媒体：山西省招标投标公共服务平台、华新阳光采购平台,太原市城乡管理局、华新燃气集团有限公司、太原天然气有限公司,太原天然气有限公司,,,,山西华新阳光科技咨询有限公司,太原市长治路345号东楼23层,李晓辉、张朝、闫潇腾,0351-2453225、2221733、2221755,2026-04-10 12:02:53,"华新阳光采购平台,山西省招标投标公共服务平台,中国招标投标公共服务平台",https://www.ygcgpt.com/#/biddingdetails?annId=2042423613324353536
依法,太原天然气有限公司太原市市政道路老旧燃气管网及燃气管道系统安全治理工程(一期)及燃气管网生命线安全工程（一期）项目智能化设备采购(001标段)中标结果公示,能源电力,常规招标,公开招标,HXZB-HW20260309,太原天然气有限公司太原市市政道路老旧燃气管网及燃气管道系统安全治理工程(一期)及燃气管网生命线安全工程（一期）项目智能化设备采购（招标编号：HXZB-HW20260309），确定001第一标段的中标人如下:,安徽中科华仪科技有限公司,576000元,发布媒体：山西省招标投标公共服务平台、华新阳光采购平台,太原市城乡管理局、华新燃气集团有限公司、太原天然气有限公司,太原天然气有限公司,,,,山西华新阳光科技咨询有限公司,太原市长治路345号东楼23层,李晓辉、张朝、闫潇腾,0351-2453225、2221733、2221755,2026-04-10 12:02:50,"华新阳光采购平台,山西省招标投标公共服务平台,中国招标投标公共服务平台",https://www.ygcgpt.com/#/biddingdetails?annId=2042423527458562048
依法,太原天然气有限公司太原市市政道路老旧燃气管网及燃气管道系统安全治理工程(一期)及燃气管网生命线安全工程（一期）项目智能化设备采购(006标段)中标结果公示,能源电力,常规招标,公开招标,HXZB-HW20260309,太原天然气有限公司太原市市政道路老旧燃气管网及燃气管道系统安全治理工程(一期)及燃气管网生命线安全工程（一期）项目智能化设备采购（招标编号：HXZB-HW20260309），确定006第六标段的中标人如下:,山东斯诺电子有限公司,180000元,发布媒体：山西省招标投标公共服务平台、华新阳光采购平台,太原市城乡管理局、华新燃气集团有限公司、太原天然气有限公司,太原天然气有限公司,,,,山西华新阳光科技咨询有限公司,太原市长治路345号东楼23层,李晓辉、张朝、闫潇腾,0351-2453225、2221733、2221755,2026-04-10 12:00:38,"华新阳光采购平台,山西省招标投标公共服务平台,中国招标投标公共服务平台",https://www.ygcgpt.com/#/biddingdetails?annId=2042423848306040832
依法,太原天然气有限公司太原市市政道路老旧燃气管网及燃气管道系统安全治理工程(一期)东安路、惠民北巷等27条市政道路老旧燃气管线更新改造工程(001标段)中标结果公示,能源电力,常规招标,公开招标,HXZB-GC20260310,太原天然气有限公司太原市市政道路老旧燃气管网及燃气管道系统安全治理工程 (一期)东安路、惠民北巷等27条市政道路老旧燃气管线更新改造工程（招标编号：HXZB-GC20260310），确定001第一标段的中标人如下:,太原市煤气安装工程有限公司,3145846.25元,发布媒体：山西省招标投标公共服务平台、华新阳光采购平台,太原市城乡管理局、华新燃气集团有限公司、太原天然气有限公司,太原天然气有限公司,,,,山西华新阳光科技咨询有限公司,太原市长治路345号东楼23层,李晓辉、张朝、闫潇腾,0351-2453225、2221733、2221755,2026-04-09 14:47:04,"华新阳光采购平台,山西省招标投标公共服务平台,中国招标投标公共服务平台",https://www.ygcgpt.com/#/biddingdetails?annId=2042083097848143872
依法,太原天然气有限公司太原市市政道路老旧燃气管网及燃气管道系统安全治理工程(一期)东安路、惠民北巷等27条市政道路老旧燃气管线更新改造工程(002标段)中标结果公示,能源电力,常规招标,公开招标,HXZB-GC20260310,太原天然气有限公司太原市市政道路老旧燃气管网及燃气管道系统安全治理工程 (一期)东安路、惠民北巷等27条市政道路老旧燃气管线更新改造工程（招标编号：HXZB-GC20260310），确定002第二标段的中标人如下:,山西国然建设工程有限公司,2109340.98元,发布媒体：山西省招标投标公共服务平台、华新阳光采购平台,太原市城乡管理局、华新燃气集团有限公司、太原天然气有限公司,太原天然气有限公司,,,,山西华新阳光科技咨询有限公司,太原市长治路345号东楼23层,李晓辉、张朝、闫潇腾,0351-2453225、2221733、2221755,2026-04-09 14:46:59,"华新阳光采购平台,山西省招标投标公共服务平台,中国招标投标公共服务平台",https://www.ygcgpt.com/#/biddingdetails?annId=2042083192526168064
依法,太原天然气有限公司太原市市政道路老旧燃气管网及燃气管道系统安全治理工程(一期)东安路、惠民北巷等27条市政道路老旧燃气管线更新改造工程(003标段)中标结果公示,能源电力,常规招标,公开招标,HXZB-GC20260310,太原天然气有限公司太原市市政道路老旧燃气管网及燃气管道系统安全治理工程 (一期)东安路、惠民北巷等27条市政道路老旧燃气管线更新改造工程（招标编号：HXZB-GC20260310），确定003第三标段的中标人如下:,山西佰亿达建筑工程有限公司,2001524.96元,发布媒体：山西省招标投标公共服务平台、华新阳光采购平台,太原市城乡管理局、华新燃气集团有限公司、太原天然气有限公司,太原天然气有限公司,,,,山西华新阳光科技咨询有限公司,太原市长治路345号东楼23层,李晓辉、张朝、闫潇腾,0351-2453225、2221733、2221755,2026-04-09 14:44:47,"华新阳光采购平台,山西省招标投标公共服务平台,中国招标投标公共服务平台",https://www.ygcgpt.com/#/biddingdetails?annId=2042083249719697408
依法,山西天然气有限公司流量计检测辅助装置项目设备采购(002标段)中标结果公示,能源电力,常规招标,公开招标,HXZB-HW20260212,山西天然气有限公司流量计检测辅助装置项目设备采购（招标编号：HXZB-HW20260212），确定002第二标段的中标人如下:,重庆界石仪表有限公司,460000.00元,发布媒体：山西招标采购服务平台、华新阳光采购平台,华新燃气集团有限公司、山西天然气有限公司,山西天然气有限公司,,,,山西华新阳光科技咨询有限公司,太原市长治路345号东楼23层,李晓辉、张朝、闫潇腾,0351-2453225、2221733、2221755,2026-04-02 10:53:02,"华新阳光采购平台,中国招标投标公共服务平台,山西省招标投标协会/山西招标采购服务平台",https://www.ygcgpt.com/#/biddingdetails?annId=2039535312099725312
依法,山西铭石煤层气利用股份有限公司、运城市华新城市燃气有限公司年度城网及零星维修工程B类物资、PE管材管件集中采购(001标段)中标结果公示,能源电力,常规招标,公开招标,HXZB-HW20260301,山西铭石煤层气利用股份有限公司、运城市华新城市燃气有限公司年度城网及零星维修工程B类物资、PE管材管件集中采购（招标编号：HXZB-HW20260301），确定001第一标段的中标人如下:,河北天隆管道设备有限公司,4798226.00元,发布媒体：山西招标采购服务平台、华新阳光采购平台,华新燃气集团有限公司、山西华新城市燃气集团有限公司,山西铭石煤层气利用股份有限公司,,,,山西华新阳光科技咨询有限公司,太原市长治路345号东楼23层,张朝、闫潇腾,0351-2453225、2221733、2221755,2026-03-30 18:05:27,"华新阳光采购平台,中国招标投标公共服务平台,山西省招标投标协会/山西招标采购服务平台",https://www.ygcgpt.com/#/biddingdetails?annId=2038550516993216512
依法,山西铭石煤层气利用股份有限公司、运城市华新城市燃气有限公司年度城网及零星维修工程B类物资、PE管材管件集中采购(002标段)中标结果公示,能源电力,常规招标,公开招标,HXZB-HW20260301,山西铭石煤层气利用股份有限公司、运城市华新城市燃气有限公司年度城网及零星维修工程B类物资、PE管材管件集中采购（招标编号：HXZB-HW20260301），确定002第二标段的中标人如下:,自贡自高阀门有限公司,1177959.50元,发布媒体：山西招标采购服务平台、华新阳光采购平台,华新燃气集团有限公司、山西华新城市燃气集团有限公司,山西铭石煤层气利用股份有限公司,,,,山西华新阳光科技咨询有限公司,太原市长治路345号东楼23层,张朝、闫潇腾,0351-2453225、2221733、2221755,2026-03-30 18:05:24,"华新阳光采购平台,中国招标投标公共服务平台,山西省招标投标协会/山西招标采购服务平台",https://www.ygcgpt.com/#/biddingdetails?annId=2038550615773270016
依法,山西铭石煤层气利用股份有限公司、运城市华新城市燃气有限公司年度城网及零星维修工程B类物资、PE管材管件集中采购(003标段)中标结果公示,能源电力,常规招标,公开招标,HXZB-HW20260301,山西铭石煤层气利用股份有限公司、运城市华新城市燃气有限公司年度城网及零星维修工程B类物资、PE管材管件集中采购（招标编号：HXZB-HW20260301），确定003第三标段的中标人如下:,四川岷河管道建设工程有限公司,332368.31元,发布媒体：山西招标采购服务平台、华新阳光采购平台,华新燃气集团有限公司、山西华新城市燃气集团有限公司,山西铭石煤层气利用股份有限公司,,,,山西华新阳光科技咨询有限公司,太原市长治路345号东楼23层,张朝、闫潇腾,0351-2453225、2221733、2221755,2026-03-30 18:05:22,"华新阳光采购平台,中国招标投标公共服务平台,山西省招标投标协会/山西招标采购服务平台",https://www.ygcgpt.com/#/biddingdetails?annId=2038550688942903296
依法,山西铭石煤层气利用股份有限公司、运城市华新城市燃气有限公司年度城网及零星维修工程B类物资、PE管材管件集中采购(004标段)中标结果公示,能源电力,常规招标,公开招标,HXZB-HW20260301,山西铭石煤层气利用股份有限公司、运城市华新城市燃气有限公司年度城网及零星维修工程B类物资、PE管材管件集中采购（招标编号：HXZB-HW20260301），确定004第四标段的中标人如下:,山西佰毅新能源有限公司,1996101.8元,发布媒体：山西招标采购服务平台、华新阳光采购平台,华新燃气集团有限公司、山西华新城市燃气集团有限公司,山西铭石煤层气利用股份有限公司,,,,山西华新阳光科技咨询有限公司,太原市长治路345号东楼23层,张朝、闫潇腾,0351-2453225、2221733、2221755,2026-03-30 18:03:10,"华新阳光采购平台,中国招标投标公共服务平台,山西省招标投标协会/山西招标采购服务平台",https://www.ygcgpt.com/#/biddingdetails?annId=2038550777669210112
依法,山西华新中昊盛天然气有限公司、临汾市华新城市燃气有限公司年度城网物资区域集采项目(001标段)二次重新招标中标结果公示,能源电力,二次重新招标,公开招标,HXZB-HW20251223,山西华新中昊盛天然气有限公司、临汾市华新城市燃气有限公司年度城网物资区域集采项目（招标编号：HXZB-HW20251223），确定001第一标段的中标人如下:,重庆界石仪表有限公司,106500元,发布媒体：山西招标采购服务平台、华新阳光采购平台,华新燃气集团有限公司、山西华新城市燃气集团有限公司,山西华新中昊盛天然气有限公司,,,,山西华新阳光科技咨询有限公司,太原市长治路345号东楼23层,张绒、李志起,0351-2453225、2221733、2221755,2026-03-30 14:55:40,"华新阳光采购平台,中国招标投标公共服务平台,山西省招标投标协会/山西招标采购服务平台",https://www.ygcgpt.com/#/biddingdetails?annId=2038509657111252992
依法,太原天然气有限公司太原市2026年住宅小区居民共有老旧庭院燃气管网及户内立管更新改造工程设计服务中标结果公示,能源电力,常规招标,公开招标,HXZB-FW20260301,太原天然气有限公司太原市2026年住宅小区居民共有老旧庭院燃气管网及户内立管更新改造工程设计服务（招标编号：HXZB-FW20260301），确定001第一标段的中标人如下:,山西省燃气规划设计研究院有限责任公司,参照《工程勘察设计收费标准（2002年修订本）》文件规定计费标准的65%计取,发布媒体：山西省招标投标公共服务平台、华新阳光采购平台,太原市城乡管理局、华新燃气集团有限公司、太原天然气有限公司,太原天然气有限公司,,,,山西华新阳光科技咨询有限公司,太原市长治路345号东楼23层,李晓辉、张朝、闫潇腾,0351-2453225、2221733、2221755,2026-03-27 11:10:07,"华新阳光采购平台,山西省招标投标公共服务平台,中国招标投标公共服务平台",https://www.ygcgpt.com/#/biddingdetails?annId=2037365763719942144
依法,太原华新液化天然气有限公司冷却器加工服务中标结果公示,房屋建筑,常规招标,公开招标,HXZB-FW20260226,太原华新液化天然气有限公司冷却器加工服务（招标编号：HXZB-FW20260226），确定001第一标段的中标人如下:,山东捷盛化工设备有限公司,699000元,发布媒体：山西招标采购服务平台、华新阳光采购平台,华新燃气集团有限公司、山西华新液化天然气集团有限公司,太原华新液化天然气有限公司,,,,山西华新阳光科技咨询有限公司,太原市长治路345号东楼23层,王挺、周文博,0351-2453225、2221733、2221755,2026-03-24 15:09:11,"华新阳光采购平台,中国招标投标公共服务平台,山西省招标投标协会/山西招标采购服务平台",https://www.ygcgpt.com/#/biddingdetails?annId=2036338909835808768
依法,太原煤炭气化（集团）晋中燃气有限公司等六家公司年度民用户及工、营、福燃气安装及改造工程配套物资采购B类物资、PE管材、管件及阀门区域集采(005标段)二次招标中标结果公示,房屋建筑,二次招标,公开招标,HXZB-HW20260206,太原煤炭气化（集团）晋中燃气有限公司等六家公司年度民用户及工、营、福燃气安装及改造工程配套物资采购B类物资、PE管材、管件及阀门区域集采（招标编号：HXZB-HW20260206），确定005第五标段的中标人如下:,江特科技股份有限公司,2936987.83元,发布媒体：山西招标采购服务平台、华新阳光采购平台,华新燃气集团有限公司、山西华新城市燃气集团有限公司,太原煤炭气化（集团）晋中燃气有限公司,,,,山西华新阳光科技咨询有限公司,太原市长治路345号东楼23层,张绒、李志起,0351-2453225、2221733、2221755,2026-03-23 10:34:03,"华新阳光采购平台,山西省招标投标协会/山西招标采购服务平台",https://www.ygcgpt.com/#/biddingdetails?annId=2035907044129755136
依法,山西华新煤成气勘查开发有限公司2026年榆社东区块煤层气测井技术服务中标结果公示,房屋建筑,常规招标,公开招标,HXZB-FW20260129,山西华新煤成气勘查开发有限公司2026年榆社东区块煤层气测井技术服务（招标编号：HXZB-FW20260129），确定001第一标段的中标人如下:,河南省地质研究院,4090000.00元,发布媒体：山西招标采购服务平台、华新阳光采购平台,华新燃气集团有限公司、山西华新煤成气勘查开发有限公司,山西华新煤成气勘查开发有限公司,,,,山西华新阳光科技咨询有限公司,太原市长治路345号东楼23层,李晓辉、张朝、闫潇腾,0351-2453225、2221733、2221755,2026-03-17 14:53:04,"华新阳光采购平台,中国招标投标公共服务平台,山西省招标投标协会/山西招标采购服务平台",https://www.ygcgpt.com/#/biddingdetails?annId=2033725848205512704
依法,山西华新煤成气勘查开发有限公司2026年山西省榆社东区块煤层气勘查项目三维地震中标结果公示,房屋建筑,常规招标,公开招标,HXZB-FW20260209,山西华新煤成气勘查开发有限公司2026年山西省榆社东区块煤层气勘查项目三维地震（招标编号：HXZB-FW20260209），确定001第一标段的中标人如下:,山西省煤炭地质物探测绘院有限公司,24058500元,发布媒体：山西招标采购服务平台、华新阳光采购平台,华新燃气集团有限公司、山西华新煤成气勘查开发有限公司,山西华新煤成气勘查开发有限公司,,,,山西华新阳光科技咨询有限公司,太原市长治路345号东楼23层,张朝、闫潇腾,0351-2453225、2221733、2221755,2026-03-16 11:13:03,"华新阳光采购平台,中国招标投标公共服务平台,山西省招标投标协会/山西招标采购服务平台",https://www.ygcgpt.com/#/biddingdetails?annId=2033371029213138944
依法,太原煤炭气化（集团）晋中燃气有限公司等六家公司年度民用户及工、营、福燃气安装及改造工程配套物资采购B类物资、PE管材、管件及阀门区域集采(003标段)中标结果公示,房屋建筑,常规招标,公开招标,HXZB-HW20260206,太原煤炭气化（集团）晋中燃气有限公司等六家公司年度民用户及工、营、福燃气安装及改造工程配套物资采购B类物资、PE管材、管件及阀门区域集采（招标编号：HXZB-HW20260206），确定003第三标段的中标人如下:,交城县万和燃气管阀有限公司,876855.79元,发布媒体：山西招标采购服务平台、华新阳光采购平台,华新燃气集团有限公司、山西华新城市燃气集团有限公司,太原煤炭气化（集团）晋中燃气有限公司,,,,山西华新阳光科技咨询有限公司,太原市长治路345号东楼23层,张绒、李志起,0351-2453225、2221733、2221755,2026-03-16 10:26:36,"华新阳光采购平台,山西省招标投标协会/山西招标采购服务平台",https://www.ygcgpt.com/#/biddingdetails?annId=2033352797756444672
依法,太原煤炭气化（集团）晋中燃气有限公司等六家公司年度民用户及工、营、福燃气安装及改造工程配套物资采购B类物资、PE管材、管件及阀门区域集采(004标段)中标结果公示,房屋建筑,常规招标,公开招标,HXZB-HW20260206,太原煤炭气化（集团）晋中燃气有限公司等六家公司年度民用户及工、营、福燃气安装及改造工程配套物资采购B类物资、PE管材、管件及阀门区域集采（招标编号：HXZB-HW20260206），确定004第四标段的中标人如下:,温州鹏象管件有限公司,896631.78元,发布媒体：山西招标采购服务平台、华新阳光采购平台,华新燃气集团有限公司、山西华新城市燃气集团有限公司,太原煤炭气化（集团）晋中燃气有限公司,,,,山西华新阳光科技咨询有限公司,太原市长治路345号东楼23层,张绒、李志起,0351-2453225、2221733、2221755,2026-03-16 10:26:33,"华新阳光采购平台,山西省招标投标协会/山西招标采购服务平台",https://www.ygcgpt.com/#/biddingdetails?annId=2033353200199913472
依法,山西华新煤成气勘查开发有限公司2026年山西省榆社东区块煤层气勘探井钻压一体化工程(003标段)中标结果公示,能源电力,常规招标,公开招标,HXZB-GC20260205,山西华新煤成气勘查开发有限公司2026年山西省榆社东区块煤层气勘探井钻压一体化工程（招标编号：HXZB-GC20260205），确定003第三标段的中标人如下:,北京大地高科地质勘查有限公司,29132800.00元,发布媒体：山西招标采购服务平台、华新阳光采购平台,华新燃气集团有限公司、山西华新煤成气勘查开发有限公司,山西华新煤成气勘查开发有限公司,,,,山西华新阳光科技咨询有限公司,太原市长治路345号东楼23层,李晓辉、张朝、闫潇腾,0351-2453225、2221733、2221755,2026-03-16 10:26:30,"华新阳光采购平台,中国招标投标公共服务平台,山西省招标投标协会/山西招标采购服务平台",https://www.ygcgpt.com/#/biddingdetails?annId=2033343833127899136
依法,山西华新煤成气勘查开发有限公司2026年山西省榆社东区块煤层气勘探井钻压一体化工程(002标段)中标结果公示,能源电力,常规招标,公开招标,HXZB-GC20260205,山西华新煤成气勘查开发有限公司2026年山西省榆社东区块煤层气勘探井钻压一体化工程（招标编号：HXZB-GC20260205），确定002第二标段的中标人如下:,中煤科工西安研究院（集团）有限公司,27492800元,发布媒体：山西招标采购服务平台、华新阳光采购平台,华新燃气集团有限公司、山西华新煤成气勘查开发有限公司,山西华新煤成气勘查开发有限公司,,,,山西华新阳光科技咨询有限公司,太原市长治路345号东楼23层,李晓辉、张朝、闫潇腾,0351-2453225、2221733、2221755,2026-03-16 10:26:27,"华新阳光采购平台,中国招标投标公共服务平台,山西省招标投标协会/山西招标采购服务平台",https://www.ygcgpt.com/#/biddingdetails?annId=2033343751309611008
依法,山西华新煤成气勘查开发有限公司2026年山西省榆社东区块煤层气勘探井钻压一体化工程(001标段)中标结果公示,能源电力,常规招标,公开招标,HXZB-GC20260205,山西华新煤成气勘查开发有限公司2026年山西省榆社东区块煤层气勘探井钻压一体化工程（招标编号：HXZB-GC20260205），确定001第一标段的中标人如下:,内蒙古煤勘集团钻探工程有限责任公司,31101687元,发布媒体：山西招标采购服务平台、华新阳光采购平台,华新燃气集团有限公司、山西华新煤成气勘查开发有限公司,山西华新煤成气勘查开发有限公司,,,,山西华新阳光科技咨询有限公司,太原市长治路345号东楼23层,李晓辉、张朝、闫潇腾,0351-2453225、2221733、2221755,2026-03-16 10:24:15,"华新阳光采购平台,中国招标投标公共服务平台,山西省招标投标协会/山西招标采购服务平台",https://www.ygcgpt.com/#/biddingdetails?annId=2033343385088151552
依法,太原煤炭气化（集团）晋中燃气有限公司、晋中市中心城区洁源天然气有限公司年度燃气工程无损检测中标结果公示,房屋建筑,常规招标,公开招标,HXZB-FW20260205,太原煤炭气化（集团）晋中燃气有限公司、晋中市中心城区洁源天然气有限公司年度燃气工程无损检测（招标编号：HXZB-FW20260205），确定001第一标段的中标人如下:,山西通运检测技术服务有限公司,109.3元,发布媒体：山西招标采购服务平台、华新阳光采购平台,华新燃气集团有限公司、山西华新城市燃气集团有限公司,太原煤炭气化（集团）晋中燃气有限公司,,,,山西华新阳光科技咨询有限公司,太原市长治路345号东楼23层,张绒、李志起,0351-2453225、2221733、2221755,2026-03-13 11:25:00,"华新阳光采购平台,中国招标投标公共服务平台,山西省招标投标协会/山西招标采购服务平台",https://www.ygcgpt.com/#/biddingdetails?annId=2032295203671494656
依法,太原煤炭气化（集团）晋中燃气有限公司、晋中市中心城区洁源天然气有限公司年度民用户、工、营、福燃气安装工程施工及小型维抢修、燃气改造施工(001标段)中标结果公示,能源电力,常规招标,公开招标,HXZB-GC20260206,太原煤炭气化（集团）晋中燃气有限公司、晋中市中心城区洁源天然气有限公司年度民用户、工、营、福燃气安装工程施工及小型维抢修、燃气改造施工（招标编号：HXZB-GC20260206），确定001第一标段的中标人如下:,山西德华建设工程有限公司,162805.28元,发布媒体：山西招标采购服务平台、华新阳光采购平台,华新燃气集团有限公司、山西华新城市燃气集团有限公司,太原煤炭气化（集团）晋中燃气有限公司,,,,山西华新阳光科技咨询有限公司,太原市长治路345号东楼23层,张绒、李志起,0351-2453225、2221733、2221755,2026-03-13 11:24:58,"华新阳光采购平台,中国招标投标公共服务平台,山西省招标投标协会/山西招标采购服务平台",https://www.ygcgpt.com/#/biddingdetails?annId=2032286894964985856
依法,太原煤炭气化（集团）晋中燃气有限公司、晋中市中心城区洁源天然气有限公司年度民用户、工、营、福燃气安装工程施工及小型维抢修、燃气改造施工(002标段)中标结果公示,能源电力,常规招标,公开招标,HXZB-GC20260206,太原煤炭气化（集团）晋中燃气有限公司、晋中市中心城区洁源天然气有限公司年度民用户、工、营、福燃气安装工程施工及小型维抢修、燃气改造施工（招标编号：HXZB-GC20260206），确定002第二标段的中标人如下:,河南万佳建设工程有限公司,164757.75元,发布媒体：山西招标采购服务平台、华新阳光采购平台,华新燃气集团有限公司、山西华新城市燃气集团有限公司,太原煤炭气化（集团）晋中燃气有限公司,,,,山西华新阳光科技咨询有限公司,太原市长治路345号东楼23层,张绒、李志起,0351-2453225、2221733、2221755,2026-03-13 11:22:46,"华新阳光采购平台,中国招标投标公共服务平台,山西省招标投标协会/山西招标采购服务平台",https://www.ygcgpt.com/#/biddingdetails?annId=2032287155548704768
依法,山西华新煤成气勘查开发有限公司2026年度榆社东区块煤层气勘探井套管采购中标结果公示,房屋建筑,常规招标,公开招标,HXZB-HW20251226,山西华新煤成气勘查开发有限公司2026年度榆社东区块煤层气勘探井套管采购（招标编号：HXZB-HW20251226），确定001第一标段的中标人如下:,林州凤宝管业有限公司,9961000元,发布媒体：山西招标采购服务平台、华新阳光采购平台,华新燃气集团有限公司、山西华新煤成气勘查开发有限公司,山西华新煤成气勘查开发有限公司,,,,山西华新阳光科技咨询有限公司,太原市长治路345号东楼23层,李晓辉、张朝、闫潇腾,0351-2453225、2221733、2221755,2026-03-12 11:21:20,"华新阳光采购平台,中国招标投标公共服务平台,山西省招标投标协会/山西招标采购服务平台",https://www.ygcgpt.com/#/biddingdetails?annId=2031922102165164032
依法,太原天然气有限公司2026年用户委托燃气工程薄壁不锈钢管及管件采购(001标段)重新招标中标结果公示,能源电力,重新招标,公开招标,HXZB-HW20251112,太原天然气有限公司2026年用户委托燃气工程薄壁不锈钢管及管件采购（招标编号：HXZB-HW20251112），确定001第一标段的中标人如下:,浙江康帕斯流体技术股份有限公司,3489999.70元,发布媒体：山西招标采购服务平台、华新阳光采购平台,华新燃气集团有限公司、太原天然气有限公司,太原天然气有限公司,,,,山西华新阳光科技咨询有限公司,太原市长治路345号东楼23层,李晓辉、张朝、闫潇腾,0351-2453225、2221733、2221755,2026-03-10 10:55:28,"华新阳光采购平台,中国招标投标公共服务平台,山西省招标投标协会/山西招标采购服务平台",https://www.ygcgpt.com/#/biddingdetails?annId=2031198628819881984
依法,山西煤层气有限责任公司勘探开发分公司62口水平井射流泵维护中标结果公示,能源电力,常规招标,公开招标,HXZB-FW20260126,山西煤层气有限责任公司勘探开发分公司62口水平井射流泵维护（招标编号：HXZB-FW20260126），确定001第一标段的中标人如下:,中矿瑞杰(北京)科技有限公司,1403122.00元,发布媒体：山西招标采购服务平台、华新阳光采购平台,华新燃气集团有限公司、山西蓝焰控股股份有限公司,山西蓝焰控股股份有限公司,,,,山西华新阳光科技咨询有限公司,太原市长治路345号东楼23层,张朝、闫潇腾,0351-2453225、2221733、2221755,2026-03-10 10:53:16,"华新阳光采购平台,中国招标投标公共服务平台,山西省招标投标协会/山西招标采购服务平台",https://www.ygcgpt.com/#/biddingdetails?annId=2031197884213481472
依法,山西华新城市燃气集团有限公司维抢修大队维抢修设备更新项目(002标段)中标结果公示,能源电力,常规招标,公开招标,HXZB-HW20260202,山西华新城市燃气集团有限公司维抢修大队维抢修设备更新项目（招标编号：HXZB-HW20260202），确定002第二标段的中标人如下:,武汉咸亨国际能源科技有限公司,2639600.00元,发布媒体：山西招标采购服务平台、华新阳光采购平台,华新燃气集团有限公司、山西华新城市燃气集团有限公司,山西华新城市燃气集团有限公司,,,,山西华新阳光科技咨询有限公司,太原市长治路345号东楼23层,张绒、李志起,0351-2453225、2221733、2221755,2026-03-09 16:47:51,"华新阳光采购平台,中国招标投标公共服务平台,山西省招标投标协会/山西招标采购服务平台",https://www.ygcgpt.com/#/biddingdetails?annId=2030927140724264960
依法,山西华新煤成气勘查开发有限公司2026年度榆社东区块柴油采购中标结果公示,房屋建筑,常规招标,公开招标,HXZB-HW20260123,山西华新煤成气勘查开发有限公司2026年度榆社东区块柴油采购（招标编号：HXZB-HW20260123），确定001第一标段的中标人如下:,沁水县郑村加油站,5.9元,发布媒体：山西招标采购服务平台、华新阳光采购平台,华新燃气集团有限公司、山西华新煤成气勘查开发有限公司,山西华新煤成气勘查开发有限公司,,,,山西华新阳光科技咨询有限公司,太原市长治路345号东楼23层,李晓辉、张朝、闫潇腾,0351-2453225、2221733、2221755,2026-03-09 16:45:39,"华新阳光采购平台,中国招标投标公共服务平台,山西省招标投标协会/山西招标采购服务平台",https://www.ygcgpt.com/#/biddingdetails?annId=2030925715927584768
依法,山西天然气有限公司2026年度安全生产指挥中心屏幕系统及服务器、存储设备维保服务中标结果公示,房屋建筑,常规招标,公开招标,HXZB-FW20260112,山西天然气有限公司2026年度安全生产指挥中心屏幕系统及服务器、存储设备维保服务（招标编号：HXZB-FW20260112），确定001第一标段的中标人如下:,北京中亦安图科技股份有限公司,1342200元,发布媒体：山西招标采购服务平台、华新阳光采购平台,华新燃气集团有限公司、山西天然气有限公司,山西天然气有限公司,,,,山西华新阳光科技咨询有限公司,太原市长治路345号东楼23层,李晓辉、张朝、闫潇腾,0351-2453225、2221733、2221755,2026-03-05 14:46:51,"华新阳光采购平台,山西省招标投标协会/山西招标采购服务平台",https://www.ygcgpt.com/#/biddingdetails?annId=2029448050892722176
依法,山西国新和盛新能源有限公司20万吨/年碳四深加工项目设计诊断中标结果公示,房屋建筑,常规招标,公开招标,HXZB-FW20260130,山西国新和盛新能源有限公司20万吨/年碳四深加工项目设计诊断（招标编号：HXZB-FW20260130），确定001第一标段的中标人如下:,山东中天科技工程有限公司,396000.00元,发布媒体：山西招标采购服务平台、华新阳光采购平台,华新燃气集团有限公司、山西国新和盛新能源有限公司,山西国新和盛新能源有限公司,,,,山西华新阳光科技咨询有限公司,太原市长治路345号东楼23层,张朝、闫潇腾,0351-2453225、2221733、2221755,2026-03-04 10:36:56,"华新阳光采购平台,中国招标投标公共服务平台,山西省招标投标协会/山西招标采购服务平台",https://www.ygcgpt.com/#/biddingdetails?annId=2029016625643114496
依法,山西铭石煤层气利用股份有限公司生产物资（含加臭剂）采购(004标段)中标结果公示,能源电力,常规招标,公开招标,HXZB-HW20260106,山西铭石煤层气利用股份有限公司生产物资（含加臭剂）采购（招标编号：HXZB-HW20260106），确定004第四标段的中标人如下:,山西艾尔普斯机械设备有限公司,549987元,发布媒体：山西招标采购服务平台、华新阳光采购平台,华新燃气集团有限公司、山西华新城市燃气集团有限公司,山西铭石煤层气利用股份有限公司,,,,山西华新阳光科技咨询有限公司,太原市长治路345号东楼23层,李晓辉、张朝、闫潇腾,0351-2453225、2221733、2221755,2026-03-03 11:17:25,"华新阳光采购平台,中国招标投标公共服务平台,山西省招标投标协会/山西招标采购服务平台",https://www.ygcgpt.com/#/biddingdetails?annId=2028666446133972992
依法,山西铭石煤层气利用股份有限公司生产物资（含加臭剂）采购(003标段)中标结果公示,能源电力,常规招标,公开招标,HXZB-HW20260106,山西铭石煤层气利用股份有限公司生产物资（含加臭剂）采购（招标编号：HXZB-HW20260106），确定003第三标段的中标人如下:,山西晋深能源装备有限公司,640872.8元,发布媒体：山西招标采购服务平台、华新阳光采购平台,华新燃气集团有限公司、山西华新城市燃气集团有限公司,山西铭石煤层气利用股份有限公司,,,,山西华新阳光科技咨询有限公司,太原市长治路345号东楼23层,李晓辉、张朝、闫潇腾,0351-2453225、2221733、2221755,2026-03-03 11:17:22,"华新阳光采购平台,中国招标投标公共服务平台,山西省招标投标协会/山西招标采购服务平台",https://www.ygcgpt.com/#/biddingdetails?annId=2028666381642354688
依法,山西铭石煤层气利用股份有限公司生产物资（含加臭剂）采购(002标段)中标结果公示,能源电力,常规招标,公开招标,HXZB-HW20260106,山西铭石煤层气利用股份有限公司生产物资（含加臭剂）采购（招标编号：HXZB-HW20260106），确定002第二标段的中标人如下:,广东智燃能源科技有限公司,1924560元,发布媒体：山西招标采购服务平台、华新阳光采购平台,华新燃气集团有限公司、山西华新城市燃气集团有限公司,山西铭石煤层气利用股份有限公司,,,,山西华新阳光科技咨询有限公司,太原市长治路345号东楼23层,李晓辉、张朝、闫潇腾,0351-2453225、2221733、2221755,2026-03-03 11:17:20,"华新阳光采购平台,中国招标投标公共服务平台,山西省招标投标协会/山西招标采购服务平台",https://www.ygcgpt.com/#/biddingdetails?annId=2028666266911363072
依法,山西铭石煤层气利用股份有限公司生产物资（含加臭剂）采购(001标段)中标结果公示,能源电力,常规招标,公开招标,HXZB-HW20260106,山西铭石煤层气利用股份有限公司生产物资（含加臭剂）采购（招标编号：HXZB-HW20260106），确定001第一标段的中标人如下:,河北卓世腾新材料科技有限公司,2648592.25元,发布媒体：山西招标采购服务平台、华新阳光采购平台,华新燃气集团有限公司、山西华新城市燃气集团有限公司,山西铭石煤层气利用股份有限公司,,,,山西华新阳光科技咨询有限公司,太原市长治路345号东楼23层,李晓辉、张朝、闫潇腾,0351-2453225、2221733、2221755,2026-03-03 11:15:08,"华新阳光采购平台,中国招标投标公共服务平台,山西省招标投标协会/山西招标采购服务平台",https://www.ygcgpt.com/#/biddingdetails?annId=2028666189908135936
依法,山西华新物业服务有限公司2026年第一批后勤保障服务项目(002标段)中标结果公示,能源电力,常规招标,公开招标,HXZB-FW20260128,山西华新物业服务有限公司2026年第一批后勤保障服务项目（招标编号：HXZB-FW20260128），确定002第二标段的中标人如下:,山西前唐餐饮管理有限公司,192835.20元,发布媒体：山西招标采购服务平台、华新阳光采购平台,华新燃气集团有限公司、山西华新物业服务有限公司,山西华新物业服务有限公司,,,,山西华新阳光科技咨询有限公司,太原市长治路345号东楼23层,王挺、周文博,0351-2453225、2221733、2221755,2026-02-28 15:43:01,"华新阳光采购平台,中国招标投标公共服务平台,山西省招标投标协会/山西招标采购服务平台",https://www.ygcgpt.com/#/biddingdetails?annId=2027649628380450816
依法,山西华新城市燃气集团有限公司下属5家单位年度城市管网项目物资区域集采项目(006标段)重新招标中标结果公示,能源电力,重新招标,公开招标,HXZB-HW20251215,山西华新城市燃气集团有限公司下属5家单位年度城市管网项目物资区域集采（招标编号：HXZB-HW20251215），确定006第六标段的中标人如下:,上高集团股份有限公司,795898.8元,发布媒体：山西招标采购服务平台、华新阳光采购平台,华新燃气集团有限公司、山西华新城市燃气集团有限公司,清徐县凯通天然气有限公司,,,,山西华新阳光科技咨询有限公司,太原市长治路345号东楼23层,张绒、李志起,0351-2453225、2221733、2221755,2026-02-24 10:25:28,"华新阳光采购平台,中国招标投标公共服务平台,山西省招标投标协会/山西招标采购服务平台",https://www.ygcgpt.com/#/biddingdetails?annId=2026120607373053952
依法,山西蓝焰煤层气集团有限责任公司2026年沁水区块管网保运服务中标结果公示,能源电力,常规招标,公开招标,HXZB-FW20260101,山西蓝焰煤层气集团有限责任公司2026年沁水区块管网保运服务（招标编号：HXZB-FW20260101），确定001第一标段的中标人如下:,山西晨光物流有限公司,2418496元,发布媒体：山西招标采购服务平台、华新阳光采购平台,华新燃气集团有限公司、山西蓝焰控股股份有限公司,山西蓝焰控股股份有限公司,,,,山西华新阳光科技咨询有限公司,太原市长治路345号东楼23层,张朝、闫潇腾,0351-2453225、2221733、2221755,2026-02-09 11:00:08,"华新阳光采购平台,中国招标投标公共服务平台,山西省招标投标协会/山西招标采购服务平台",https://www.ygcgpt.com/#/biddingdetails?annId=2020690037222506496
依法,山西蓝焰控股股份有限公司所属子分公司职工食堂托管(006标段)重新招标中标结果公示,能源电力,重新招标,公开招标,HXZB-FW20251206,山西蓝焰控股股份有限公司所属子分公司职工食堂托管（招标编号：HXZB-FW20251206），确定006第六标段的中标人如下:,山西前唐餐饮管理有限公司,497415.60元,发布媒体：山西招标采购服务平台、华新阳光采购平台,华新燃气集团有限公司、山西蓝焰控股股份有限公司,山西蓝焰控股股份有限公司,,,,山西华新阳光科技咨询有限公司,太原市长治路345号东楼23层,张朝、闫潇腾,0351-2453225、2221733、2221755,2026-02-09 11:00:05,"华新阳光采购平台,中国招标投标公共服务平台,山西省招标投标协会/山西招标采购服务平台",https://www.ygcgpt.com/#/biddingdetails?annId=2020687482304167936
依法,山西蓝焰控股股份有限公司所属子分公司职工食堂托管(005标段)重新招标中标结果公示,能源电力,重新招标,公开招标,HXZB-FW20251206,山西蓝焰控股股份有限公司所属子分公司职工食堂托管（招标编号：HXZB-FW20251206），确定005第五标段的中标人如下:,山西五誉得餐饮文化管理有限公司,616284.00元,发布媒体：山西招标采购服务平台、华新阳光采购平台,华新燃气集团有限公司、山西蓝焰控股股份有限公司,山西蓝焰控股股份有限公司,,,,山西华新阳光科技咨询有限公司,太原市长治路345号东楼23层,张朝、闫潇腾,0351-2453225、2221733、2221755,2026-02-09 11:00:01,"华新阳光采购平台,中国招标投标公共服务平台,山西省招标投标协会/山西招标采购服务平台",https://www.ygcgpt.com/#/biddingdetails?annId=2020687212102909952
依法,山西蓝焰煤层气集团有限责任公司“数智强晋”钻井工程指挥中心（平台）采购中标结果公示,能源电力,常规招标,公开招标,HXZB-HW20260101,山西蓝焰煤层气集团有限责任公司“数智强晋”钻井工程指挥中心（平台）采购（招标编号：HXZB-HW20260101），确定001第一标段的中标人如下:,西安石文软件有限公司,2089000.00元,发布媒体：山西招标采购服务平台、华新阳光采购平台,华新燃气集团有限公司、山西蓝焰控股股份有限公司,山西蓝焰控股股份有限公司,,,,山西华新阳光科技咨询有限公司,太原市长治路345号东楼23层,张朝、闫潇腾,0351-2453225、2221733、2221755,2026-02-09 10:57:49,"华新阳光采购平台,中国招标投标公共服务平台,山西省招标投标协会/山西招标采购服务平台",https://www.ygcgpt.com/#/biddingdetails?annId=2020683950691811328
依法,太原天然气有限公司2026年四氢噻吩（加臭剂）采购中标结果公示,能源电力,常规招标,公开招标,HXZB-HW20251230,太原天然气有限公司2026年四氢噻吩（加臭剂）采购（招标编号：HXZB-HW20251230），确定001第一标段的中标人如下:,北京瑞驰商贸有限责任公司,2394000.00元,发布媒体：山西招标采购服务平台、华新阳光采购平台,华新燃气集团有限公司、太原天然气有限公司,太原天然气有限公司,,,,山西华新阳光科技咨询有限公司,太原市长治路345号东楼23层,李晓辉、张朝、闫潇腾,0351-2453225、2221733、2221755,2026-02-05 10:17:12,"华新阳光采购平台,中国招标投标公共服务平台,山西省招标投标协会/山西招标采购服务平台",https://www.ygcgpt.com/#/biddingdetails?annId=2019233297188618240
依法,山西燃气集团有限公司下属单位公务用车购置(004标段)三次招标中标结果公示,能源电力,三次招标,公开招标,HXZB-HW20250903,山西燃气集团有限公司下属单位公务用车购置（招标编号：HXZB-HW20250903），确定004第四标段的中标人如下:,临汾市启瑞达汽车销售服务有限公司,517300.00元,发布媒体：山西招标采购服务平台、华新阳光采购平台,华新燃气集团有限公司、山西燃气集团有限公司,山西燃气集团有限公司,,,,山西华新阳光科技咨询有限公司,太原市长治路345号东楼23层,李晓辉、张朝、闫潇腾,0351-2453225、2221733、2221755,2026-02-02 15:11:41,"华新阳光采购平台,中国招标投标公共服务平台,山西省招标投标协会/山西招标采购服务平台",https://www.ygcgpt.com/#/biddingdetails?annId=2018218358185492480
依法,山西燃气集团有限公司下属单位公务用车购置(003标段)四次招标中标结果公示,能源电力,四次招标,公开招标,HXZB-HW20250903,山西燃气集团有限公司下属单位公务用车购置（招标编号：HXZB-HW20250903），确定003第三标段的中标人如下:,晋城市华洋亚飞汽车连锁销售有限公司,591500元,发布媒体：山西招标采购服务平台、华新阳光采购平台,华新燃气集团有限公司、山西燃气集团有限公司,山西燃气集团有限公司,,,,山西华新阳光科技咨询有限公司,太原市长治路345号东楼23层,李晓辉、张朝、闫潇腾,0351-2453225、2221733、2221755,2026-02-02 15:11:38,"华新阳光采购平台,中国招标投标公共服务平台,山西省招标投标协会/山西招标采购服务平台",https://www.ygcgpt.com/#/biddingdetails?annId=2018218271254347776
依法,山西燃气集团有限公司下属单位公务用车购置(002标段)四次招标中标结果公示,能源电力,四次招标,公开招标,HXZB-HW20250903,山西燃气集团有限公司下属单位公务用车购置（招标编号：HXZB-HW20250903），确定002第二标段的中标人如下:,山西欣昌林汽车服务有限公司,920500元,发布媒体：山西招标采购服务平台、华新阳光采购平台,华新燃气集团有限公司、山西燃气集团有限公司,山西燃气集团有限公司,,,,山西华新阳光科技咨询有限公司,太原市长治路345号东楼23层,李晓辉、张朝、闫潇腾,0351-2453225、2221733、2221755,2026-02-02 15:11:34,"华新阳光采购平台,中国招标投标公共服务平台,山西省招标投标协会/山西招标采购服务平台",https://www.ygcgpt.com/#/biddingdetails?annId=2018218194758631424
依法,山西燃气集团有限公司下属单位公务用车购置(001标段)三次招标中标结果公示,能源电力,三次招标,公开招标,HXZB-HW20250903,山西燃气集团有限公司下属单位公务用车购置（招标编号：HXZB-HW20250903），确定001第一标段的中标人如下:,安庆市同博科技开发有限责任公司,1187400.00元,发布媒体：山西招标采购服务平台、华新阳光采购平台,华新燃气集团有限公司、山西燃气集团有限公司,山西燃气集团有限公司,,,,山西华新阳光科技咨询有限公司,太原市长治路345号东楼23层,李晓辉、张朝、闫潇腾,0351-2453225、2221733、2221755,2026-02-02 15:11:31,"华新阳光采购平台,中国招标投标公共服务平台,山西省招标投标协会/山西招标采购服务平台",https://www.ygcgpt.com/#/biddingdetails?annId=2018218093172588544
依法,山西蓝焰煤层气集团有限责任公司郑庄区块阳城片区与蓝焰公司合作区煤层气试采项目（侯甲龙湾合作区东南部煤层气开发项目）管网集输工程中标结果公示,能源电力,常规招标,公开招标,HXZB-GC20260101,山西蓝焰煤层气集团有限责任公司郑庄区块阳城片区与蓝焰公司合作区煤层气试采项目（侯甲龙湾合作区东南部煤层气开发项目）管网集输工程（招标编号：HXZB-GC20260101），确定001第一标段的中标人如下:,中油石化建设工程有限公司,11198642.49元,发布媒体：山西省招标投标公共服务平台、华新阳光采购平台,华新燃气集团有限公司、山西蓝焰控股股份有限公司,山西蓝焰控股股份有限公司,,,,山西华新阳光科技咨询有限公司,太原市长治路345号东楼23层,张朝、闫潇腾,0351-2453225、2221733、2221755,2026-02-02 15:09:17,"华新阳光采购平台,山西省招标投标公共服务平台,中国招标投标公共服务平台",https://www.ygcgpt.com/#/biddingdetails?annId=2018134255620685824
依法,临汾市华新城市燃气有限公司曲沃县年度城网入户安装及零星维修工程中标结果公示,能源电力,常规招标,公开招标,HXZB-GC20251224,临汾市华新城市燃气有限公司曲沃县年度城网入户安装及零星维修工程（招标编号：HXZB-GC20251224），确定001第一标段的中标人如下:,中振建设有限公司,157501.56元,发布媒体：山西招标采购服务平台、华新阳光采购平台,华新燃气集团有限公司、山西华新城市燃气集团有限公司,临汾市华新城市燃气有限公司,,,,山西华新阳光科技咨询有限公司,太原市长治路345号东楼23层,张绒、李志起,0351-2453225、2221733、2221755,2026-01-27 11:28:17,"华新阳光采购平台,中国招标投标公共服务平台,山西省招标投标协会/山西招标采购服务平台",https://www.ygcgpt.com/#/biddingdetails?annId=2015988805287378944
依法,山西铭石煤层气利用股份有限公司高庄站、成庄站压力容器更新采购中标结果公示,能源电力,常规招标,公开招标,HXZB-HW20251216,山西铭石煤层气利用股份有限公司高庄站、成庄站压力容器更新采购（招标编号：HXZB-HW20251216），确定001第一标段的中标人如下:,河北瑞星燃气设备股份有限公司,1545000元,发布媒体：山西招标采购服务平台、华新阳光采购平台,华新燃气集团有限公司、山西华新城市燃气集团有限公司,山西铭石煤层气利用股份有限公司,,,,山西华新阳光科技咨询有限公司,太原市长治路345号东楼23层,张朝、闫潇腾,0351-2453225、2221733、2221755,2026-01-27 11:26:05,"华新阳光采购平台,中国招标投标公共服务平台,山西省招标投标协会/山西招标采购服务平台",https://www.ygcgpt.com/#/biddingdetails?annId=2015986241372258304
依法,山西华新中昊盛天然气有限公司、临汾市华新城市燃气有限公司年度城网物资区域集采项目(007标段)中标结果公示,能源电力,常规招标,公开招标,HXZB-HW20251223,山西华新中昊盛天然气有限公司、临汾市华新城市燃气有限公司年度城网物资区域集采项目（招标编号：HXZB-HW20251223），确定007第七标段的中标人如下:,天津满华管材有限公司,1178469.00元,发布媒体：山西招标采购服务平台、华新阳光采购平台,华新燃气集团有限公司、山西华新城市燃气集团有限公司,山西华新中昊盛天然气有限公司,,,,山西华新阳光科技咨询有限公司,太原市长治路345号东楼23层,张绒、李志起,0351-2453225、2221733、2221755,2026-01-26 11:58:32,"华新阳光采购平台,中国招标投标公共服务平台,山西省招标投标协会/山西招标采购服务平台",https://www.ygcgpt.com/#/biddingdetails?annId=2015631405367787520
依法,山西华新中昊盛天然气有限公司、临汾市华新城市燃气有限公司年度城网物资区域集采项目(006标段)中标结果公示,能源电力,常规招标,公开招标,HXZB-HW20251223,山西华新中昊盛天然气有限公司、临汾市华新城市燃气有限公司年度城网物资区域集采项目（招标编号：HXZB-HW20251223），确定006第六标段的中标人如下:,山西骄威新能源有限公司,81380元,发布媒体：山西招标采购服务平台、华新阳光采购平台,华新燃气集团有限公司、山西华新城市燃气集团有限公司,山西华新中昊盛天然气有限公司,,,,山西华新阳光科技咨询有限公司,太原市长治路345号东楼23层,张绒、李志起,0351-2453225、2221733、2221755,2026-01-26 11:58:30,"华新阳光采购平台,中国招标投标公共服务平台,山西省招标投标协会/山西招标采购服务平台",https://www.ygcgpt.com/#/biddingdetails?annId=2015631298836660224
依法,山西华新中昊盛天然气有限公司、临汾市华新城市燃气有限公司年度城网物资区域集采项目(005标段)中标结果公示,能源电力,常规招标,公开招标,HXZB-HW20251223,山西华新中昊盛天然气有限公司、临汾市华新城市燃气有限公司年度城网物资区域集采项目（招标编号：HXZB-HW20251223），确定005第五标段的中标人如下:,山西佰毅新能源有限公司,188309.3元,发布媒体：山西招标采购服务平台、华新阳光采购平台,华新燃气集团有限公司、山西华新城市燃气集团有限公司,山西华新中昊盛天然气有限公司,,,,山西华新阳光科技咨询有限公司,太原市长治路345号东楼23层,张绒、李志起,0351-2453225、2221733、2221755,2026-01-26 11:58:27,"华新阳光采购平台,中国招标投标公共服务平台,山西省招标投标协会/山西招标采购服务平台",https://www.ygcgpt.com/#/biddingdetails?annId=2015631196550168576
依法,山西华新中昊盛天然气有限公司、临汾市华新城市燃气有限公司年度城网物资区域集采项目(004标段)中标结果公示,能源电力,常规招标,公开招标,HXZB-HW20251223,山西华新中昊盛天然气有限公司、临汾市华新城市燃气有限公司年度城网物资区域集采项目（招标编号：HXZB-HW20251223），确定004第四标段的中标人如下:,山西安赛科安全技术有限公司,109968元,发布媒体：山西招标采购服务平台、华新阳光采购平台,华新燃气集团有限公司、山西华新城市燃气集团有限公司,山西华新中昊盛天然气有限公司,,,,山西华新阳光科技咨询有限公司,太原市长治路345号东楼23层,张绒、李志起,0351-2453225、2221733、2221755,2026-01-26 11:58:24,"华新阳光采购平台,中国招标投标公共服务平台,山西省招标投标协会/山西招标采购服务平台",https://www.ygcgpt.com/#/biddingdetails?annId=2015630941880418304
依法,山西华新中昊盛天然气有限公司、临汾市华新城市燃气有限公司年度城网物资区域集采项目(003标段)中标结果公示,能源电力,常规招标,公开招标,HXZB-HW20251223,山西华新中昊盛天然气有限公司、临汾市华新城市燃气有限公司年度城网物资区域集采项目（招标编号：HXZB-HW20251223），确定003第三标段的中标人如下:,浙江康帕斯流体技术股份有限公司,35851.00元,发布媒体：山西招标采购服务平台、华新阳光采购平台,华新燃气集团有限公司、山西华新城市燃气集团有限公司,山西华新中昊盛天然气有限公司,,,,山西华新阳光科技咨询有限公司,太原市长治路345号东楼23层,张绒、李志起,0351-2453225、2221733、2221755,2026-01-26 11:58:21,"华新阳光采购平台,中国招标投标公共服务平台,山西省招标投标协会/山西招标采购服务平台",https://www.ygcgpt.com/#/biddingdetails?annId=2015630387187908608
依法,山西华新中昊盛天然气有限公司、临汾市华新城市燃气有限公司年度城网物资区域集采项目(002标段)中标结果公示,能源电力,常规招标,公开招标,HXZB-HW20251223,山西华新中昊盛天然气有限公司、临汾市华新城市燃气有限公司年度城网物资区域集采项目（招标编号：HXZB-HW20251223），确定002第二标段的中标人如下:,宁波市安邦管业有限公司,263980.00元,发布媒体：山西招标采购服务平台、华新阳光采购平台,华新燃气集团有限公司、山西华新城市燃气集团有限公司,山西华新中昊盛天然气有限公司,,,,山西华新阳光科技咨询有限公司,太原市长治路345号东楼23层,张绒、李志起,0351-2453225、2221733、2221755,2026-01-26 11:58:19,"华新阳光采购平台,中国招标投标公共服务平台,山西省招标投标协会/山西招标采购服务平台",https://www.ygcgpt.com/#/biddingdetails?annId=2015629331330596864
依法,山西临县国新燃气有限公司年度城网、入户安装施工及零星维修施工中标结果公示,能源电力,常规招标,公开招标,HXZB-GC20251225,山西临县国新燃气有限公司年度城网、入户安装施工及零星维修施工（招标编号：HXZB-GC20251225），确定001第一标段的中标人如下:,山西中泓建筑工程有限公司,151065.53元,发布媒体：山西招标采购服务平台、华新阳光采购平台,华新燃气集团有限公司、山西华新城市燃气集团有限公司,山西临县国新燃气有限公司,,,,山西华新阳光科技咨询有限公司,太原市长治路345号东楼23层,张绒、李志起,0351-2453225、2221733、2221755,2026-01-26 11:58:16,"华新阳光采购平台,中国招标投标公共服务平台,山西省招标投标协会/山西招标采购服务平台",https://www.ygcgpt.com/#/biddingdetails?annId=2015621200227696640
依法,山西华新科莱天然气有限公司2026年天然气利用工程报警器装置采购中标结果公示,能源电力,常规招标,公开招标,HXZB-HW20251118,山西华新科莱天然气有限公司2026年天然气利用工程报警器装置采购（招标编号：HXZB-HW20251118），确定001第一标段的中标人如下:,济南蓝信电子设备有限公司,722761元,发布媒体：山西招标采购服务平台、华新阳光采购平台,华新燃气集团有限公司、山西燃气产业集团有限公司,山西华新科莱天然气有限公司,,,,山西华新阳光科技咨询有限公司,太原市长治路345号东楼23层,李晓辉、张朝、闫潇腾,0351-2453225、2221733、2221755,2026-01-26 11:56:04,"华新阳光采购平台,中国招标投标公共服务平台,山西省招标投标协会/山西招标采购服务平台",https://www.ygcgpt.com/#/biddingdetails?annId=2015599076054237184
依法,山西华新城市燃气集团有限公司下属5家单位年度城市管网项目物资区域集采项目(008标段)中标结果公示,能源电力,常规招标,公开招标,HXZB-HW20251215,山西华新城市燃气集团有限公司下属5家单位年度城市管网项目物资区域集采项目（招标编号：HXZB-HW20251215），确定008第八标段的中标人如下:,温州鹏象管件有限公司,119477.1元,发布媒体：山西招标采购服务平台、华新阳光采购平台,华新燃气集团有限公司、山西华新城市燃气集团有限公司,清徐县凯通天然气有限公司,,,,山西华新阳光科技咨询有限公司,太原市长治路345号东楼23层,张绒、李志起,0351-2453225、2221733、2221755,2026-01-23 10:24:07,"华新阳光采购平台,中国招标投标公共服务平台,山西省招标投标协会/山西招标采购服务平台",https://www.ygcgpt.com/#/biddingdetails?annId=2014523731758645248
依法,山西燃气产业集团有限公司神原五分公司2026年度长输天然气管线、站场和阀室维护工程(002标段)中标结果公示,能源电力,常规招标,公开招标,HXZB-GC20251222,山西燃气产业集团有限公司神原五分公司2026年度长输天然气管线、站场和阀室维护工程（招标编号：HXZB-GC20251222），确定002第二标段的中标人如下:,山东长龙三辉建设工程有限公司,37182.07元,发布媒体：山西招标采购服务平台、华新阳光采购平台,华新燃气集团有限公司、山西燃气产业集团有限公司,山西燃气产业集团有限公司神原五分公司,,,,山西华新阳光科技咨询有限公司,太原市长治路345号东楼23层,王挺、周文博,0351-2453225、2221733、2221755,2026-01-20 10:37:02,"华新阳光采购平台,中国招标投标公共服务平台,山西省招标投标协会/山西招标采购服务平台",https://www.ygcgpt.com/#/biddingdetails?annId=2013439318492807168
依法,山西燃气产业集团有限公司神原五分公司2026年度长输天然气管线、站场和阀室维护工程(001标段)中标结果公示,能源电力,常规招标,公开招标,HXZB-GC20251222,山西燃气产业集团有限公司神原五分公司2026年度长输天然气管线、站场和阀室维护工程（招标编号：HXZB-GC20251222），确定001第一标段的中标人如下:,山西沪晋市政工程有限公司,37979.92元,发布媒体：山西招标采购服务平台、华新阳光采购平台,华新燃气集团有限公司、山西燃气产业集团有限公司,山西燃气产业集团有限公司神原五分公司,,,,山西华新阳光科技咨询有限公司,太原市长治路345号东楼23层,王挺、周文博,0351-2453225、2221733、2221755,2026-01-20 10:34:50,"华新阳光采购平台,中国招标投标公共服务平台,山西省招标投标协会/山西招标采购服务平台",https://www.ygcgpt.com/#/biddingdetails?annId=2013438697203138560
依法,山西华新城市燃气集团有限公司下属5家单位年度城市管网项目物资区域集采项目(004标段)中标结果公示,能源电力,常规招标,公开招标,HXZB-HW20251215,山西华新城市燃气集团有限公司下属5家单位年度城市管网项目物资区域集采（招标编号：HXZB-HW20251215），确定004第四标段的中标人如下:,成都安可信电子股份有限公司,596968.83元,发布媒体：山西招标采购服务平台、华新阳光采购平台,华新燃气集团有限公司、山西华新城市燃气集团有限公司,清徐县凯通天然气有限公司,,,,山西华新阳光科技咨询有限公司,太原市长治路345号东楼23层,张绒、李志起,0351-2453225、2221733、2221755,2026-01-16 10:04:59,"华新阳光采购平台,中国招标投标公共服务平台,山西省招标投标协会/山西招标采购服务平台",https://www.ygcgpt.com/#/biddingdetails?annId=2011980405436153856
依法,山西华新城市燃气集团有限公司下属5家单位年度城市管网项目物资区域集采项目(005标段)中标结果公示,能源电力,常规招标,公开招标,HXZB-HW20251215,山西华新城市燃气集团有限公司下属5家单位年度城市管网项目物资区域集采（招标编号：HXZB-HW20251215），确定005第五标段的中标人如下:,滨州正创电气有限公司,958562.90元,发布媒体：山西招标采购服务平台、华新阳光采购平台,华新燃气集团有限公司、山西华新城市燃气集团有限公司,清徐县凯通天然气有限公司,,,,山西华新阳光科技咨询有限公司,太原市长治路345号东楼23层,张绒、李志起,0351-2453225、2221733、2221755,2026-01-16 10:04:55,"华新阳光采购平台,中国招标投标公共服务平台,山西省招标投标协会/山西招标采购服务平台",https://www.ygcgpt.com/#/biddingdetails?annId=2011980470716301312
依法,山西华新城市燃气集团有限公司下属5家单位年度城市管网项目物资区域集采项目(007标段)中标结果公示,能源电力,常规招标,公开招标,HXZB-HW20251215,山西华新城市燃气集团有限公司下属5家单位年度城市管网项目物资区域集采（招标编号：HXZB-HW20251215），确定007第七标段的中标人如下:,山西金顺旗贸易有限公司,579924元,发布媒体：山西招标采购服务平台、华新阳光采购平台,华新燃气集团有限公司、山西华新城市燃气集团有限公司,清徐县凯通天然气有限公司,,,,山西华新阳光科技咨询有限公司,太原市长治路345号东楼23层,张绒、李志起,0351-2453225、2221733、2221755,2026-01-16 10:04:52,"华新阳光采购平台,中国招标投标公共服务平台,山西省招标投标协会/山西招标采购服务平台",https://www.ygcgpt.com/#/biddingdetails?annId=2011980555986501632
依法,山西华新城市燃气集团有限公司下属5家单位年度城市管网项目物资区域集采项目(009标段)中标结果公示,能源电力,常规招标,公开招标,HXZB-HW20251215,山西华新城市燃气集团有限公司下属5家单位年度城市管网项目物资区域集采（招标编号：HXZB-HW20251215），确定009第九标段的中标人如下:,天津满华管材有限公司,2254984.45元,发布媒体：山西招标采购服务平台、华新阳光采购平台,华新燃气集团有限公司、山西华新城市燃气集团有限公司,清徐县凯通天然气有限公司,,,,山西华新阳光科技咨询有限公司,太原市长治路345号东楼23层,张绒、李志起,0351-2453225、2221733、2221755,2026-01-16 10:02:40,"华新阳光采购平台,中国招标投标公共服务平台,山西省招标投标协会/山西招标采购服务平台",https://www.ygcgpt.com/#/biddingdetails?annId=2011980650672914432
依法,华新城市燃气长治有限公司长治区域7家公司2025年度城网物资区域B类物资和PE管材管件集采项目(001标段)重新招标中标结果公示,能源电力,重新招标,公开招标,HXZB-HW20251101,华新城市燃气长治有限公司长治区域7家公司2025年度城网物资区域B类物资和PE管材管件集采项目（招标编号：HXZB-HW20251101），确定001第一标段的中标人如下:,河北天隆管道设备有限公司,998445.90元,发布媒体：山西招标采购服务平台、华新阳光采购平台,华新燃气集团有限公司、山西华新城市燃气集团有限公司,华新城市燃气长治有限公司,,,,山西华新阳光科技咨询有限公司,太原市长治路345号东楼23层,张绒、李志起,0351-2453225、2221733、2221755,2026-01-16 09:48:59,"华新阳光采购平台,中国招标投标公共服务平台,山西省招标投标协会/山西招标采购服务平台",https://www.ygcgpt.com/#/biddingdetails?annId=2011978075856797696
依法,山西国新液化煤层气有限公司定量装车撬采购中标结果公示,能源电力,常规招标,公开招标,HXZB-HW20251110,山西国新液化煤层气有限公司定量装车撬采购（招标编号：HXZB-HW20251110），确定001第一标段的中标人如下:,山西斯贝克智能科技股份有限公司,1158000元,发布媒体：山西招标采购服务平台、华新阳光采购平台,华新燃气集团有限公司、山西华新液化天然气集团有限公司,山西国新液化煤层气有限公司,,,,山西华新阳光科技咨询有限公司,太原市长治路345号东楼23层,李晓辉、张朝、闫潇腾,0351-2453225、2221733、2221755,2026-01-13 14:23:57,"华新阳光采购平台,中国招标投标公共服务平台,山西省招标投标协会/山西招标采购服务平台",https://www.ygcgpt.com/#/biddingdetails?annId=2010960472313004032
依法,山西沁盛煤层气作业有限责任公司连续油管底封拖动、定向射孔技术服务项目中标结果公示,能源电力,常规招标,公开招标,HXZB-FW20251209,山西沁盛煤层气作业有限责任公司连续油管底封拖动、定向射孔技术服务项目（招标编号：HXZB-FW20251209），确定001第一标段的中标人如下:,杰瑞能源服务有限公司,2184000元,发布媒体：山西招标采购服务平台、华新阳光采购平台,华新燃气集团有限公司、山西蓝焰控股股份有限公司,山西蓝焰控股股份有限公司,,,,山西华新阳光科技咨询有限公司,太原市长治路345号东楼23层,张朝、闫潇腾,0351-2453225、2221733、2221755,2026-01-13 10:20:37,"华新阳光采购平台,中国招标投标公共服务平台,山西省招标投标协会/山西招标采购服务平台",https://www.ygcgpt.com/#/biddingdetails?annId=2010897942458761216
依法,山西综改示范区燃气有限公司潇河产业园区太原起步区天然气利用工程项目年度施工和生产类小修项目施工中标结果公示,能源电力,常规招标,公开招标,HXZB-GC20251215,山西综改示范区燃气有限公司潇河产业园区太原起步区天然气利用工程项目年度施工和生产类小修项目施工（招标编号：HXZB-GC20251215），确定001第一标段的中标人如下:,山西沪晋市政工程有限公司,159397.6元,发布媒体：山西招标采购服务平台、华新阳光采购平台,华新燃气集团有限公司、山西华新城市燃气集团有限公司,山西综改示范区燃气有限公司,,,,山西华新阳光科技咨询有限公司,太原市长治路345号东楼23层,王挺、周文博,0351-2453225、2221733、2221755,2026-01-13 10:20:33,"华新阳光采购平台,中国招标投标公共服务平台,山西省招标投标协会/山西招标采购服务平台",https://www.ygcgpt.com/#/biddingdetails?annId=2010896817420599296
依法,山西沁盛煤层气作业有限责任公司大排量压裂设备租赁服务(002标段)中标结果公示,能源电力,常规招标,公开招标,HXZB-FW20251208,山西沁盛煤层气作业有限责任公司大排量压裂设备租赁服务（招标编号：HXZB-FW20251208），确定002第二标段的中标人如下:,延安地丰石油工程技术服务有限公司,5817866.00元,发布媒体：山西招标采购服务平台、华新阳光采购平台,华新燃气集团有限公司、山西蓝焰控股股份有限公司,山西蓝焰控股股份有限公司,,,,山西华新阳光科技咨询有限公司,太原市长治路345号东楼23层,张朝、闫潇腾,0351-2453225、2221733、2221755,2026-01-13 10:20:30,"华新阳光采购平台,中国招标投标公共服务平台,山西省招标投标协会/山西招标采购服务平台",https://www.ygcgpt.com/#/biddingdetails?annId=2010895568725966848
依法,山西沁盛煤层气作业有限责任公司大排量压裂设备租赁服务(001标段)中标结果公示,能源电力,常规招标,公开招标,HXZB-FW20251208,山西沁盛煤层气作业有限责任公司大排量压裂设备租赁服务（招标编号：HXZB-FW20251208），确定001第一标段的中标人如下:,陕西博达石油工程技术服务有限公司,6510430元,发布媒体：山西招标采购服务平台、华新阳光采购平台,华新燃气集团有限公司、山西蓝焰控股股份有限公司,山西蓝焰控股股份有限公司,,,,山西华新阳光科技咨询有限公司,太原市长治路345号东楼23层,张朝、闫潇腾,0351-2453225、2221733、2221755,2026-01-13 10:18:17,"华新阳光采购平台,中国招标投标公共服务平台,山西省招标投标协会/山西招标采购服务平台",https://www.ygcgpt.com/#/biddingdetails?annId=2010895264072695808
依法,山西蓝焰控股股份有限公司所属子分公司职工食堂托管(001标段)中标结果公示,能源电力,常规招标,公开招标,HXZB-FW20251206,山西蓝焰控股股份有限公司所属子分公司职工食堂托管（招标编号：HXZB-FW20251206），确定001第一标段的中标人如下:,晋城市凯撒酒店管理有限公司,3580000元,发布媒体：山西招标采购服务平台、华新阳光采购平台,华新燃气集团有限公司、山西蓝焰控股股份有限公司,山西蓝焰控股股份有限公司,,,,山西华新阳光科技咨询有限公司,太原市长治路345号东楼23层,张朝、闫潇腾,0351-2453225、2221733、2221755,2026-01-12 11:00:52,"华新阳光采购平台,中国招标投标公共服务平台,山西省招标投标协会/山西招标采购服务平台",https://www.ygcgpt.com/#/biddingdetails?annId=2010545039038578688
依法,山西蓝焰控股股份有限公司所属子分公司职工食堂托管(002标段)中标结果公示,能源电力,常规招标,公开招标,HXZB-FW20251206,山西蓝焰控股股份有限公司所属子分公司职工食堂托管（招标编号：HXZB-FW20251206），确定002第二标段的中标人如下:,晋城市兴润商贸有限公司,2275360.74元,发布媒体：山西招标采购服务平台、华新阳光采购平台,华新燃气集团有限公司、山西蓝焰控股股份有限公司,山西蓝焰控股股份有限公司,,,,山西华新阳光科技咨询有限公司,太原市长治路345号东楼23层,张朝、闫潇腾,0351-2453225、2221733、2221755,2026-01-12 11:00:49,"华新阳光采购平台,中国招标投标公共服务平台,山西省招标投标协会/山西招标采购服务平台",https://www.ygcgpt.com/#/biddingdetails?annId=2010545126863110144
依法,山西蓝焰控股股份有限公司所属子分公司职工食堂托管(003标段)中标结果公示,能源电力,常规招标,公开招标,HXZB-FW20251206,山西蓝焰控股股份有限公司所属子分公司职工食堂托管（招标编号：HXZB-FW20251206），确定003第三标段的中标人如下:,华品餐饮管理（山西）有限公司,1050672元,发布媒体：山西招标采购服务平台、华新阳光采购平台,华新燃气集团有限公司、山西蓝焰控股股份有限公司,山西蓝焰控股股份有限公司,,,,山西华新阳光科技咨询有限公司,太原市长治路345号东楼23层,张朝、闫潇腾,0351-2453225、2221733、2221755,2026-01-12 11:00:45,"华新阳光采购平台,中国招标投标公共服务平台,山西省招标投标协会/山西招标采购服务平台",https://www.ygcgpt.com/#/biddingdetails?annId=2010545196874432512
依法,山西蓝焰控股股份有限公司所属子分公司职工食堂托管(004标段)中标结果公示,能源电力,常规招标,公开招标,HXZB-FW20251206,山西蓝焰控股股份有限公司所属子分公司职工食堂托管（招标编号：HXZB-FW20251206），确定004第四标段的中标人如下:,山西晋煤集团白马绿苑餐饮管理有限公司,661270.4元,发布媒体：山西招标采购服务平台、华新阳光采购平台,华新燃气集团有限公司、山西蓝焰控股股份有限公司,山西蓝焰控股股份有限公司,,,,山西华新阳光科技咨询有限公司,太原市长治路345号东楼23层,张朝、闫潇腾,0351-2453225、2221733、2221755,2026-01-12 11:00:41,"华新阳光采购平台,中国招标投标公共服务平台,山西省招标投标协会/山西招标采购服务平台",https://www.ygcgpt.com/#/biddingdetails?annId=2010545289484664832
依法,山西蓝焰控股股份有限公司“数智强晋”安全双预控系统及气象预警模块软件开发项目中标结果公示,房屋建筑,常规招标,公开招标,HXZB-FW20251205,山西蓝焰控股股份有限公司“数智强晋”安全双预控系统及气象预警模块软件开发项目（招标编号：HXZB-FW20251205），确定001第一标段的中标人如下:,山西智博天成科技有限公司,1950000元,发布媒体：山西招标采购服务平台、华新阳光采购平台,华新燃气集团有限公司、山西蓝焰控股股份有限公司,山西蓝焰控股股份有限公司,,,,山西华新阳光科技咨询有限公司,太原市长治路345号东楼23层,张朝、闫潇腾,0351-2453225、2221733、2221755,2026-01-12 11:00:37,"华新阳光采购平台,中国招标投标公共服务平台,山西省招标投标协会/山西招标采购服务平台",https://www.ygcgpt.com/#/biddingdetails?annId=2010542065205739520
依法,华新城市燃气吕梁有限公司2025-2026年度吕梁城燃庭院管网及入户安装工程施工和燃气管道线路维修维护中标结果公示,能源电力,常规招标,公开招标,HXZB-GC20251214,华新城市燃气吕梁有限公司2025-2026年度吕梁城燃庭院管网及入户安装工程施工和燃气管道线路维修维护（招标编号：HXZB-GC20251214），确定001第一标段的中标人如下:,中振建设有限公司,155636.95元,发布媒体：山西招标采购服务平台、华新阳光采购平台,华新燃气集团有限公司、山西华新城市燃气集团有限公司,华新城市燃气吕梁有限公司,,,,山西华新阳光科技咨询有限公司,太原市长治路345号东楼23层,张绒、李志起,0351-2453225、2221733、2221755,2026-01-12 11:00:33,"华新阳光采购平台,中国招标投标公共服务平台,山西省招标投标协会/山西招标采购服务平台",https://www.ygcgpt.com/#/biddingdetails?annId=2010540873746579456
依法,山西蓝焰煤层气集团有限责任公司和顺横岭区块煤层气勘查开发项目办理场站及井场设备用地征收及手续办理报批服务中标结果公示,能源电力,常规招标,公开招标,HXZB-FW20251201,山西蓝焰煤层气集团有限责任公司和顺横岭区块煤层气勘查开发项目办理场站及井场设备用地征收及手续办理报批服务（招标编号：HXZB-FW20251201），确定001第一标段的中标人如下:,太原市泓达土地资源咨询服务有限公司,1372000元,发布媒体：山西招标采购服务平台、华新阳光采购平台,华新燃气集团有限公司、山西蓝焰控股股份有限公司,山西蓝焰控股股份有限公司,,,,山西华新阳光科技咨询有限公司,太原市长治路345号东楼23层,张朝、闫潇腾,0351-2453225、2221733、2221755,2026-01-12 11:00:29,"华新阳光采购平台,中国招标投标公共服务平台,山西省招标投标协会/山西招标采购服务平台",https://www.ygcgpt.com/#/biddingdetails?annId=2010537256616558592
