detail_id,detail_url,project_name,project_code,project_type,total_investment,total_investment_raw,bid_content,bid_method,bidder_name,supervision_dept,publish_type,publish_unit,construction_site,construction_scale,expected_publish_date,publish_time,trading_place,publish_date_list
1065787,https://prec.sxzwfw.gov.cn/jyxxzbjh/1065787.jhtml,闻喜县涑水新街(西湖路-城西路)道路建设工程,2017-140823-48-01-005196,房屋市政,3658.63,3658.63(万元),勘察;设计;施工;监理,公开招标,闻喜县住房和城乡建设管理局,运城市住房和城乡建设局,自主发布,闻喜县住房和城乡建设管理局,涑水新街,"建设规模:闻喜县涑水新街(西湖路-城西路)道路建设工程东起西湖路，西至城西路，道路全长1630.72m。
建设内容:(1)道路工程
本次闻喜县涑水新街(西湖路-城西路)道路建设工程东起西湖路，西至城西路，道路全长1630.72m,道路红线宽38m,横断面采用三幅路形式，其中:机动车道宽14m,非机动车道5m,人行道5m,机非隔离带2m。
(2)排水工程
根据闻喜县总体规划，各条道路敷设雨、污水管道，且采用雨、污分流制。
(3)本工程道路沿线设置交通标志标线、信号灯等相应交通管理设施、照明工程等。",2026年07月,2026-06-17 16:10:00,运城市,2026/06/17
1065732,https://prec.sxzwfw.gov.cn/jyxxzbjh/1065732.jhtml,沁源经济技术开发区化工园区突发水污染事件三级防控体系建设项目,2603-140431-89-01-796627,房屋市政,2247.68,2247.68(万元),施工,公开招标,沁源经济技术开发区管理委员会,沁源县住房和城乡建设管理局,自主发布,沁源经济技术开发区管理委员会,沁源经济技术开发区化工园区,该项目建设内容包括沁源经济技术开发区化工园区危险化学品运输道路事故应急池及配套管网工程，气盾坝，应急物资配备及在线监测装置接入智慧化监管平台。 在园区二级(园区级)危险化学品运输道路沿线，新建2座事故应急池，配套建设事故水重力流收集管网3.093km、连通明渠0.012km及转输管网0.043km；在三级(流域级)防控对应的乔龙沟河上下游，新建2座手自一体气盾坝，配套建设1座一体化泵站，清水引流管3.225km及排气井等附属工程；完善应急物资，在事故应急池设置液位计，视频监控，手自一体闸阀；在园区排口设置在线监测装置，数据接入园区智慧化平台，实现三级防控系统联网管控。,2026年07月,2026-06-17 14:30:00,长治市,2026/06/17
1065717,https://prec.sxzwfw.gov.cn/jyxxzbjh/1065717.jhtml,静乐县赤泥窊乡2026年范家洼村护地工程和滩地改造工程以工代赈项目,2508-140926-89-05-195476,水利,554.60,554.60(万元),施工,公开招标,静乐县赤泥窊乡人民政府,静乐县农业农村局,自主发布,静乐县赤泥窊乡人民政府,静乐县赤泥窊乡范家洼村,项目计划改造滩地26469.77㎡(计39.68亩)，土地改良4771.9㎡(计7.16亩)，滩地护坝2131.2m，河道清淤15738m³等。,2026年07月,2026-06-17 12:00:00,忻州市,2026/06/17
1065692,https://prec.sxzwfw.gov.cn/jyxxzbjh/1065692.jhtml,旧台怀街至光明寺村农村道路建设工程(一期),2603-140971-89-01-404382,交通,3192.07,3192.07(万元),施工,公开招标,五台山风景名胜区旅游和交通发展中心,忻州市交通运输局,自主发布,五台山风景名胜区旅游和交通发展中心,五台山风景名胜区台怀镇集福寺停车场-黛螺顶桥,"本 ⼯ 程 南 起 黛 螺 顶 桥 , 北 ⾄ 集 福寺 停 车 场 , 道 路 总 长 0 . 9 公 ⾥ , 路 基 宽 度 7 m , 采 ⽤ 四 级 公 路技 术 标 准 , 设 计 速 度 为 2 0 k m / h ｡ 主 要 建 设 内 容 包 括 路 基 ⼯ 程 ､ 路 ⾯ ⼯ 程 ､ 涵 洞 ⼯ 程 ､ 交 叉 ⼯ 程 以 及 交 通 安 全 设 施 ､ 照 明 和绿 植 等 配 套 ⼯ 程 ｡",2026年07月,2026-06-17 11:10:00,忻州市,2026/06/17
1065691,https://prec.sxzwfw.gov.cn/jyxxzbjh/1065691.jhtml,垚子村至东台沟农村公路改扩建工程,2603-140971-89-01-105403,交通,2115.17,2115.17(万元),施工,公开招标,五台山风景名胜区旅游和交通发展中心,忻州市交通运输局,自主发布,五台山风景名胜区旅游和交通发展中心,五台山风景名胜区台怀镇垚子村至东台沟村,"本 项 ⽬ 路 线 全 长 2 . 9 4 k m , 其 中 垚⼦ 村 ⾄ 东 台 沟 道 路 主 线 路 线 长2 . 4 8 8 k m , 主 K 0 + 0 0 0 - K 0 + 3 1 5 . 8段 维 持 原 既 有 村 道 技 术 标 准 不 变 , 其 余 段 落 采 ⽤ 四 级 I 类 公路 技 术 标 准 , 设 计 速 度 1 5 公 ⾥ / ⼩ 时 , 双 向 两 车道 , 路 基 宽7 . 5 ⽶ ; ⼤ 光 明 寺 中 桥 采 ⽤ 3 × 1 3 m 钢 筋 混 凝 ⼟ 现 浇 实 ⼼ 板 梁 ,桥 梁 长0 . 0 5 1 k m , 荷 载 等 级 为 公 路 - II 级 ; 桥 头 引 道 路 线 长度0 . 4 0 1 k m , 采 ⽤ 四 级 I 类 公 路 技 术 标 准 , 设 计 速 度 1 5 公 ⾥ /⼩ 时 , 双 向 两 车 道 , 路 基 宽 度 7 . 5 ⽶ ｡ 主 要 建 设 内 容 包 括 路基 ⼯ 程 ､ 路 ⾯ ⼯ 程 ､ 桥 梁 涵 洞 ⼯ 程 ､ 交 叉 ⼯ 程 以 及 交 通 安 全设 施 ､ 照 明 和 绿 植 等 配 套 ⼯ 程 ｡",2026年07月,2026-06-17 11:10:00,忻州市,2026/06/17
1065637,https://prec.sxzwfw.gov.cn/jyxxzbjh/1065637.jhtml,高都镇大兴小米种植基地项目,2512-140525-89-05-130126,农业,700.00,700.00(万元),施工;,公开招标,泽州县高都镇大兴村股份经济合作社,泽州县农业农村局,委托发布,山西筑诚工程管理有限公司,泽州县高都镇大兴村,总占地面积5204平方米。种植有机小米200亩，年加工量约2000吨。新建库房、农机具房、看护房、晾晒场、生活用房、烘干房及附属设施。机械设备配套设施有:碾米机、烘干机、包装机。,2026年07月,2026-06-17 09:25:00,晋城市,2026/06/17
1065622,https://prec.sxzwfw.gov.cn/jyxxzbjh/1065622.jhtml,绛县避难场所及防灾减灾基地提升改造建设项目,2606-140826-89-01-982447,房屋市政,613.68,613.68(万元),施工,公开招标,绛县应急管理局,绛县住房和城乡建设管理局,自主发布,绛县应急管理局,绛县古绛镇、安峪镇、横水镇,建设内容:新建工程、改造工程、装饰工程、室内给排水工程、单体消防工程、暖通工程、电气工程等相关配套设施。建设规模:古绛镇乡镇应急避难场所进行改造1处，占地面积为299.14㎡，建筑面积为299.14㎡。新建横水镇应急避难场所1处，占地面积为222.06㎡，建筑面积为431.32㎡。新建安峪镇应急避难场所1处，占地面积为222.06㎡。建筑面积为431.32㎡。提升宣教培训基地基础设施，该基地建筑面积为200㎡。,2026年07月,2026-06-17 09:15:00,运城市,2026/06/17
1065495,https://prec.sxzwfw.gov.cn/jyxxzbjh/1065495.jhtml,长治经济技术开发区睿通储能科技有限公司100MW/100.42MWh独立混合储能项目,2604-140454-89-05-125826,能源,32000.00,32000.00(万元),施工;监理;勘察;主要设备;重要材料;设计;,公开招标,长治经济技术开发区睿通储能科技有限公司,长治经济技术开发区管理委员会,自主发布,长治经济技术开发区睿通储能科技有限公司,山西省长治经济技术开发区南环西街与光明路路南200米,建设一栋面积为928.52平米的二层综合楼，一层面积为252平米的35kV配电间，一层面积为12平米的危废品库，一层面积为166.25平米的综合水泵房套以及外送线路等其他配套设施，并购置10个5MW容量的超级电容单机柜和15个3.44MW的磷酸铁锂电池舱等设备，用于电力储能。项目建成后预计储能总容量为100MW/100.42MWh。,2026年07月,2026-06-16 17:50:00,省本级,2026/06/16
1065486,https://prec.sxzwfw.gov.cn/jyxxzbjh/1065486.jhtml,吉县全民健身中心(二期)建设项目,2411-141028-89-01-906419,房屋市政,2330.37,2330.37(万元),施工,公开招标,吉县教育体育局,吉县住房和城乡建设管理局,委托发布,山西顺远工程项目管理咨询有限公司,吉县车城乡兰家河社区,吉县全民健身中心2#场馆、健身房以及室外附属工程,2026年07月,2026-06-16 17:45:00,临汾市,2026/06/16
1065471,https://prec.sxzwfw.gov.cn/jyxxzbjh/1065471.jhtml,山西阳泉矿区七元煤矿项目园区外围安全防范视频监控系统,2018-000052-06-02-003212,能源,255.00,255.00(万元),主要设备,公开招标,阳泉煤业集团七元煤业有限责任公司,寿阳县能源局,委托发布,山西嘉盛招标代理有限公司,山西省晋中市寿阳县七元矿,前端电子防范设备主机；前端警示报警主机；云台摄像机；室外摄像机；卡口摄像机；室内球机；室内枪机；太阳能球机套装；智慧报警监测预警模块；融合计算机；服务器；存储服务器及硬盘；核心交换机；接入交换机；光汇聚交换机；辅材等,2026年06月,2026-06-16 17:20:00,省本级,2026/06/16
1065437,https://prec.sxzwfw.gov.cn/jyxxzbjh/1065437.jhtml,永济市城区老旧地下管网更新改造项目,2510-140881-89-01-901380,房屋市政,4572.00,4572.00(万元),施工;监理,公开招标,永济市市政公用服务中心,永济市住房和城乡建设管理局,自主发布,永济市市政公用服务中心,永济市振兴东街(舜都大道－东外环路)、黄河大道(中山西街－水峪口村),"建设规模:振兴东街，西起舜都大道，东至东外环路，全长2200米。新建雨水管3870m，新建雨水支管200m，新建雨水检查井79座，新建雨水支管井检查井19座，新建污水管4360m，新建污水支管200m，新建污水检查井78座，新建污水支管检查井20座。
黄河大道，北起中山西街，南至水峪口村，全长2052米，新建雨水管2140m。新建雨水支管760m，新建雨水口连接管660m，新建雨水检查井34座，新建支管检查井38座，新建雨水口84座，新建(工作井)顶管井16座，新建(接收井)顶管井16座。
建设内容:主要包括雨污水管道及道路恢复工程等内容。",2026年07月,2026-06-16 16:45:00,运城市,2026/06/16
1065433,https://prec.sxzwfw.gov.cn/jyxxzbjh/1065433.jhtml,永济市汛期污染防治(城区雨污分流源头改造)二期工程,2510-140881-89-01-366310,房屋市政,4860.00,4860.00(万元),施工;监理,公开招标,永济市市政公用服务中心,永济市住房和城乡建设管理局,自主发布,永济市市政公用服务中心,永济市城区12个机关单位和63个小区,"(1)建设内容
本项目是对永济市城区12个机关单位和63个小区源头合流排水管网进行雨污分流改造，项目涉及的主要内容包括:排水工程、路面恢复工程等。
(2)建设规模
永济市城区12个机关单位及63个小区排水管网雨污分流源头治理工程。
12个机关单位新建雨水管道2.016km，新建污水管道1.593km，路面恢复6864m2。
63个小区新建雨水管道14.395km，新建污水管道20.486km，路面恢复65161.71m2。",2026年07月,2026-06-16 16:45:00,运城市,2026/06/16
1065428,https://prec.sxzwfw.gov.cn/jyxxzbjh/1065428.jhtml,太原市新庄北街、丽华西路、丽华西路东侧规划路建设工程配套绿化工程,2309-140100-89-01-393784,房屋市政,14883.24,14883.24(万元),设计;施工;监理,公开招标,太原市园林绿化建设服务中心,太原市住房和城乡建设局,自主发布,太原市园林绿化建设服务中心,太原市万柏林区,新庄北街、丽华西路、丽华西路东侧规划路建设工程配套绿化工程位于太原市万柏林区，新庄北街全长约605米，红线宽度20米，丽华西路全长约595米，红线宽度30米，丽华西路东侧规划路全长约549米，红线宽度30米，主要建设内容为道路配套绿化工程。,2026年07月,2026-06-16 16:40:00,太原市,2026/06/16
1065422,https://prec.sxzwfw.gov.cn/jyxxzbjh/1065422.jhtml,灵丘县武灵镇东武庄—代家庄灾后分流、疏浚工程(洪水沟)项目,2604-140224-89-01-184119,水利,670.00,670.00(万元),施工,公开招标,灵丘县武灵镇人民政府,灵丘县水务局,自主发布,灵丘县武灵镇人民政府,灵丘县武灵镇华山河支沟(洪水沟)、泽水河支沟(泽水河路入泽水河排水渠),本工程的主要任务是修建防洪堤，疏浚河道，洪水沟沟道治理长度为1.38km。主要内容为:1.浆砌石挡墙工程:新建浆砌石挡墙，左右岸共计2.365km；2.河道整平疏浚工程:洪水沟沟道清淤疏浚长度为1.38km；3.路涵工程:现状路涵拆除新建1处，长度4m；4.泽水河路入泽水河排水渠工程:新建浆砌石渠道及盖板，长度为470m。,2026年07月,2026-06-16 16:35:00,大同市,2026/06/16
1065420,https://prec.sxzwfw.gov.cn/jyxxzbjh/1065420.jhtml,安泽经济技术开发区化工园区事故应急池项目总承包(EPC),2508-141054-89-01-577608,房屋市政,2091.74,2091.74(万元),设计;施工;主要设备;重要材料,公开招标,山西荀安投资发展有限责任公司,安泽县住房和城乡建设管理局,自主发布,山西荀安投资发展有限责任公司,安泽经济技术开发区唐城工业园原永鑫停车场内， 第安线西侧;,主要建设内容:项目建设有效容积为12000m³的园区事故应急池，用地范围内配套事故进水管线及其他配套设施，通过建设事故应急池，预防事故发生时区域水源污染。主要建设内容包括:事故应急池、值班室(兼控制室)、大门、场地硬化、绿化、围墙及水、电、暖附属配套工程。,2026年07月,2026-06-16 16:35:00,临汾市,2026/06/16
1065419,https://prec.sxzwfw.gov.cn/jyxxzbjh/1065419.jhtml,长子县建制镇(鲍店镇、大堡头镇)雨污分流改造工程项目(鲍店镇东、西、北街村)监理,2404-140428-89-01-808578,房屋市政,5630.96,5630.96(万元),监理,公开招标,长子县鑫安基础设施开发有限公司,长子县住房和城乡建设局,自主发布,长子县鑫安基础设施开发有限公司,鲍店镇东、西、北街村,鲍店镇东、西、北街村雨污分流改造工程,2026年07月,2026-06-16 16:35:00,长治市,2026/06/16
1065401,https://prec.sxzwfw.gov.cn/jyxxzbjh/1065401.jhtml,王家峰热源厂烟气余热回收工程,2605-140100-89-01-922294,房屋市政,3828.09,3828.09(万元),设计;施工;主要设备;监理;重要材料;勘察,公开招标,太原市热力集团有限责任公司,迎泽区住房和城乡建设局,自主发布,太原市热力集团有限责任公司,山西省 太原市 迎泽区南十方街甲字18号,改造王家峰热源厂2台116MW燃气锅炉烟道，采用高效烟气换热器结合热泵的烟气余热梯级回收方案，将烟气进行两级降温，并回收冷凝水。,2026年07月,2026-06-16 16:10:00,太原市,2026/06/16
1065370,https://prec.sxzwfw.gov.cn/jyxxzbjh/1065370.jhtml,汾西县白家河等肉鸡产业园区配套基础设施建设项目,2603-141034-89-01-421042,交通,578.73,578.73(万元),施工,公开招标,汾西县农业农村局,汾西县交通运输局,自主发布,汾西县农业农村局,汾西县,白家河等8个肉鸡产业园区，进场道路沥青铺设硬化，路线总长6.114km。主要工程为路基工程、路面工程、沿线安全设施及其他工程。,2026年03月,2026-06-16 15:45:00,临汾市,2026/06/16
1065312,https://prec.sxzwfw.gov.cn/jyxxzbjh/1065312.jhtml,介休市龙头村坑塘回填整治工程,2605-140781-89-01-282993,国土资源,710.92,710.92(万元),勘察;设计;施工;监理,公开招标,介休市自然资源局,介休市自然资源局,委托发布,山西昕宇工程项目管理有限公司,山西省晋中市介休市龙凤镇龙头村,介休市龙头村坑塘回填整治工程主要对区域内3处历史形成的废弃坑塘开展回填整治、生态修复及水土保持工程，土方回填总量24.26万m3，草籽洒播，植草面积共1.71hm2。治理面积5.46hm2，新增可利用土地3.75hm2。,2026年07月,2026-06-16 12:15:00,晋中市,2026/06/16
1065306,https://prec.sxzwfw.gov.cn/jyxxzbjh/1065306.jhtml,中船寿阳松塔三期100MW风电扩容项目,2404-140700-89-05-638135,能源,29575.70,29575.70(万元),勘察;设计;施工;监理;主要设备;重要材料,公开招标,中船风电(寿阳)新能源开发有限公司,晋中市能源局,自主发布,中船风电(寿阳)新能源开发有限公司,寿阳县松塔镇黑坪村、河头村，羊头崖乡南王昌村、白云村、红洼村。,建设总装机容量50MW风力发电项目，安装6台单机容量为6.25MW、1台单机容量为7.5MW(限6.94MW)及1台单机容量为5.56MW风力发电机组及相关配套设施。,2026年07月,2026-06-16 11:50:00,省本级,2026/06/16
1065291,https://prec.sxzwfw.gov.cn/jyxxzbjh/1065291.jhtml,坞城中路(针织街-荣军北街)道路工程,2505-140100-89-01-981958,房屋市政,3070.99,3070.99(万元),施工,公开招标,太原市城乡基础设施建设中心,太原市住房和城乡建设局,委托发布,致君项目管理有限公司,太原市小店区,该项目分两段建设，分别为坞城中路和荣军北街。坞城中路建设起点为针织街，终点为荣军北街，长度为322.75米，规划红线宽30米，道路等级为城市次干路;荣军北街建设起点为坞城中路，终点为坞城西路，长度为251.74米，规划红线宽30米，道路等级为城市次干路。主要包括道路工程、排水工程、照明工程、电力工程、交通工程、绿化工程、公安天网系统及市政综合管线工程等。,2026年06月,2026-06-16 11:25:00,太原市,2026/06/16
1065216,https://prec.sxzwfw.gov.cn/jyxxzbjh/1065216.jhtml,运城市盐湖区大禹学校扩建项目,2606-140802-89-01-578394,房屋市政,6500.00,6500.00(万元),施工,公开招标,运城市盐湖区大禹学校,运城市盐湖区住房和城乡建设局,自主发布,运城市盐湖区大禹学校,学苑北路34号,"建设内容:新建3栋4层教学楼，1栋1层门房，配套建设硬化、绿化、水、电、暖、气、消防、非机动车位等基础设施。
建设规模:扩建后的初中部新增4轨制，办学规模为10轨制，可容纳学生1500人。大禹学校规划总占地面积为75998.7㎡(约合114亩)，本次项目总占地面积21994.11㎡(约合32.99 亩)。项目总建筑面积为11800㎡(教学楼11700㎡，门房100㎡), 建筑物基底面积为2905㎡，道路及场地硬化面积为11398.69㎡，绿地面积7690.42㎡",2026年07月,2026-06-16 10:10:00,运城市,2026/06/16
1065084,https://prec.sxzwfw.gov.cn/jyxxzbjh/1065084.jhtml,平遥25处古城直管公房修缮工程,2603-140728-89-01-509174,文物保护,1397.21,1397.21(万元),施工,公开招标,平遥县房产服务中心,平遥县文化和旅游局(文物保护),自主发布,平遥县房产服务中心,平遥古城内直管公房19处院落，包括:南巷35号、西湖景19号、马圈6号、砖圈门巷10号、仓巷43号、仓巷51号、沙巷46号、上西门79号、上西门108号、中壁景堡23号、北葫芦肚13号、火神庙27号、米粮市12号、米粮市40号、南大街27号、沙巷36号(2处)、沙巷42号(3处)、五道庙西巷4号(4处)和中沙院巷1号。,南巷35号等25处直管公房的拆除工程、台明及地面工程、墙体工程、木构件工程、木基层工程、木装修工程、屋面工程、院面及其他工程等内容，具体施工内容详见施工图纸及工程量清单。,2026年06月,2026-06-15 18:15:00,晋中市,2026/06/15
1065055,https://prec.sxzwfw.gov.cn/jyxxzbjh/1065055.jhtml,运城市人民医院新院10kV电力外线接入工程,2601-140800-89-01-964406,能源,3259.04,3259.04(万元),施工,公开招标,运城市人民医院,运城市能源局,自主发布,运城市人民医院,运城市安邑东路与禹都大道交叉口东北角。,新建空港变电站至运城市人民医院 10kV线路3.2千米，新建汤里变电站至运城市人民医院10kV线路7.25千米及相关配套基础设施。,2026年04月,2026-06-15 17:35:00,运城市,2026/06/15
1065041,https://prec.sxzwfw.gov.cn/jyxxzbjh/1065041.jhtml,代县服务区重卡充电站工程,2606-140923-89-01-210805,交通,492.56,492.56(万元),勘察;设计;施工;主要设备;重要材料,公开招标,山西大成高速公路有限公司,代县能源局,自主发布,山西大成高速公路有限公司,山西省(区市)忻州市 代县(区)枣林(镇)三家村(代县服务区),南、北区各新建1250kVA箱变1台，分别配960kW充电堆1套，4桩8枪(含1台液冷桩，3台风冷桩)，并配储能4套。,2026年07月,2026-06-15 17:20:00,省本级,2026/06/15
1065008,https://prec.sxzwfw.gov.cn/jyxxzbjh/1065008.jhtml,浮山县养老康复中心建设项目,2601-141027-89-01-128442,房屋市政,6115.73,6115.73(万元),设计;施工;监理,公开招标,浮山县民政和人力资源社会保 障局,浮山县城乡建设和交通运输局,自主发布,浮山县民政和人力资源社会保 障局,尧山东路与东环街交叉口东北角,"总建筑面积9537.89㎡，地上建筑面积9445.03㎡，包括养老康复中心主楼9353.23㎡,门房(含设备间)68.04㎡，氧气间23.76㎡;地下水泵房建筑面积92.86㎡,消防水池容积700m³,主要建设内容为建筑的土建、装饰及配套工程等。",2026年07月,2026-06-15 16:45:00,临汾市,2026/06/15
1064971,https://prec.sxzwfw.gov.cn/jyxxzbjh/1064971.jhtml,李村煤矿选煤厂 末煤系统改造工程,2603-140428-89-02-926057,能源,5848.96,5848.96(万元),设计;施工;主要设备;重要材料,公开招标,山西潞安矿业集团慈林山煤业有限公司李村煤矿,长子县能源局,自主发布,山西潞安矿业集团慈林山煤业有限公司李村煤矿,长治市长子县大堡头镇南李村(李村煤矿矿区),该项目不涉及新增用地，在现有主厂房新增 1 套末煤旋流器主洗系统、1 套粗煤泥干扰床分选系统、1 台加压过滤机；新建压滤车间，面积 1909㎡，安装3 台中压压滤机。,2026年07月,2026-06-15 16:25:00,长治市,2026/06/15
1064937,https://prec.sxzwfw.gov.cn/jyxxzbjh/1064937.jhtml,保德县沿黄公路污水干管(二号桥-污水厂)改造工程,2605-140931-89-01-174116,房屋市政,4868.02,4868.02(万元),设计;施工,公开招标,保德县住房和城乡建设管理局,忻州市住房和城乡建设局,自主发布,保德县住房和城乡建设管理局,保德县县城,本项目为保德县沿黄公路污水千管(二号桥-污水广)改造工程，长度4.25km。主要建设内容包括污水管道顶管工程及附属设施。,2026年07月,2026-06-15 15:55:00,忻州市,2026/06/15
1064927,https://prec.sxzwfw.gov.cn/jyxxzbjh/1064927.jhtml,中电科(山西)微电子装备智能制造产业基地,2307-140171-89-01-886425,房屋市政,80000.00,80000.00(万元),设计;施工,公开招标,西北电子装备技术研究所(中国电子科技集团公司第二研究所),山西转型综合改革示范区管理委员会建设与公用事业管理部,自主发布,西北电子装备技术研究所(中国电子科技集团公司第二研究所),山西转型综合改革示范区(潇河产业园区)太原起步区(北区)B3-07-03-02地块。位置位于潇河园区大运东路以西，大运路以东，小牛线以北，北格街以南。,建设研发中心(办公楼)1栋、智能制造类厂房1栋、微电子类厂房2栋、三代半导体类厂房2栋、新能源类厂房2栋、产品制造厂房1栋、半导体智能装备类厂房1栋、艺星公司生产广房1栋、动力中心1栋、甲类库1栋、氢气站1栋、硅烷站1栋及大门门卫等配套设施，新购设备及仪器24台(套)，建设半导体智能装备调试生产线、新能源装备调试生产线、微电子装备调试生产线。预计项自建成后年产三代半导体单晶生长设备等半导体智能制造装备、全自动共晶贴片机等微电子装备、全自动硅片上下料机等新能源装备1200台(套)。,2026年07月,2026-06-15 15:45:00,综改示范区,2026/06/15
1064892,https://prec.sxzwfw.gov.cn/jyxxzbjh/1064892.jhtml,山西省运城市稷山经济技术开发区125MW工商业屋顶光伏发电项目,2603-140853-89-01-200588,能源,31250.00,31250.00(万元),设计;施工;监理,公开招标,农发清洁能源(山西)有限公司,稷山县能源局,自主发布,农发清洁能源(山西)有限公司,山西省:运城市-稷山经济技术开发区,建设规模:利用稷山经济技术开发区现有企业屋顶总面积约830000M2。建设内容:建设分布式光伏发电总容量125MW，采用730WP单晶硅电池组件17万余块，消纳模式为自发自用，余电上网,2026年07月,2026-06-15 14:50:00,省本级,2026/06/15
1064890,https://prec.sxzwfw.gov.cn/jyxxzbjh/1064890.jhtml,武乡县蟠龙镇下型塘村崩塌地质灾害点治理工程,2602-140429-89-01-212280,国土资源,655.35,655.35(万元),施工,公开招标,武乡县自然资源局,长治市规划和自然资源局,自主发布,武乡县自然资源局,武乡县蟠龙镇下型塘村,该项目对下型塘村不稳定土质边坡进行防护治理，防护长度153.01m，防护高度0-21m，防护方式采用格构梁+锚索支护方式;其中:临时防护100m³，削坡1000m³，坡体回填3000m³，格构锚索4132m，坡面硬化1611㎡，护脚硬化37.5m³，坡底硬化759㎡等其他配套设施。,2026年07月,2026-06-15 14:50:00,长治市,2026/06/15
1064887,https://prec.sxzwfw.gov.cn/jyxxzbjh/1064887.jhtml,河东中学扩建项目,2606-140802-89-01-886715,房屋市政,1427.73,1427.73(万元),施工,公开招标,运城市盐湖区河东中学,运城市盐湖区住房和城乡建设局,自主发布,运城市盐湖区河东中学,运城市盐湖区河东中学,"建设内容:项目在原校区新建1栋3层框架结构的教学楼，一座消防水池及泵房，配套建设管网、室外变压器及发电机组、室外管线衔接(高低压供电、弱电、给排水、消防、供暖)等基础设施。
建设规模:扩建后的初中部办学规模为4规制12个班。总建筑面积2723.9平方米，其中:教学楼2527.56平方米,消防水池及泵房196.34平方米(地上建筑面积37.82平方米，地下建筑面积158.52平方米)，硬化道路2000平方米",2026年07月,2026-06-15 14:45:00,运城市,2026/06/15
1064873,https://prec.sxzwfw.gov.cn/jyxxzbjh/1064873.jhtml,阳曲县2025年“千万工程”精品示范村建设项目,2510-140122-89-01-346684,房屋市政,6051.21,6051.21(万元),施工,公开招标,阳曲县农业农村局,阳曲县住房和城乡建设局,委托发布,山西积庆项目管理有限公司,阳曲县侯村乡西龙庄村(含韩寨自然村)、高村乡高村村。,(一)侯村乡西龙庄村，村口绿化补植补栽140㎡，沥青路面600㎡，村口标识牌2组。韩寨村外立面改造6000㎡，村民文化广场铺装1500㎡、绿化补植补栽2800㎡，种植土换填2800m³，健身器材10套，花箱20套，村口标识牌1组，围墙1200m，围栏1000m，座椅10 套，路灯50套，沥青路面恢复19000 ㎡，人行道路面恢复14000 ㎡，DN32-DN110给水管线及配套7215m，DN300污水管线4400m，DN150 污水入户管1000m，污水检查井210座，污水处理站1座，产业中心及配套490㎡等。(二)高村乡高村村，DN300污水管6000m，DN400污水管1000m，检查井400座、化粪池3座、污水处理站1座、盖板式雨水沟建设1000m，沥青路面恢复36174㎡、人行道路面恢复15134㎡、主路两侧护坡300m等。,2026年07月,2026-06-15 12:50:00,太原市,2026/06/15
1064868,https://prec.sxzwfw.gov.cn/jyxxzbjh/1064868.jhtml,定襄县第二污水处理厂绿色低碳标杆化建设项目,2605-140921-89-01-377141,房屋市政,17051.09,17051.09(万元),勘察;设计;施工;监理;主要设备;重要材料,公开招标,定襄县蒋村镇人民政府,定襄县住房和城乡建设管理局,自主发布,定襄县蒋村镇人民政府,定襄县蒋村镇,日处理污水15000m3/d。新建进水井、粗格栅间及污水提升泵房、细格栅间及曝气沉砂池、调节池、AA0生化池与二沉淀池、深度处理车间(含磁混凝沉淀池与滤布滤池)、污泥脱水机房、污泥池、生物除臭系统、变配电室、巴氏计量槽、综合水池及回用水泵房；配套建设智慧水务、精准曝气、智能加药、厂区分布式光伏发电、污水源热泵供热系统；配套新建DN800进厂污水管道150m、DN800生态补水管道300m、八字出水口1座。,2026年07月,2026-06-15 12:10:00,忻州市,2026/06/15
1064825,https://prec.sxzwfw.gov.cn/jyxxzbjh/1064825.jhtml,兴县2025年较大规模自然村通硬化路建设项目,2506-141123-89-01-480149,交通,4485.26,4485.26(万元),施工,公开招标,兴县交通运输局,吕梁市交通运输局,自主发布,兴县交通运输局,兴县魏家滩镇、蔡家崖乡,"项目分批次实施，本次实施第一批项目:分为:杨家坪-魏家岔、白家沟-高家洼两条线路，拟投资836.18万元。
项目路线全长5.613km。主要工程内容包括路基工程、路面工程、防护工程、桥涵工程、交通安全设施等。",2026年07月,2026-06-15 10:50:00,吕梁市,2026/06/15
1064818,https://prec.sxzwfw.gov.cn/jyxxzbjh/1064818.jhtml,五台县门限石乡大北沟片区农村人居环境整治项目,2510-140922-89-01-926532,农业,13491.09,13491.09(万元),设计;施工;监理,公开招标,五台县住房和城乡建设管理局,五台县农业农村局,自主发布,五台县住房和城乡建设管理局,忻州市五台县门限石乡,本项目对五台县门限石乡大北沟村、湾子村、半佰麻村、化虎石村、榆树坪村5个村庄进行人居环境整治，包括村庄与村庄间沿线人居环境整治、各村内人居环境整治两大部分；主要建设内容包括道路、给水、雨水、污水、照明、环卫、河道治理、桥涵工程等基础设施以及农事服务中心、乡村e镇、停车场、标识标牌、健身器材、数字乡村等公共服务设施建设。,2026年06月,2026-06-15 10:40:00,忻州市,2026/06/15
1064811,https://prec.sxzwfw.gov.cn/jyxxzbjh/1064811.jhtml,运城市盐湖区第十实验学校小学部教学楼建设项目,2606-140802-89-01-672083,房屋市政,2000.00,2000.00(万元),施工,公开招标,运城市盐湖区第十实验学校,运城市盐湖区住房和城乡建设局,自主发布,运城市盐湖区第十实验学校,运城市盐湖区第十实验学校,建设内容:新建1栋4层教学楼，配套建设场地硬化、绿化、水、电、暖、围墙等基础设施。建设规模:扩建后的小学部新增4轨制，办学规模为10轨制，可容纳学生2700人。学校规划总占地面积为45051㎡(约合67.58亩)，本次项目总占地面积为4356㎡(约合6.53亩)，新建教学楼建筑面积为3920.92㎡，建筑物基底面积为980.23㎡，道路及场地硬化面积为1850.77㎡，绿地面积为1525㎡。,2026年07月,2026-06-15 10:35:00,运城市,2026/06/15
1064810,https://prec.sxzwfw.gov.cn/jyxxzbjh/1064810.jhtml,兴县2025年较大规模自然村通硬化路建设项目,2506-141123-89-01-480149,交通,4485.26,4485.26(万元),施工,公开招标,兴县交通运输局,吕梁市交通运输局,自主发布,兴县交通运输局,兴县魏家滩镇、蔡家崖乡,"项目分批次实施，本次实施第一批项目:分为:杨家坪-魏家岔、白家沟-高家洼两条线路，拟投资836.18万元。
项目路线全长5.613km。主要工程内容包括路基工程、路面工程、防护工程、桥涵工程、交通安全设施等。",2026年07月,2026-06-15 10:35:00,吕梁市,2026/06/15
1064809,https://prec.sxzwfw.gov.cn/jyxxzbjh/1064809.jhtml,垣曲县后河水库排沙底洞控制闸阀改造工程,2605-140827-89-05-415690,水利,655.09,655.09(万元),施工,公开招标,运城市后河水库服务中心,运城市水务局,自主发布,运城市后河水库服务中心,垣曲县历山镇后河村,1、更换排沙底洞控制阀室阀门2套，更换钢管段钢管及附属设备;2、增加阀门启闭远程控制系统，通过阀室出口远程操控;在阀室内安装监控设备。,2026年07月,2026-06-15 10:25:00,运城市,2026/06/15
1064788,https://prec.sxzwfw.gov.cn/jyxxzbjh/1064788.jhtml,运城市盐湖区第十实验学校小学部教学楼建设项目招标计划,2606-140802-89-01-672083,房屋市政,2000.00,2000.00(万元),施工,公开招标,运城市盐湖区第十实验学校,运城市盐湖区住房和城乡建设局,自主发布,运城市盐湖区第十实验学校,运城市盐湖区第十实验学校,建设内容:新建1栋4层教学楼，配套建设场地硬化、绿化、水、电、暖、围墙等基础设施。建设规模:扩建后的小学部新增4轨制，办学规模为10轨制，可容纳学生2700人。学校规划总占地面积为45051㎡(约合67.58亩)，本次项目总占地面积为4356㎡(约合6.53亩)，新建教学楼建筑面积为3920.92㎡，建筑物基底面积为980.23㎡，道路及场地硬化面积为1850.77㎡，绿地面积为1525㎡。,2026年07月,2026-06-15 09:55:00,运城市,2026/06/15
1064585,https://prec.sxzwfw.gov.cn/jyxxzbjh/1064585.jhtml,浑源县顾册区域养老服务中心建设项目,2604-140225-89-01-723601,房屋市政,595.59,595.59(万元),施工,公开招标,浑源县民政局,浑源县住房和城乡建设局,委托发布,大同市欣辉工程项目管理有限公司,浑源县永安镇毓园路与天赐街交叉口,项目改造面积1519.61㎡，新建面积262.18㎡，设置照护型床位28张。主要建设内容为将现有教学楼适老化改造为休息室、厨房、餐厅、无障碍卫生间等，并安装电梯1部，高位水箱间安装稳压增压设备2套;新建消防水池及泵房262.18㎡，并安装污水泵、喷淋泵、消火栓泵各2台;配套建设室外水电等工程,2026年07月,2026-06-12 18:55:00,大同市,2026/06/12
1064553,https://prec.sxzwfw.gov.cn/jyxxzbjh/1064553.jhtml,大同曌能独立储能电站项目,2511-140222-89-01-873362,能源,150000.00,150000.00(万元),勘察;设计;施工;主要设备;重要材料,公开招标,山西曌能新能源科技有限公司,天镇县能源局,委托发布,北京典方建设工程咨询有限公司,山西省大同市天镇县二十里铺工业园区内,该项目计划建设储能电站规模为300MW/1200MWh，占地面积约65333.33平方米，共设置120个储能单元，每套储能单元由2个5MWh储能电池预制舱、2台PCS和1台储能升压变组成。每个5MWh储能电池预制舱设置1套5MWh储能电池组，每套储能电池组接入1台2.5kWPCS直流侧，2台PCS交流侧并联接入升压变低压绕组，2台PCS经一个就地升压变升压后经35kV就地开关柜接入储能电站配套220kV升压变电站35kV侧。储能通过220kV升压站及新建220kV送出线路接入电网系统，接入电压等级为220kV。,2026年07月,2026-06-12 17:55:00,大同市,2026/06/12
1064537,https://prec.sxzwfw.gov.cn/jyxxzbjh/1064537.jhtml,屯里镇桑峨村设施农业提质及鲤鱼加工项目,2604-141062-89-02-757095,农业,994.56,994.56(万元),施工,公开招标,吉县屯里镇人民政府,吉县农业农村局,委托发布,山西合智诚招标代理有限公司,吉县屯里镇桑峨村、屯里村、太度村,本项目位于吉县屯里镇桑峨村、屯里村、太度村，主要建设内容为改造拱棚总面积为22877.54平方米，总计47座。对其中的13座进行修缮(拱棚建筑面积为7232平方米)，对所有拱棚(22877.54平方米)安装水肥一体化智能设备。改造混凝土道路2200平方米，铺栽侧石1070米，道路两侧绿化550平方米，安装太阳能路灯30盏，新建排水渠2950米，新建3座蓄水池(400立方米蓄水池1座，10立方米蓄水池2座)，De160PE水源管道480米，DN300蓄水池溢流管150米，购置及安装鲤鱼加工设备以及配套附属工程等。,2026年06月,2026-06-12 17:45:00,临汾市,2026/06/12
1064505,https://prec.sxzwfw.gov.cn/jyxxzbjh/1064505.jhtml,应县邦锦200MW/400MWh储能电站项目,2511-140655-89-01-817253,能源,40000.00,40000.00(万元),勘察;设计;施工;监理;主要设备;重要材料;,公开招标,应县邦锦新能源有限公司,应县能源局,自主发布,应县邦锦新能源有限公司,山西省朔州市应县经济技术开发区北区,项目规模为200MW/400MWh，总用地面积33423平方米，建筑面积916平方米，总用地约50亩。主要建设内容包括:设置80个2.5MW/5Mwh集装箱式电池舱，40个PCS交直流转换一体舱，站址中央区域设置升压站一座，储能电池舱经PCS交直流转换舱逆变升压后接入升压变电站35kV母线。,2026年07月,2026-06-12 17:20:00,省本级,2026/06/12
1064504,https://prec.sxzwfw.gov.cn/jyxxzbjh/1064504.jhtml,高平王何新能源重卡充电站项目,2603-140581-89-01-191689,能源,1263.00,1263.00(万元),施工,公开招标,高平国投智慧出行科技有限公司,高平市能源局,自主发布,高平国投智慧出行科技有限公司,山西省晋城市高平市北城办王何村,本项目配电工程和土建工程等,2026年07月,2026-06-12 17:20:00,省本级,2026/06/12
1064497,https://prec.sxzwfw.gov.cn/jyxxzbjh/1064497.jhtml,临汾科技智创汽车产业园(一期)F座、G座及室外场地工程和附属建筑,2406-141051-89-01-800054,房屋市政,20000.00,20000.00(万元),设计;施工;监理;主要设备;重要材料,公开招标,山西建发临汾园区有限公司,临汾经济开发区管理委员会,自主发布,山西建发临汾园区有限公司,临汾市乔李镇,F座666m²、G座30456m²、室外场地及大棚49850.51m²,2026年07月,2026-06-12 17:15:00,临汾市,2026/06/12
1064496,https://prec.sxzwfw.gov.cn/jyxxzbjh/1064496.jhtml,霍州窑址D7发掘区遗址保护展示项目,2603-141082-89-01-757437,文物保护,6142.21,6142.21(万元),设计;监理;施工,公开招标,霍州市文化和旅游局,临汾市文化和旅游局(文物局)(文物保护),委托发布,山西知达源管理咨询有限公司,山西省临汾市霍州市白龙镇陈村,危岩加固及清理、遗址本体保护、遗址模拟展示、遗址保护性设施建设、遗址周边环境保护整治。,2026年07月,2026-06-12 17:15:00,临汾市,2026/06/12
1064477,https://prec.sxzwfw.gov.cn/jyxxzbjh/1064477.jhtml,山西局节能降碳改造项目,0000-000000-00-00-000000,房屋市政,488.00,488.00(万元),施工,公开招标,国家粮食和物资储备局山西局,太原市住房和城乡建设局,委托发布,山西衡宇招标代理有限公司,山西省太原市小店区并州南路81号8幢、并州南路337号3幢,供暖改造4356平方米，更换电梯1部，室外箱变扩容，室内电力改造11159平方米。,2026年07月,2026-06-12 16:55:00,省本级,2026/06/12
1064476,https://prec.sxzwfw.gov.cn/jyxxzbjh/1064476.jhtml,2026年寺庄镇镇区公共设施改造提升项目,2511-140581-89-05-866505,房屋市政,1444.01,1444.01(万元),施工,公开招标,高平市寺庄镇人民政府,高平市农业农村局,委托发布,山西中瀚项目管理有限公司,高平市寺庄镇镇区,本项目主要建设内容为道路改造工程、绿化及其他改造工程。其中道路改造全长6.11公里，包括道路本体改造、照明设施改造、排水设施改造；绿化及其他改造工程包括人行道绿化改造，游园绿化改造，河道两侧安全护栏改造。 对本项目的工程施工发布招标计划。,2026年07月,2026-06-12 16:50:00,省本级,2026/06/12
1064456,https://prec.sxzwfw.gov.cn/jyxxzbjh/1064456.jhtml,长子县建制镇(鲍店镇、大堡头镇)雨污分流改造工程项目(鲍店镇东、西、北街村),2404-140428-89-01-808578,房屋市政,5630.96,5630.96(万元),施工,公开招标,长子县鑫安基础设施开发有限公司,长子县住房和城乡建设局,自主发布,长子县鑫安基础设施开发有限公司,长子县鲍店镇东、西、北街村,鲍店镇东、西、北街村雨污分流改造工程,2026年07月,2026-06-12 16:45:00,长治市,2026/06/12
1064452,https://prec.sxzwfw.gov.cn/jyxxzbjh/1064452.jhtml,朔州市朔城区恒山隧洞岩溶水渗出利用农村规模化供水工程,2605-140602-89-05-690468,水利,16645.64,16645.64(万元),勘察;设计;施工;监理;主要设备,公开招标,朔州市朔城区水利局,朔州市水利局,委托发布,山西新凯建工程咨询管理有限公司,朔州市朔城区沙河乡、南榆林乡、贾庄乡和滋润乡,"通过新建水源地和铺设供水管网，向沙塄河乡和南榆林乡的23个村庄供水，并对贾庄乡和滋润乡已建规模化供水工程进行水源置换。供水范围包括朔城区南榆林乡、沙塄河乡、贾庄乡和滋润乡的56个村4.5万人生活及禽畜用水。主要建设内容包括:取水设施1 处，阀井1 座，备用水源机井3眼，新建净水厂1座，生产、生活附属建筑物8000㎡,各类输水管道212.97km，智能水表7647块，蓄水池20座，加压泵站7座，阀井261座等。",2026年07月,2026-06-12 16:45:00,朔州市,2026/06/12
1064419,https://prec.sxzwfw.gov.cn/jyxxzbjh/1064419.jhtml,右玉县2026年晋北地区高原风沙源生态保护和修复项目沙化土地综合治理工程,2410-140600-89-01-390858,林业,623.84,623.84(万元),施工,公开招标,右玉县林业局,朔州市规划和自然资源局,自主发布,右玉县林业局,右玉县,开展沙化土地综合治理5000亩,2026年07月,2026-06-12 16:15:00,朔州市,2026/06/12
1064418,https://prec.sxzwfw.gov.cn/jyxxzbjh/1064418.jhtml,山西霍州窑址D7发掘区遗址保护展示工程,2603-141082-89-01-757437,文物保护,6142.21,6142.21(万元),设计;监理;施工,公开招标,霍州市文化和旅游局,临汾市文化和旅游局(文物局)(文物保护),委托发布,山西知达源管理咨询有限公司,山西省临汾市霍州市白龙镇陈村,危岩加固及清理、遗址本体保护、遗址模拟展示、遗址保护性设施建设、遗址周边环境保护整治。,2026年07月,2026-06-12 16:15:00,临汾市,2026/06/12
1064414,https://prec.sxzwfw.gov.cn/jyxxzbjh/1064414.jhtml,山西省灵丘县人民医院新院区配套电力建设工程,2605-140224-89-01-390408,能源,1317.63,1317.63(万元),施工,公开招标,山西省灵丘县人民医院,灵丘县能源局,自主发布,山西省灵丘县人民医院,灵丘县武灵镇和落水河乡,"该工程需从武灵变电站将两条电容量6950千伏安的双回路高压线架设通电至新院区配电室。线路全长约7.31公里，采用双回路设计，其中架空线路2×4.85公里，电缆线路长2×2.46公里。导线采用JKLGYJ-240/30型架空绝缘导线；电缆采用ZC-YJV22-8.7/15-3*300mm2型电力电缆。全线采用24芯ADSS光缆长7.44km。共用电杆约93基，其中水泥杆78基,钢管杆15基，500千伏安箱式变压器两台以及其它配套设备。",2026年07月,2026-06-12 16:05:00,大同市,2026/06/12
1064371,https://prec.sxzwfw.gov.cn/jyxxzbjh/1064371.jhtml,北张渠雨水管网错接混接改造工程,2606-140171-89-01-211525,房屋市政,1376.78,1376.78(万元),施工,公开招标,山西转型综合改革示范区建设工程管理与公用服务中心,山西转型综合改革示范区管理委员会建设与公用事业管理部,委托发布,山西中盛辰鑫工程咨询有限公司,山西转型综改示范区唐槐产业园区,本项目主要建设规模为改造唐槐园区涉及排入北张退水渠的 12 处雨污混接点，分为两部分:①现状雨污混流节点改造工程，改造 9 处节点，改造污水管线 560m；②新盛巷雨、污分流改造工程，解决 3 处节点，新建污水管线 250 m，新建雨水管线 250 m。建设内容:排水工程、道路恢复工程。,2026年07月,2026-06-12 15:20:00,综改示范区,2026/06/12
1064348,https://prec.sxzwfw.gov.cn/jyxxzbjh/1064348.jhtml,运城市盐湖区大禹学校扩建项目,2606-140802-89-01-578394,房屋市政,6500.00,6500.00(万元),设计;施工,公开招标,运城市盐湖区大禹学校,运城市盐湖区住房和城乡建设局,自主发布,运城市盐湖区大禹学校,学苑北路34号,"建设内容:新建3栋4层教学楼，1栋1层门房，配套建设硬化、绿化、水、电、暖、气、消防、非机动车位等基础设施。
建设规模:扩建后的初中部新增4轨制，办学规模为10轨制，可容纳学生1500人。大禹学校规划总占地面积为75998.7㎡(约合114亩)，本次项目总占地面积21994.11㎡(约合32.99 亩)。项目总建筑面积为11800㎡(教学楼11700㎡，门房100㎡), 建筑物基底面积为2905㎡，道路及场地硬化面积为11398.69㎡，绿地面积7690.42㎡",2026年07月,2026-06-12 14:55:00,运城市,2026/06/12
1064343,https://prec.sxzwfw.gov.cn/jyxxzbjh/1064343.jhtml,丰源绿能200MW/400MWh储能电站项目,2603-140655-89-01-474222,能源,45000.00,45000.00(万元),施工;监理;主要设备;设计;勘察;重要材料;,公开招标,山西丰源绿能新能源有限公司,应县能源局,自主发布,山西丰源绿能新能源有限公司,山西省朔州市应县南河种镇,项目建设规模为200MW/400MWh，规划占地面积为40亩。主要建设内容包括:建设220千伏升压站一座，配置建设60套储能系统单元并购置安装储能成套系统预制舱等设备；新建35kV配电室、0.4kV配电室、二次设备室等附属设施。配套建设建筑面积为600平方米的综合用房、100平方米的综合仓库，消防泵房及260平方米的水池，同时配套建设供水、供电、污水处理等管理用房以及附属配套设施和相关设备等。,2026年07月,2026-06-12 14:50:00,省本级,2026/06/12
1064340,https://prec.sxzwfw.gov.cn/jyxxzbjh/1064340.jhtml,泽州县南岭镇坚水村农业种植基地附属设施项目,2601-140525-89-05-356343,农业,870.00,870.00(万元),施工;,公开招标,泽州县南岭镇坚水村股份经济合作社,泽州县农业农村局,委托发布,中科天一工程管理有限公司,山西省晋城市泽州县南岭镇坚水村,项目总面积308亩，种植面积300亩(菊花200亩，玉米100亩)，内容包括冷库、厂房、仓储用房、晾晒场及相关附属设施设备等,2026年07月,2026-06-12 14:35:00,晋城市,2026/06/12
1064337,https://prec.sxzwfw.gov.cn/jyxxzbjh/1064337.jhtml,华能襄汾50兆瓦乡村振兴“驭风行动”示范项目,2311-141000-89-01-920686,能源,23988.48,23988.48(万元),勘察;设计;施工;监理;主要设备;重要材料,公开招标,襄汾县飓风新能源发电有限责任公司,临汾市能源局,委托发布,山西省国际招标有限公司,临汾市襄汾县,风电场项目装机容量50MW。主要建设内容为安装5台单机容量5000kW风力发电机、4台单机容量6250kW风力发电机、新建一座110kV升压站。,2026年07月,2026-06-12 14:30:00,临汾市,2026/06/12
1064336,https://prec.sxzwfw.gov.cn/jyxxzbjh/1064336.jhtml,甘亭工业园应急备用(工业用水)输水管道工程,2605-141051-89-05-727232,房屋市政,833.03,833.03(万元),施工,公开招标,山西临汾开发区开发建设有限公司,临汾经济开发区管理委员会,委托发布,山西巨晖工程项目管理有限公司,临汾经济开发区甘亭工业园,新建一趟DN300输水管道，全长5222米，其中球墨铸铁管道2045米，涂塑复合钢管3177米，管道沿途设置阀门井、排气井、泄水井等附属设施，净水设备4套。,2026年07月,2026-06-12 14:25:00,临汾市,2026/06/12
1064335,https://prec.sxzwfw.gov.cn/jyxxzbjh/1064335.jhtml,新建西铭回迁安置房城中村改造工程项目室外配套工程、正式供电工程、正式供水工程,2409-140109-89-01-191848,房屋市政,5000.00,5000.00(万元),2026年07月,公开招标,太原市柏林宝地建设开发有限公司,万柏林区住房和城乡建设局,委托发布,山西恒盛昌工程项目管理有限公司,太原市万柏林区西铭村，东至万柏林第四中学，西至开城东路，南至西铭路，北至玉门河南沿岸,,2026年07月,2026-06-12 14:05:00,太原市,2026/06/12
1064334,https://prec.sxzwfw.gov.cn/jyxxzbjh/1064334.jhtml,西铭城改项目连接线工程,2605-140109-89-01-346997,房屋市政,1526.50,1526.50(万元),施工,公开招标,太原市柏林宝地建设开发有限公司,万柏林区住房和城乡建设局,委托发布,山西恒盛昌工程项目管理有限公司,山西省太原市万柏林区西铭街办西铭城改连接线(玉门河南沿岸路以南，万柏林区第四中学以北，西外环路以西，开城路以东),道路工程(长105米，宽30米的沥青路)；排水工程(钢筋混凝土管D500，长64米，钢筋混凝土管D600，长210米)；交通设施(玉门河南、北沿岸交叉口红绿灯2套)；照明工程(路灯10套)；绿化工程(行道树35株，绿化带357平米)；电力土建工程(12孔内径185毫米的排管，长105米、采用2600毫米内径混凝土顶管，长70米)；燃气工程(防腐钢管DN300，长105米)；电信工程(6孔梅花管，长55米),2026年07月,2026-06-12 14:05:00,太原市,2026/06/12
1064317,https://prec.sxzwfw.gov.cn/jyxxzbjh/1064317.jhtml,昕水镇2026年宁粹苹果栽植项目(一期),2605-141030-89-05-970762,农业,2122.84,2122.84(万元),施工,公开招标,大宁县昕水镇人民政府,大宁县农业农村局,委托发布,山西知达源管理咨询有限公司,本项目位于山西省大宁县昕水镇，共涉及昕水镇8个村，分别是麦留村、而吉村、白杜村、坡角村、史家坪村、杜村、安古村。,项目涉及1个镇8个村，建设规模为种植宁粹苹果，总面积1183.92亩，其中老果园改造773.34亩，新建果园410.58亩。建设内容主要为:新建果园包含苗木购置、固定树苗玻璃纤维杆、塑料地膜、保湿袋、生根粉及浇水等；老果园改造包含拔树、平整土地、苗木购置、固定树苗玻璃纤维杆、塑料地膜、保湿袋，生根粉及浇水等；水肥一体化设施建设包含蓄水池、管理房、水肥设备、输水干支管道、田间滴灌管等。,2026年07月,2026-06-12 12:15:00,临汾市,2026/06/12
1064283,https://prec.sxzwfw.gov.cn/jyxxzbjh/1064283.jhtml,北义城镇蔬菜基地综合配套项目,2512-140525-89-05-153711,农业,874.94,874.94(万元),施工;,公开招标,泽州县北义城镇西黄石村股份经济合作社,泽州县农业农村局,委托发布,山西金正浩工程项目管理有限公司,山西省晋城市泽州县北义城镇西黄石村,总占地面积5686㎡，总建筑面积2200㎡，年储果蔬744吨，内容包括新建冷冻库、包装分拣车间、库房、冷藏库，设备购安、室外工程及相关配套附属设施等。,2026年07月,2026-06-12 10:50:00,晋城市,2026/06/12
1064279,https://prec.sxzwfw.gov.cn/jyxxzbjh/1064279.jhtml,集义庄乡集义庄村学习践行千万工程精品示范村改造项目,2605-140924-89-01-557146,农业,973.35,973.35(万元),施工,公开招标,繁峙县集义庄乡人民政府,繁峙县农业农村局,自主发布,繁峙县集义庄乡人民政府,繁峙县集义庄乡集义庄村,本项目主要是对集义庄乡集义庄村内主干路进行给排水管网建设及道路恢复与硬化工程改建，其中:给水管道总长1413米，污水管道总长4937米，路面恢复(混土)15852㎡，路面恢复(沥青)970㎡，配套垃圾收集箱、污水收集池等设施。,2026年07月,2026-06-12 10:30:00,忻州市,2026/06/12
1064219,https://prec.sxzwfw.gov.cn/jyxxzbjh/1064219.jhtml,沁水县农村公路灾毁路段治理工程,2601-140521-89-01-703176,交通,1556.57,1556.57(万元),施工;,公开招标,沁水县交通运输事业发展中心,沁水县交通运输局,自主发布,沁水县交通运输事业发展中心,沁水县郑村镇、龙港镇、郑庄镇,沁水县农村公路灾毁路段治理工程，该工程对湘皇线(沁水县)、东尧线(东坞岭至尧都)、郑庄线(郑庄至北湾)、郑十线(吕村至四十亩)、北李线(北湾至李家山)五条道路灾毁路段按原标准恢复重建，主要建设内容为:路基、路面、涵洞及交安设施等。,2026年07月,2026-06-12 09:35:00,晋城市,2026/06/12
1064218,https://prec.sxzwfw.gov.cn/jyxxzbjh/1064218.jhtml,2026年沁水县道路安全隐患治理工程,2604-140521-89-01-799556,交通,1166.24,1166.24(万元),施工;,公开招标,沁水县交通运输事业发展中心,沁水县交通运输局,自主发布,沁水县交通运输事业发展中心,沁水县县域,2026年沁水县道路安全隐患治理工程，该项目主要建设内容包括: (一)三河口公园武安段道路衔接工程。道路衔接工程总长0.284km，其中主线连通许嘉线与武安—王村旅游公路，路线长0.057km，宽12m，连接线连接主线与三河口公园，路线长0.227km，宽11m；新建涵洞1道等。 (二)树理小镇路口工程。拆除原有绿化带增设活动护栏，设置岔口标志、道口标注、让行标志等，施划人行横道标线、振动减速标线等；端润一级路K15+027上方新建人行天桥1座，桥梁总长70.11m，总宽5m，采用三跨连续钢箱梁结构，跨径布置为29.36m+35m+5.75m。 (三)其他道路安全隐患治理工程。对北固线、唐固县、定中线、东尧线、张舜线、端润线、加阳线、湘武线、樊青线、S331省道、黑东线、郑庄线等12条道路存在安全隐患路段完善标志标线、护栏、增设爆闪灯等。,2026年07月,2026-06-12 09:35:00,晋城市,2026/06/12
1064213,https://prec.sxzwfw.gov.cn/jyxxzbjh/1064213.jhtml,2026年太行一号旅游公路品质提升工程(郑庄线北湾至庄头段水毁恢复应急养护),2601-140521-89-01-217160,交通,1105.43,1105.43(万元),施工;,公开招标,沁水县交通运输事业发展中心,沁水县交通运输局,自主发布,沁水县交通运输事业发展中心,沁水县龙港镇、郑庄镇,2026年太行一号旅游公路品质提升工程(郑庄线北湾至庄头段水毁恢复应急养护)，该工程治理工点6处，治理长度1.48公里，维持原有公路技术标准。主要建设内容为:路基、排水、防护、桥涵及交安设施等。,2026年07月,2026-06-12 09:30:00,晋城市,2026/06/12
1064211,https://prec.sxzwfw.gov.cn/jyxxzbjh/1064211.jhtml,2026年太行一号旅游公路品质提升工程(不良路段改造整治),2604-140521-89-01-340461,交通,1670.50,1670.50(万元),施工;,公开招标,沁水县交通运输事业发展中心,沁水县交通运输局,自主发布,沁水县交通运输事业发展中心,沁水县龙港镇、郑庄镇、柿庄镇,2026年太行一号旅游公路品质提升工程(不良路段改造整治)，建设内容涉及北固线、黑东线、郑庄线部分路段。主要建设内容为:路基、路面、桥涵及交安设施等。,2026年07月,2026-06-12 09:25:00,晋城市,2026/06/12
1064131,https://prec.sxzwfw.gov.cn/jyxxzbjh/1064131.jhtml,吉县城区道路雨污分流管网改造工程,2412-141028-89-01-282244,房屋市政,15758.30,15758.30(万元),设计,公开招标,吉县住房保障和城乡建设事务服务中心,吉县住房和城乡建设管理局,委托发布,山西双迪项目管理有限公司,吉县县城区,本项目建设内容包括:祖师庙社区陈家沟、槐子沟、阳儿原、雨子沟、龙王湾三巷、新华街(阳苑小区~二道河桥)、 滨河路(枣原巷~二道河桥);西关社区李家沟、结子沟、柏浪沟、滨河路(一中桥~西关桥)、新华西街(西关桥~向阳小区);桥南社区包含:柳卜湾、水洞沟；吉州大道(十里河桥~车城乡)等雨污分流建设内容；其他工程包含合流箱涵改造、马家河处箱涵处理、箱涵改管等内容。,2026年07月,2026-06-11 19:15:00,临汾市,2026/06/11
1064128,https://prec.sxzwfw.gov.cn/jyxxzbjh/1064128.jhtml,翼城县全域旅游配套基础设施提升项目 (木石四牌坊环境整治项目)木石四牌坊环境整治改造工程,2101-141022-89-01-383191,房屋市政,5673.09,5673.09(万元),施工;监理,公开招标,翼城县工程建设服务中心,翼城县住房和城乡建设管理局,自主发布,翼城县工程建设服务中心,翼城县,一是街区风貌提升:对木坊街、石坊街、牌坊路沿街169座民居立面更新改造；二是街区环境改造工程:对原党校前广场、木坊街中心休息区等花园广场改造；三是市政改造工程:含木坊街、石坊街、牌坊路2044米道路改造，涵盖电力、通信、排水、 照明及石板路铺装；四是民俗文化展演中心工程:建筑面积1544.36平方米，地上一层，钢结构，建筑高度9.0米，耐火等级二级，设计使用年限50年，配套给排水、电气、暖通、 消防等设施；五是原党校外立面改造工程:对现有的4层砖混结构建筑外立面以及门厅进行改造，改造面积2857平方米。,2026年06月,2026-06-11 19:05:00,临汾市,2026/06/11
1063975,https://prec.sxzwfw.gov.cn/jyxxzbjh/1063975.jhtml,锅炉脱硫系统提标改造项目,2606-140526-89-02-543256,工业,1040.00,1040.00(万元),勘察;设计;施工;监理;主要设备;重要材料,公开招标,山西兰花科技创业股份有限公司新材料分公司,泽州县工业和信息化局,委托发布,山西兰花真诚招标代理有限公司,山西兰花科技创业股份有限公司新材料分公司,本项目为现有锅炉脱硫系统改造工程，不新增生产规模、不新增建设用地，主要对原有脱硫段、除雾段、氧化系统进行系统化优化改造，同步新增水洗段及高效除雾配套模块，完善烟气多级净化治理工艺体系，进一步提升脱硫系统烟气处理 能力与污染物治理精度。改造完成后，可彻底解决原有脱硫系统高负荷运行稳定性差、治理精度不足等问题，保障锅炉脱硫系统满负荷、长周期、稳定安全运行，实现烟气超低洁净排放。,2026年07月,2026-06-11 16:20:00,省本级,2026/06/11
1063959,https://prec.sxzwfw.gov.cn/jyxxzbjh/1063959.jhtml,太原盐业皇后园库新建仓储及配套设施项目,2604-140152-89-01-844901,房屋市政,540.00,540.00(万元),施工,公开招标,山西省盐业集团有限责任公司太原分公司,太原中北高新技术产业开发区管理委员会,委托发布,山西省盐业集团有限责任公司太原分公司,山西省太原市尖草坪区阳曲镇皇后园盐库,项目总建筑面积3100㎡，在现有场地新建1#、2#两栋仓储库房。,2026年07月,2026-06-11 16:05:00,太原市,2026/06/11
1063923,https://prec.sxzwfw.gov.cn/jyxxzbjh/1063923.jhtml,泽州县南村镇农村人居环境整治项目,2606-140525-89-05-293443,房屋市政,13342.85,13342.85(万元),设计;施工;监理;,公开招标,泽州县南村镇人民政府,泽州县住房和城乡建设管理局,委托发布,山西玉辉全过程咨询有限公司,泽州县南村镇南村村等17个行政村,修建沥青路面46853㎡，加铺沥青路面302230㎡，修建混凝土路面90303㎡，改建人行道28123㎡:改造给水管道40994m，改造雨水渠2946m，配套污水主管道5297m，配套污水支管道4400m:安装市电路灯733盏，太阳能路灯1174盏:三线整治10580m，改造体育活动场地33921㎡，改造文化活动场地11332㎡，配套公共充电桩66套，配套健身器材66套等。,2026年07月,2026-06-11 15:30:00,晋城市,2026/06/11
1063915,https://prec.sxzwfw.gov.cn/jyxxzbjh/1063915.jhtml,长治市西南部垃圾焚烧发电项目(长子县),2602-140400-89-01-843198,房屋市政,39294.97,39294.97(万元),设计,公开招标,长治泰欣鸿基环境能源科技有限公司,长子县住房和城乡建设局,自主发布,长治泰欣鸿基环境能源科技有限公司,长子县大堡头镇青仁村888号,该项目总建设规模500td，汽轮发电机组装机容量12MWx1台。 主要建设内容:主厂房(包括垃圾卸料车间、垃圾池、焚烧及锅炉间、汽机房、中控及值班室、烟气净化车间及辅楼等)、烟囱、上料坡道、空冷岛、门卫房及地磅房、油罐及油泵房、污水处理系统、水工设施、生活楼、道路硬化、绿化等厂内工程及原水取水及输送系统等厂外配套工程。,2026年07月,2026-06-11 15:25:00,长治市,2026/06/11
1063877,https://prec.sxzwfw.gov.cn/jyxxzbjh/1063877.jhtml,开栅村至县城污水管网连接管道项目,2603-141121-89-01-771677,房屋市政,636.11,636.11(万元),施工,公开招标,文水县开栅镇人民政府,文水县住房和城乡建设管理局,委托发布,山西方超工程造价咨询有限责任公司,文水县开栅镇、凤城镇,"该工程建设污水提升排放管网8376m，污水提升排放规模:2000m3/d,建设内容:建设污水提升排放管网8376m，其中8296m采用DN200PE，80m采用DN200钢管，以及配套φ1250闸阀井9座，φ1250排气井8 座，φ1250排泥井4座，消能井1座，一体化提升泵站1座， 沟槽开挖及道路恢复等配套工程。",2026年07月,2026-06-11 13:10:00,吕梁市,2026/06/11
1063866,https://prec.sxzwfw.gov.cn/jyxxzbjh/1063866.jhtml,榆社县2026年差等路提档提质改造工程,2605-140721-89-05-721270,交通,1125.00,1125.00(万元),施工,公开招标,榆社县兴乾交通建设工程有限责任公司,榆社县城乡建设和交通运输局,自主发布,榆社县兴乾交通建设工程有限责任公司,榆社县,包含4条农村道路，实施路线共长9.31km。涉及榆社县三个乡镇，其中:西马乡1条共2.392km、郝北镇2条共3.376km、云簇镇路1条3.542km。采用三级公路和小交通量四级(I类)标准建设，设计速度采用30km/h、15km/h，路基宽度单车道为4.5m/7.5m，路面宽度为4.0m/7.0m。主要工程有路基工程、路面工程、排水防护、涵洞工程、安全设施等。,2026年07月,2026-06-11 11:55:00,晋中市,2026/06/11
1063865,https://prec.sxzwfw.gov.cn/jyxxzbjh/1063865.jhtml,榆社县2026年过水路面改造及桥涵新建工程,2605-140721-89-05-826880,交通,786.75,786.75(万元),施工,公开招标,榆社县兴乾交通建设工程有限责任公司,榆社县城乡建设和交通运输局,自主发布,榆社县兴乾交通建设工程有限责任公司,榆社县,共建设桥梁2座，其中榆社县社城镇南翟管桥梁改造工程(馒水)中南寨管桥采用20+25+20预应力砼(后张)简支T梁，下部结构桥墩采用柱式墩，基础采用桩基，桥梁全长71.08米，桥宽10米，桥面铺装为沥青混凝土榆社县社城镇西崖底桥梁改造工程(馒水)中西崖底桥采用4-10m现浇实心板桥，下部结构桥墩采用柱式墩，基础采用桩基，桥梁全长46米，桥宽7.5米，桥面铺装为沥青混凝土。还考虑了临时工程、安全设施工程。,2026年07月,2026-06-11 11:55:00,晋中市,2026/06/11
1063864,https://prec.sxzwfw.gov.cn/jyxxzbjh/1063864.jhtml,榆社县2026年资源路、产业路改造工程,2605-140721-89-05-431171,交通,1878.55,1878.55(万元),施工,公开招标,榆社县兴乾交通建设工程有限责任公司,榆社县城乡建设和交通运输局,自主发布,榆社县兴乾交通建设工程有限责任公司,榆社县,包含15条农村道路，实施路线共长25.239km。涉及榆社县六个乡镇，其中:西马乡资源路产业路3条共5.53km、社城镇资源路产业路2条共1.217km、箕城镇资源路产业路2条共4.683km、郝北镇资源路产业路4条共9.77km，云簇镇资源路产业路3条共2.739km、北寨乡资源路产业路1条1.3km。采用小交通量四级(类)和小交通量四级(I类)标准建设，设计速度采用15km/h，路基宽度单车道为4.5m/6.5m，路面宽度为3.5m/4.0m/4.5m/6.0m。主要工程有路基工程、路面工程、排水防护、安全设施等。,2026年07月,2026-06-11 11:55:00,晋中市,2026/06/11
1063861,https://prec.sxzwfw.gov.cn/jyxxzbjh/1063861.jhtml,山西天成时代能源开发有限公司新建天成时代200MW/400MWh独立储能项目,2512-140881-89-05-334403,能源,40000.00,40000.00(万元),设计;施工;主要设备;重要材料,公开招标,山西天成时代能源开发有限公司,永济市能源局,自主发布,山西天成时代能源开发有限公司,山西省运城市永济市卿头镇原棉油厂旧址,"新建装机容量为200MW/400MWh，2026年建设 100MW/200MWh,2027年建设100MW/200MWh。建设一座220KV升压站及配套设施，占地面积约45亩。",2026年07月,2026-06-11 11:50:00,运城市,2026/06/11
1063856,https://prec.sxzwfw.gov.cn/jyxxzbjh/1063856.jhtml,翼城县集中供热管网改造及新能源热源替代项目(二标段),2504-141022-89-01-733824,房屋市政,7187.71,7187.71(万元),施工,公开招标,翼城县工程建设服务中心,翼城县住房和城乡建设管理局,自主发布,翼城县工程建设服务中心,翼城县,"对翼城中学等7所学校冷热源及室内供热供冷设施进行改造，改造7所学校冷热源、管网及室内供热供冷设施，新能源覆盖面积为21.4万平方米,设超导太阳能光热集热板7500台，空气源热泵机组79台，地源热泵机组2台，庭院管网2X5.33千米，管径DN450-DN25，每个校区新建一套双变压器箱式变电站。",2026年06月,2026-06-11 11:25:00,临汾市,2026/06/11
1063834,https://prec.sxzwfw.gov.cn/jyxxzbjh/1063834.jhtml,运城市红旗街历史街区城市有机更新项目,2605-140800-89-05-367829,房屋市政,2494.28,2494.28(万元),施工,公开招标,运城市城市管理局,运城市住房和城乡建设局,自主发布,运城市城市管理局,运城市红旗街(西起圣惠南路，东至绕城高速),"建设规模
建设范围为运城市红旗街(圣惠南路至绕城高速段)，更新长度共计12.7千米。
建设内容
主要包括:城市风貌提升和城市公共设施有机更新。
其中城市风貌提升包括店招改造面积5337.81平方米，外墙装饰一体板面积4610.29平方米，真石漆面积41825.12平方米，外包空调百叶及装饰格栅面积10618.53平方米，外墙电表箱外包面积934平方米，屋面更新面积3800平方米，外立面轮廓灯2103.05米、泛光灯502个，建筑拆除面积317.26平方米，更换台阶1157米。
城市公共设施有机更新包括改造外露管线外包处理934平方米，改造城市配电箱98个，设置城市景观小品6处，设置城市座椅28处，设置地图导览牌15个，设置城市健身设施4套。",2026年07月,2026-06-11 10:30:00,运城市,2026/06/11
1063822,https://prec.sxzwfw.gov.cn/jyxxzbjh/1063822.jhtml,晋控电力同华轩岗二期2×66万千瓦项目厂外补给水工程,2308-140000-89-01-175657,能源,560.00,560.00(万元),施工;主要设备;重要材料,公开招标,晋控电力同兴山西发电有限公司,山西省能源局,自主发布,晋控电力同兴山西发电有限公司,山西省忻州市原平市轩岗镇,根据晋控电力同华轩岗二期2×66万千瓦项目建设进度及生产用水需求，在阳武河干流及其支流龙宫河河道管理范围内铺设厂外补给水管道，轩岗镇污水处理厂再生水管道采用1根DN350钢管由污水处理厂经阳武河、龙宫河河道铺设至厂内，铺设长度约3.3公里；焦家寨煤矿矿坑水管道采用1根DN300钢管从同华发电公司厂内补给水管接引经龙宫河河道铺设至厂内，铺设长度约0.7公里，两条管道并行敷设。,2026年07月,2026-06-11 10:15:00,省本级,2026/06/11
