项目名称,交易地区,统一代码,项目类型,招标内容,招标人名称,发布类型,建设地点,建设内容及规模,项目总投资,招标方式,行政监督部门,发布单位,招标公告发布日期,招标文件获取时间,投标人资格要求,招标公告链接,变更公告链接,中标候选人名称,中标候选人公示链接,中标人,中标结果公示链接,终止公告链接,公告历史
大同市晋北地区高原风沙源生态保护和修复项目桦林背林场2026年人工造林007,大同市,暂无,暂无,暂无,暂无,暂无,暂无,暂无,暂无,暂无,暂无,暂无,2026-06-29 13:45,2026/06/03,暂无,https://prec.sxzwfw.gov.cn/jyxxgcyc/1069105.jhtml,暂无,暂无,暂无,暂无,暂无,暂无,大同市晋北地区高原风沙源生态保护和修复项目桦林背林场2026年人工造林007|https://prec.sxzwfw.gov.cn/jyxxgcyc/1069105.jhtml
"大同市晋北地区高原风沙源生态保护和修复项目桦林背林场2026年人工造林(1,2,3,4,5,6,8,9,10,11,12,13标段)",大同市,暂无,暂无,暂无,暂无,暂无,暂无,暂无,暂无,暂无,暂无,暂无,暂无,暂无,暂无,暂无,暂无,山西华恒远建设发展有限公司、山西嵘瀚绿化工程有限公司、大同鸿森建筑工程有限公司、山西凯卓生态绿化有限公司、大同市松柏园林绿化有限公司、大同市云州区昱博农牧专业合作社、大同市景润园林绿化工程有限公司,https://prec.sxzwfw.gov.cn/jyxxgchxr/1069104.jhtml,暂无,暂无,暂无,"大同市晋北地区高原风沙源生态保护和修复项目桦林背林场2026年人工造林(1,2,3,4,5,6,8,9,10,11,12,13标段)中标候选人公示|https://prec.sxzwfw.gov.cn/jyxxgchxr/1069104.jhtml"
山西师范大学校舍消防改造及室外管网改造项目三标段预制管沟材料采购,山西省本级,暂无,暂无,暂无,暂无,暂无,暂无,暂无,暂无,暂无,暂无,暂无,2026-05-11 16:20,2026年05月11日17时00分至2026年05月16日17时00分,"3.1投标人须是中国境内注册，具有独立的法人资格，并持有合法有效的营业执照； 3.2投标人未被列入“信用中国”失信被执行人、重大税收违法失信主体名单，未被列入“国家企业信用信息公示系统”严重违法失信企业名单,未被列入山西建设投资集团有限公司和山西二建集团有限公司《不合格供方库》； 3.3单位负责人为同一人或者存在控股、管理关系的不同单位，不得同时投标； 3.4本次招标不接受联合体投标。",https://prec.sxzwfw.gov.cn/jyxxgczb/1061297.jhtml；https://prec.sxzwfw.gov.cn/jyxxgczb/1052808.jhtml,https://prec.sxzwfw.gov.cn/jyxxgchxr/1067694.jhtml,山西建投晋南建筑产业有限公司、山西万年青建设工程有限公司,https://prec.sxzwfw.gov.cn/jyxxgchxr/1067304.jhtml,山西建投晋南建筑产业有限公司,https://prec.sxzwfw.gov.cn/jyxxgcgs/1069102.jhtml,https://prec.sxzwfw.gov.cn/jyxxgczb/1061228.jhtml,山西师范大学校舍消防改造及室外管网改造项目三标段预制管沟材料采购二次招标中标候选人公示更正|https://prec.sxzwfw.gov.cn/jyxxgchxr/1067694.jhtml；山西师范大学校舍消防改造及室外管网改造项目三标段预制管沟材料采购二次招标中标候选人公示|https://prec.sxzwfw.gov.cn/jyxxgchxr/1067304.jhtml；山西师范大学校舍消防改造及室外管网改造项目三标段预制管沟材料采购二次招标公告|https://prec.sxzwfw.gov.cn/jyxxgczb/1061297.jhtml；山西师范大学校舍消防改造及室外管网改造项目三标段预制管沟材料采购招标终止公告|https://prec.sxzwfw.gov.cn/jyxxgczb/1061228.jhtml；山西师范大学校舍消防改造及室外管网改造项目三标段预制管沟材料采购招标公告|https://prec.sxzwfw.gov.cn/jyxxgczb/1052808.jhtml；山西师范大学校舍消防改造及室外管网改造项目三标段预制管沟材料采购二次招标中标结果公示|https://prec.sxzwfw.gov.cn/jyxxgcgs/1069102.jhtml
大秦铁路股份有限公司大同站安检大厅消防隐患整治工程项目(1标段),山西省本级,暂无,暂无,暂无,暂无,暂无,暂无,暂无,暂无,暂无,暂无,暂无,2026-06-29 13:05,2026-06-29 20:00 -- 2026-07-06 09:00,须具备消防设施工程专业承包二级及以上资质，具备有效的安全生产许可证，安全质量状况良好。近3年内须具备消防工程施工业绩，无被责令暂停投标情况。投标人拟派项目经理须具有机电工程专业二级及以上注册建造师执业资格证书，工程师及以上职称；具有有效的安全生产考核合格证书；具有一年以上消防工程施工管理经验，且与投标人具有有效的劳动和社保关系，未在其他在建工程项目任职。本标段不允许联合体投标。,https://prec.sxzwfw.gov.cn/jyxxgczb/1069098.jhtml,暂无,暂无,暂无,暂无,暂无,暂无,大秦铁路股份有限公司大同站安检大厅消防隐患整治工程项目(1标段)招标公告|https://prec.sxzwfw.gov.cn/jyxxgczb/1069098.jhtml
吕梁新区医疗卫生园区人行天桥建设项目施工,吕梁市,暂无,暂无,暂无,暂无,暂无,暂无,暂无,暂无,暂无,暂无,暂无,2026-06-29 13:00,2026-06-29 12:55:23,暂无,https://prec.sxzwfw.gov.cn/jyxxgczb/1069097.jhtml；https://prec.sxzwfw.gov.cn/jyxxgczb/1069096.jhtml,暂无,暂无,暂无,暂无,暂无,暂无,吕梁新区医疗卫生园区人行天桥建设项目施工重新招标公告|https://prec.sxzwfw.gov.cn/jyxxgczb/1069097.jhtml；吕梁新区医疗卫生园区人行天桥建设项目施工重新招标控制价|https://prec.sxzwfw.gov.cn/jyxxgczb/1069096.jhtml
山西阳泉矿区七元煤矿项目工业场地窄轨铁路布置工程,山西省本级,暂无,暂无,暂无,暂无,暂无,暂无,暂无,暂无,暂无,暂无,暂无,2026-03-24 16:50,2026-03-24 18:00 至 2026-03-29 18:00,3.1 本次招标要求投标人须具备：矿山工程施工总承包一级及以上或铁路施工总承包三级及以上资质、有效的营业执照、有效的安全生产许可证；五年内未发生重大及以上生产安全事故。截止公告发布之日前一年度所承包煤矿项目未发生较大及以上生产安全事故，近三年来无安全生产严重失信行为，并应提供安全历史业绩承诺书；投标人应具有良好的商业信誉和健全的财务会计制度、依法缴纳税收和社会保障资金的良好记录，并在人员、设备、资金等方面具有相应的施工能力。3.2拟选派项目经理须具备：矿业工程或铁路工程专业一级注册建造师资格，有效的安全生产考核合格证书，提供社保证明（须提供投标截止前6个月内任意一次社会保险缴纳证明）。3.3投标人业绩要求：2023年至今完成过同等规模、类型的承包业绩【以合同、开竣工证明材料复印件为准（时间以开工证明材料为准）】。3.4本项目不接受联合体投标。,https://prec.sxzwfw.gov.cn/jyxxgczb/1061489.jhtml；https://prec.sxzwfw.gov.cn/jyxxgczb/1053101.jhtml；https://prec.sxzwfw.gov.cn/jyxxgczb/1047364.jhtml；https://prec.sxzwfw.gov.cn/jyxxgczb/1043090.jhtml；https://prec.sxzwfw.gov.cn/jyxxgczb/1041587.jhtml,暂无,暂无,暂无,暂无,暂无,https://prec.sxzwfw.gov.cn/jyxxgczb/1069093.jhtml,山西阳泉矿区七元煤矿项目工业场地窄轨铁路布置工程五次招标公告|https://prec.sxzwfw.gov.cn/jyxxgczb/1061489.jhtml；山西阳泉矿区七元煤矿项目工业场地窄轨铁路布置工程四次招标公告|https://prec.sxzwfw.gov.cn/jyxxgczb/1053101.jhtml；山西阳泉矿区七元煤矿项目工业场地窄轨铁路布置工程三次招标公告|https://prec.sxzwfw.gov.cn/jyxxgczb/1047364.jhtml；山西阳泉矿区七元煤矿项目工业场地窄轨铁路布置工程二次招标公告|https://prec.sxzwfw.gov.cn/jyxxgczb/1043090.jhtml；山西阳泉矿区七元煤矿项目工业场地窄轨铁路布置工程招标公告|https://prec.sxzwfw.gov.cn/jyxxgczb/1041587.jhtml；山西阳泉矿区七元煤矿项目工业场地窄轨铁路布置工程五次招标终止公告|https://prec.sxzwfw.gov.cn/jyxxgczb/1069093.jhtml
临汾市乡宁县2026年国土绿化综合治理项目,临汾市,暂无,暂无,暂无,暂无,暂无,暂无,暂无,暂无,暂无,暂无,暂无,2026-05-12 11:05,2026年06月,3.1本次招标要求投标人须具备有效营业执照，并在人员、设备、资金等方面具有相应的施工能力，拟派项目负责人需具备园林绿化或市政相关专业中级及以上职称证。3.2具有良好的商业信誉和健全的财务会计制度；3.3有依法缴纳税收和社会保障资金的良好记录；3.4投标人在“信用中国”中生成的信用信息报告中没有严重失信信息（须提供投标截止时间前七日内的信用报告）；3.5投标人及其法定代表人、项目负责人在“中国裁判文书网”网站中近三年内有行贿犯罪记录的，不得参与本项目的投标；3.6本次招标不接受联合体投标。,https://prec.sxzwfw.gov.cn/jyxxgczb/1068277.jhtml；https://prec.sxzwfw.gov.cn/jyxxzbjh/1053112.jhtml,https://prec.sxzwfw.gov.cn/jyxxgcgz/1069090.jhtml；https://prec.sxzwfw.gov.cn/jyxxgcgz/1069089.jhtml；https://prec.sxzwfw.gov.cn/jyxxgcgz/1069088.jhtml；https://prec.sxzwfw.gov.cn/jyxxgcgz/1069087.jhtml；https://prec.sxzwfw.gov.cn/jyxxgcgz/1069078.jhtml；https://prec.sxzwfw.gov.cn/jyxxgcgz/1069077.jhtml；https://prec.sxzwfw.gov.cn/jyxxgcgz/1069076.jhtml；https://prec.sxzwfw.gov.cn/jyxxgcgz/1069074.jhtml；https://prec.sxzwfw.gov.cn/jyxxgcgz/1069073.jhtml；https://prec.sxzwfw.gov.cn/jyxxgcgz/1069091.jhtml,暂无,暂无,暂无,暂无,暂无,临汾市乡宁县2026年国土绿化综合治理项目(10标段)变更公告|https://prec.sxzwfw.gov.cn/jyxxgcgz/1069090.jhtml；临汾市乡宁县2026年国土绿化综合治理项目(9标段)变更公告|https://prec.sxzwfw.gov.cn/jyxxgcgz/1069089.jhtml；临汾市乡宁县2026年国土绿化综合治理项目(6标段)变更公告|https://prec.sxzwfw.gov.cn/jyxxgcgz/1069088.jhtml；临汾市乡宁县2026年国土绿化综合治理项目(8标段)变更公告|https://prec.sxzwfw.gov.cn/jyxxgcgz/1069087.jhtml；临汾市乡宁县2026年国土绿化综合治理项目（1标段）变更公告|https://prec.sxzwfw.gov.cn/jyxxgcgz/1069078.jhtml；临汾市乡宁县2026年国土绿化综合治理项目（5标段）变更公告|https://prec.sxzwfw.gov.cn/jyxxgcgz/1069077.jhtml；临汾市乡宁县2026年国土绿化综合治理项目（4标段）变更公告|https://prec.sxzwfw.gov.cn/jyxxgcgz/1069076.jhtml；临汾市乡宁县2026年国土绿化综合治理项目（11标段）变更公告|https://prec.sxzwfw.gov.cn/jyxxgcgz/1069074.jhtml；临汾市乡宁县2026年国土绿化综合治理项目（3标段）变更公告|https://prec.sxzwfw.gov.cn/jyxxgcgz/1069073.jhtml；临汾市乡宁县2026年国土绿化综合治理项目招标公告|https://prec.sxzwfw.gov.cn/jyxxgczb/1068277.jhtml；临汾市乡宁县2026年国土绿化综合治理项目|https://prec.sxzwfw.gov.cn/jyxxzbjh/1053112.jhtml；临汾市乡宁县2026年国土绿化综合治理项目（7标段）变更公告|https://prec.sxzwfw.gov.cn/jyxxgcgz/1069091.jhtml
临猗县城区供水管网漏损治理建设项目-21条道路、34个小区和5个城中村,运城市,暂无,暂无,暂无,暂无,暂无,暂无,暂无,暂无,暂无,暂无,暂无,2026-06-04 18:25,2026-06-04 08:36:21,暂无,https://prec.sxzwfw.gov.cn/jyxxgczb/1062128.jhtml,暂无,中化二建集团有限公司、山西二建集团有限公司,https://prec.sxzwfw.gov.cn/jyxxgchxr/1068257.jhtml,中化二建集团有限公司,https://prec.sxzwfw.gov.cn/jyxxgcgs/1069080.jhtml,暂无,临猗县城区供水管网漏损治理建设项目-21条道路、34个小区和5个城中村中标候选人公示|https://prec.sxzwfw.gov.cn/jyxxgchxr/1068257.jhtml；临猗县城区供水管网漏损治理建设项目-21条道路、34个小区和5个城中村招标控制价|https://prec.sxzwfw.gov.cn/jyxxgczb/1063012.jhtml；临猗县城区供水管网漏损治理建设项目-21条道路、34个小区和5个城中村招标公告|https://prec.sxzwfw.gov.cn/jyxxgczb/1062128.jhtml；临猗县城区供水管网漏损治理建设项目-21条道路、34个小区和5个城中村中标结果公示|https://prec.sxzwfw.gov.cn/jyxxgcgs/1069080.jhtml
临猗县城区供水管网漏损治理建设项目-智慧水务,运城市,暂无,暂无,暂无,暂无,暂无,暂无,暂无,暂无,暂无,暂无,暂无,暂无,暂无,暂无,暂无,暂无,北京慧图科技（集团）股份有限公司、宁夏晟博建工有限公司,https://prec.sxzwfw.gov.cn/jyxxgchxr/1068250.jhtml,北京慧图科技（集团）股份有限公司,https://prec.sxzwfw.gov.cn/jyxxgcgs/1069079.jhtml,暂无,临猗县城区供水管网漏损治理建设项目-智慧水务中标候选人公示|https://prec.sxzwfw.gov.cn/jyxxgchxr/1068250.jhtml；临猗县城区供水管网漏损治理建设项目-智慧水务招标控制价|https://prec.sxzwfw.gov.cn/jyxxgczb/1063015.jhtml；临猗县城区供水管网漏损治理建设项目-智慧水务中标结果公示|https://prec.sxzwfw.gov.cn/jyxxgcgs/1069079.jhtml
丁村遗址博物馆建设项目监理,临汾市,暂无,暂无,暂无,暂无,暂无,暂无,暂无,暂无,暂无,暂无,暂无,2026-06-17 14:56:30,暂无,暂无,https://prec.sxzwfw.gov.cn/jyxxgczb/1065757.jhtml,https://prec.sxzwfw.gov.cn/jyxxgcgz/1069075.jhtml,暂无,暂无,暂无,暂无,暂无,丁村遗址博物馆建设项目监理招标公告|https://prec.sxzwfw.gov.cn/jyxxgczb/1065757.jhtml；丁村遗址博物馆建设项目监理变更公告|https://prec.sxzwfw.gov.cn/jyxxgcgz/1069075.jhtml
晋城市老城北片区景德A区块回迁安置楼工程(室外及景观),晋城市,暂无,暂无,暂无,暂无,暂无,暂无,暂无,暂无,暂无,暂无,暂无,2026-06-16 16:35,2026-06-16 17:00 至 2026-06-22 17:00,3.1 本次招标要求投标人须具备 建筑工程施工总承包叁级及以上 资质 ，有效营业执照、安全生产许可证，并在人员、设备、资金等方面具有相应的施工能力，其中，投标人拟派项目经理须具备 建筑工程专业 贰 级注册建造师执业资格，具备有效的安全考核证，且未担任其它在建工程项目的项目经理。3.2 本次招标 不接受 （接受或不接受） 联合体投标。联合体投标的，应满足下列要求： / 。3.3 各投标人均可就本招标项目标段中的 / （具体数量） 个标段投标，但最多允许 中标 / （具体数量） 个标段（适用于分标段的招标项目）。本项目 不允许 联合体投标。,https://prec.sxzwfw.gov.cn/jyxxgczb/1065423.jhtml,https://prec.sxzwfw.gov.cn/jyxxgcgz/1069058.jhtml；https://prec.sxzwfw.gov.cn/jyxxgcgz/1066908.jhtml；https://prec.sxzwfw.gov.cn/jyxxgcgz/1065623.jhtml；https://prec.sxzwfw.gov.cn/jyxxgcgz/1069071.jhtml,暂无,暂无,暂无,暂无,暂无,晋城市老城北片区景德A区块回迁安置楼工程(室外及景观)招标二次澄清公告|https://prec.sxzwfw.gov.cn/jyxxgcgz/1069058.jhtml；晋城市老城北片区景德A区块回迁安置楼工程(室外及景观)招标澄清公告|https://prec.sxzwfw.gov.cn/jyxxgcgz/1066908.jhtml；晋城市老城北片区景德A区块回迁安置楼工程(室外及景观)招标控制价|https://prec.sxzwfw.gov.cn/jyxxgczb/1066788.jhtml；晋城市老城北片区景德A区块回迁安置楼工程(室外及景观)招标变更公告|https://prec.sxzwfw.gov.cn/jyxxgcgz/1065623.jhtml；晋城市老城北片区景德A区块回迁安置楼工程(室外及景观)招标公告|https://prec.sxzwfw.gov.cn/jyxxgczb/1065423.jhtml；晋城市老城北片区景德A区块回迁安置楼工程(室外及景观)招标延期公告|https://prec.sxzwfw.gov.cn/jyxxgcgz/1069071.jhtml
汾河流域城区段8处入河排口整治及规范化建设项目监理二标段,太原市,暂无,暂无,暂无,暂无,暂无,暂无,暂无,暂无,暂无,暂无,暂无,2026-06-29 11:40,2026/06/05,汾河流域城区段8处入河排口整治及规范化建设项目监理二标段：本次招标要求投标人须具备建设行政主管部门颁发的工程监理综合资质或市政公用工程监理乙级及以上资质，有效的营业执照，并在人员、试验检测仪器设备等方面具有相应的监理能力，其中，投标人拟派项目总监须具备市政公用工程专业国家注册监理工程师执业资格；本项目不允许联合体投标。,https://prec.sxzwfw.gov.cn/jyxxgczb/1062394.jhtml；https://prec.sxzwfw.gov.cn/jyxxgchxr/1069067.jhtml,暂无,暂无,暂无,暂无,暂无,暂无,汾河流域城区段8处入河排口整治及规范化建设项目监理二标段招标公告|https://prec.sxzwfw.gov.cn/jyxxgczb/1062394.jhtml；汾河流域城区段8处入河排口整治及规范化建设项目监理二标段|https://prec.sxzwfw.gov.cn/jyxxgchxr/1069067.jhtml
太原市呼延水厂三期工程（一阶段）施工,太原市,暂无,暂无,暂无,暂无,暂无,暂无,暂无,暂无,暂无,暂无,暂无,2026-06-29 11:40,2026年05月15日19时30分至2026年05月21日19时30分,太原市呼延水厂三期工程（一阶段）施工：本次资格预审要求申请人须具备建设行政主管部门颁发的市政公用工程施工总承包壹级及以上资质，有效的营业执照、安全生产许可证，并在人员、设备、资金等方面具有相应的施工能力，其中，申请人拟派项目经理须具备市政公用工程专业一级注册建造师执业资格，具备有效的安全生产考核合格证书，且未担任其他在施建设工程项目的项目经理。本项目不允许联合体投标。,https://prec.sxzwfw.gov.cn/jyxxgchxr/1067523.jhtml；https://prec.sxzwfw.gov.cn/jyxxgczb/1055494.jhtml；https://prec.sxzwfw.gov.cn/jyxxgcgs/1069065.jhtml,暂无,暂无,暂无,暂无,暂无,暂无,太原市呼延水厂三期工程（一阶段）施工|https://prec.sxzwfw.gov.cn/jyxxgchxr/1067523.jhtml；太原市呼延水厂三期工程（一阶段）施工资格预审公告|https://prec.sxzwfw.gov.cn/jyxxgczb/1055494.jhtml；太原市呼延水厂三期工程（一阶段）施工|https://prec.sxzwfw.gov.cn/jyxxgcgs/1069065.jhtml
娄烦县马家庄乡武家梁村龙门里渣区生态修复治理项目施工(二次),太原市,暂无,暂无,暂无,暂无,暂无,暂无,暂无,暂无,暂无,暂无,暂无,2026-06-29 11:40,2026-06-01 18:00:00至2026-06-07 18:00,"1.资质要求：投标人须是在中华人民共和国境内注册，具有独立法人资格；具有有效的企业法人营业执照和企业基本账户开户许可证或基本存款账户信息；投标人须具备行业主管部门颁发的地质灾害防治单位资质证书（施工类）甲级资质，且具有有效的安全生产许可证，并在人员、设备、资金等方面具备相应的施工能力；2.项目经理资格：拟派往本工程的项目经理须具备建筑工程注册一级建造师资格或水工环相关专业(水文地质或工程地质或环境地质)高级及以上职称，且未担任其他在建项目的项目负责人；3.财务要求：投标人提供具有审计资格的第三方出具的2024年度或2025年度审计报告（成立不足一年的公司，需提供基本开户银行出具的资信证明）；4.信誉要求：投标人未在“信用中国”网站中被列入失信被执行人名单和重大税收违法失信主体名单；投标人未在“国家企业信用信息公示系统”中被列入严重违法失信名单（黑名单）；5.其他要求：近半年任意一个月的社保凭证及项目班子人员社保明细表（以社保部门出具的正规社保凭证和参保缴费证明为准，明细表须包括项目经理及项目班子其他成员）,近三个月内任意一次的缴纳税收完税凭证或依法免税的证明材料。6.投标单位负责人为同一人或者存在控股、管理关系的不同单位，不得同时参加该项目投标，若出现此类情况，投标人自行承担其法律后果。7.本次招标不接受联合体投标。",https://prec.sxzwfw.gov.cn/jyxxgchxr/1067257.jhtml；https://prec.sxzwfw.gov.cn/jyxxgczb/1060952.jhtml；https://prec.sxzwfw.gov.cn/jyxxgcgs/1069064.jhtml,暂无,暂无,暂无,暂无,暂无,暂无,娄烦县马家庄乡武家梁村龙门里渣区生态修复治理项目施工(二次)|https://prec.sxzwfw.gov.cn/jyxxgchxr/1067257.jhtml；娄烦县马家庄乡武家梁村龙门里渣区生态修复治理项目施工(二次)招标公告|https://prec.sxzwfw.gov.cn/jyxxgczb/1060952.jhtml；娄烦县马家庄乡武家梁村龙门里渣区生态修复治理项目施工(二次)|https://prec.sxzwfw.gov.cn/jyxxgcgs/1069064.jhtml
长城一号旅游公路东寨至石家庄段沿线提质增效工程（二期）项目总承包（EPC）,忻州市,暂无,暂无,暂无,暂无,暂无,暂无,暂无,暂无,暂无,暂无,暂无,2026-06-22 17:00,2026-06-22 16:44:26,暂无,https://prec.sxzwfw.gov.cn/jyxxgczb/1066795.jhtml,暂无,暂无,暂无,暂无,暂无,https://prec.sxzwfw.gov.cn/jyxxgcyc/1069056.jhtml,长城一号旅游公路东寨至石家庄段沿线提质增效工程（二期）项目总承包（EPC）项目(1标段)招标控制价|https://prec.sxzwfw.gov.cn/jyxxgczb/1066973.jhtml；长城一号旅游公路东寨至石家庄段沿线提质增效工程（二期）项目总承包（EPC）(1标段)招标公告|https://prec.sxzwfw.gov.cn/jyxxgczb/1066795.jhtml；长城一号旅游公路东寨至石家庄段沿线提质增效工程（二期）项目总承包（EPC）终止公告|https://prec.sxzwfw.gov.cn/jyxxgcyc/1069056.jhtml
县道定襄-沙岭子公路安全隐患治理工程项目(1标段),忻州市,暂无,暂无,暂无,暂无,暂无,暂无,暂无,暂无,暂无,暂无,暂无,暂无,暂无,暂无,暂无,暂无,山西路桥第六工程有限公司,https://prec.sxzwfw.gov.cn/jyxxgchxr/1067190.jhtml,山西路桥第六工程有限公司,https://prec.sxzwfw.gov.cn/jyxxgcgs/1069032.jhtml,暂无,县道定襄-沙岭子公路安全隐患治理工程项目(1标段)中标候选人公示|https://prec.sxzwfw.gov.cn/jyxxgchxr/1067190.jhtml；县道定襄-沙岭子公路安全隐患治理工程项目(1标段)中标结果公示|https://prec.sxzwfw.gov.cn/jyxxgcgs/1069032.jhtml
县道定中线张村至王庄段公路改造工程第三标段,晋城市,暂无,暂无,暂无,暂无,暂无,暂无,暂无,暂无,暂无,暂无,暂无,暂无,暂无,暂无,暂无,暂无,山西建筑工程集团有限公司,https://prec.sxzwfw.gov.cn/jyxxgchxr/1067951.jhtml,山西建筑工程集团有限公司,https://prec.sxzwfw.gov.cn/jyxxgcgs/1069031.jhtml,暂无,县道定中线张村至王庄段公路改造工程第三标段中标候选人公示|https://prec.sxzwfw.gov.cn/jyxxgchxr/1067951.jhtml；县道定中线张村至王庄段公路改造工程第三标段中标结果公告|https://prec.sxzwfw.gov.cn/jyxxgcgs/1069031.jhtml
县道定中线张村至王庄段公路改造工程第二标段,晋城市,暂无,暂无,暂无,暂无,暂无,暂无,暂无,暂无,暂无,暂无,暂无,暂无,暂无,暂无,暂无,暂无,山西宏远建设工程有限公司,https://prec.sxzwfw.gov.cn/jyxxgchxr/1067950.jhtml,山西宏远建设工程有限公司,https://prec.sxzwfw.gov.cn/jyxxgcgs/1069030.jhtml,暂无,县道定中线张村至王庄段公路改造工程第二标段中标候选人公示|https://prec.sxzwfw.gov.cn/jyxxgchxr/1067950.jhtml；县道定中线张村至王庄段公路改造工程第二标段中标结果公告|https://prec.sxzwfw.gov.cn/jyxxgcgs/1069030.jhtml
阳泉市桃河公园城区段提升改造工程项目,阳泉市,暂无,暂无,暂无,暂无,暂无,暂无,暂无,暂无,暂无,暂无,暂无,2026-06-29 11:20,2026-06-29 12:00 至 2026-07-04 12:00,本次招标要求投标人须具备市政公用工程施工总承包三级及以上资质，有效营业执照、安全生产许可证。其中，投标人拟派项目经理须具备市政公用工程专业二级及以上建造师注册执业资格，具备有效的安全生产考核合格证书（B本），且未担任其它在建工程项目的项目经理。省外企业须同时具备山西政务平台信息报送要求，方可在本市行政区开展执业活动。本次招标不接受联合体投标，采用失信被执行人否决性惩戒方式。,https://prec.sxzwfw.gov.cn/jyxxzbjh/1068266.jhtml；https://prec.sxzwfw.gov.cn/jyxxzbjh/1066647.jhtml；https://prec.sxzwfw.gov.cn/jyxxgczb/1069029.jhtml,暂无,暂无,暂无,暂无,暂无,暂无,阳泉市桃河公园城区段提升改造工程项目|https://prec.sxzwfw.gov.cn/jyxxzbjh/1068266.jhtml；阳泉市桃河公园城区段提升改造工程项目|https://prec.sxzwfw.gov.cn/jyxxzbjh/1066647.jhtml；阳泉市桃河公园城区段提升改造工程项目施工招标公告|https://prec.sxzwfw.gov.cn/jyxxgczb/1069029.jhtml
县道定中线张村至王庄段公路改造工程第一标段,晋城市,暂无,暂无,暂无,暂无,暂无,暂无,暂无,暂无,暂无,暂无,暂无,暂无,暂无,暂无,暂无,暂无,河南路威路桥工程有限公司,https://prec.sxzwfw.gov.cn/jyxxgchxr/1067947.jhtml,河南路威路桥工程有限公司,https://prec.sxzwfw.gov.cn/jyxxgcgs/1069025.jhtml,暂无,县道定中线张村至王庄段公路改造工程第一标段中标候选人公示|https://prec.sxzwfw.gov.cn/jyxxgchxr/1067947.jhtml；县道定中线张村至王庄段公路改造工程第一标段中标结果公告|https://prec.sxzwfw.gov.cn/jyxxgcgs/1069025.jhtml
太原赵北峰城中村改造项目地块二小学园建工程,山西省本级,暂无,暂无,暂无,暂无,暂无,暂无,暂无,暂无,暂无,暂无,暂无,2026-06-04 11:20,2026-06-04 11:00:00至2026-06-10 11:00:00,"投标人须具有独立企业法人资格,有效的营业执照,具备建设行政主管部门颁发的建筑工程施工总承包叁级及以上资质,并在人员、设备、资金等方面具有相应的施工能力,安全生产许可证需在有效期内。其中投标人拟派项目经理须具备建筑工程专业贰级及以上注册建造师执业资格和有效的安全生产考核合格证(B证),且未担任其他在施建设工程项目的项目经理;投标人信誉良好,在“中国执行信息公开网”(https://zxgk.court.gov.cn)未被列入“失信被执行人”;在国家企业信用信息公示系统(http://www.gsxt.gov.cn/)中未被列入严重违法失信企业名单;与招标人存在利害关系可能影响招标公正性的法人、其他组织或者个人,不得参加投标,单位负责人为同一人或者存在控股、管理关系的不同单位,不得同时参与本项目投标;本项目不接受联合体投标。",https://prec.sxzwfw.gov.cn/jyxxgczb/1061838.jhtml,暂无,山西华恒远建设发展有限公司、山西华投建设集团有限公司、山西国宇龙城建设有限公司,https://prec.sxzwfw.gov.cn/jyxxgchxr/1068111.jhtml,山西华恒远建设发展有限公司,https://prec.sxzwfw.gov.cn/jyxxgcgs/1069024.jhtml,暂无,太原赵北峰城中村改造项目地块二小学园建工程中标候选人公示|https://prec.sxzwfw.gov.cn/jyxxgchxr/1068111.jhtml；太原赵北峰城中村改造项目地块二小学园建工程招标公告|https://prec.sxzwfw.gov.cn/jyxxgczb/1061838.jhtml；太原赵北峰城中村改造项目地块二小学园建工程中标结果公示|https://prec.sxzwfw.gov.cn/jyxxgcgs/1069024.jhtml
岚县经开区防洪护堤综合治理工程施工项目,吕梁市,暂无,暂无,暂无,暂无,暂无,暂无,暂无,暂无,暂无,暂无,暂无,2026-06-16 14:55,暂无,暂无,https://prec.sxzwfw.gov.cn/jyxxgczb/1065329.jhtml,https://prec.sxzwfw.gov.cn/jyxxgcgz/1069022.jhtml,暂无,暂无,暂无,暂无,暂无,岚县经开区防洪护堤综合治理工程施工项目招标控制价|https://prec.sxzwfw.gov.cn/jyxxgczb/1065337.jhtml；岚县经开区防洪护堤综合治理工程施工项目招标公告|https://prec.sxzwfw.gov.cn/jyxxgczb/1065329.jhtml；岚县经开区防洪护堤综合治理工程施工项目招标变更公告|https://prec.sxzwfw.gov.cn/jyxxgcgz/1069022.jhtml
襄垣经开区中瑞瑞恒道路工程施工,长治市,暂无,暂无,暂无,暂无,暂无,暂无,暂无,暂无,暂无,暂无,暂无,2026-06-29 11:05,2026-06-29 10:31:33,暂无,https://prec.sxzwfw.gov.cn/jyxxgczb/1069020.jhtml,暂无,暂无,暂无,暂无,暂无,暂无,襄垣经开区中瑞瑞恒道路工程施工招标公告|https://prec.sxzwfw.gov.cn/jyxxgczb/1069020.jhtml
长治市屯留区“新基建”智慧充电网项目一期工程施工,长治市,暂无,暂无,暂无,暂无,暂无,暂无,暂无,暂无,暂无,暂无,暂无,2026-06-05 16:00,2026-06-05 至 2026-06-26,本次招标要求投标人须具备建设行政主管部门颁发的电力工程施工总承包贰级及以上资质，同时具有国家能源局颁发的承装类、承修类、承试类等级为叁级及以上的承装（修、试）电力设施许可证。有效的营业执照、安全生产许可证，并在人员、设备、资金等方面具有相应的施工能力，其中，投标人拟派项目经理须具备建设行政主管部门颁发的机电工程专业二级及以上注册建造师资格，有效的安全生产考核合格证，且未担任其他在施建设工程项目的项目经理。投标人须提供投标截止时间前近半年内最近一次的缴纳社保凭证及社保明细（项目经理及项目班子其他成员须在社保明细内，退休人员提供退休证明）。投标人须提供投标截止日期前近半年内企业连续三个月缴纳税收的完税凭证。投标人须提供经会计师事务所或审计机构出具的2025年财务审计报告（投标人成立的时间少于规定年份的，应提供成立以来的财务状况表）。提供自招标公告发布之日起至投标截止之日投标人，在经营活动中未被列入失信被执行人名单、重大税收违法失信主体，以“信用中国”网站查询结果为准。提供自招标公告发布之日起至投标截止之日“中国裁判文书网”无行贿犯罪记录的查询结果截图（须查询企业、法定代表人、项目经理）。与招标人存在利害关系可能影响招标公正性的单位，不得参加本项目的投标。单位负责人为同一人或者存在控股、管理关系的不同单位，不得同时参与本项目同一标段的投标，否则相关投标均无效。 本次招标不接受联合体投标。,https://prec.sxzwfw.gov.cn/jyxxgczb/1062387.jhtml,暂无,山西建筑工程集团有限公司、山西日月峰建筑工程有限公司,https://prec.sxzwfw.gov.cn/jyxxgchxr/1069019.jhtml,暂无,暂无,暂无,长治市屯留区“新基建”智慧充电网项目一期工程施工招标控制价|https://prec.sxzwfw.gov.cn/jyxxgczb/1063616.jhtml；长治市屯留区“新基建”智慧充电网项目一期工程施工招标公告|https://prec.sxzwfw.gov.cn/jyxxgczb/1062387.jhtml；长治市屯留区“新基建”智慧充电网项目一期工程施工中标候选人公示|https://prec.sxzwfw.gov.cn/jyxxgchxr/1069019.jhtml
万荣县2024年农村人居环境整治提升项目（二期）,运城市,暂无,暂无,暂无,暂无,暂无,暂无,暂无,暂无,暂无,暂无,暂无,2026-03-19 18:00,2026年04月,暂无,https://prec.sxzwfw.gov.cn/jyxxgczb/1061966.jhtml；https://prec.sxzwfw.gov.cn/jyxxzbjh/1040766.jhtml,暂无,山西垚伟信建设工程有限公司、山西通化建筑安装有限公司、筑龙建设工程有限公司、山西众天建设工程有限公司,https://prec.sxzwfw.gov.cn/jyxxgchxr/1069018.jhtml,暂无,暂无,暂无,万荣县2024年农村人居环境整治提升项目（二期）招标控制价|https://prec.sxzwfw.gov.cn/jyxxgczb/1062881.jhtml；万荣县2024年农村人居环境整治提升项目（二期）招标公告|https://prec.sxzwfw.gov.cn/jyxxgczb/1061966.jhtml；万荣县2024年农村人居环境整治提升项目（二期）|https://prec.sxzwfw.gov.cn/jyxxzbjh/1040766.jhtml；万荣县2024年农村人居环境整治提升项目（二期）中标候选人公示|https://prec.sxzwfw.gov.cn/jyxxgchxr/1069018.jhtml
临猗县城区市政供水基础设施设备更新改造项目,运城市,暂无,暂无,暂无,暂无,暂无,暂无,暂无,暂无,暂无,暂无,暂无,2025-08-13 09:35,暂无,暂无,https://prec.sxzwfw.gov.cn/jyxxgczb/984325.jhtml,https://prec.sxzwfw.gov.cn/jyxxgcgz/984866.jhtml,国策众合（北京）建筑工程设计有限公司、容海川城乡规划设计有限公司,https://prec.sxzwfw.gov.cn/jyxxgchxr/992296.jhtml,山西朝鹿建筑工程有限公司,https://prec.sxzwfw.gov.cn/jyxxgcgs/1069017.jhtml,暂无,临猗县城区市政供水基础设施设备更新改造项目设计中标候选人公示|https://prec.sxzwfw.gov.cn/jyxxgchxr/992296.jhtml；临猗县城区市政供水基础设施设备更新改造项目设计变更公告|https://prec.sxzwfw.gov.cn/jyxxgcgz/984866.jhtml；临猗县城区市政供水基础设施设备更新改造项目设计招标公告|https://prec.sxzwfw.gov.cn/jyxxgczb/984325.jhtml；临猗县城区市政供水基础 设施设备更新改造项目中标结果公示|https://prec.sxzwfw.gov.cn/jyxxgcgs/1069017.jhtml
平陆县县域医共体（中医医院）强基提质工程EPC总承包,运城市,暂无,暂无,暂无,暂无,暂无,暂无,暂无,暂无,暂无,暂无,暂无,2026-04-17 09:05,2026-05-25 08:44:52,暂无,https://prec.sxzwfw.gov.cn/jyxxgczb/1057956.jhtml；https://prec.sxzwfw.gov.cn/jyxxgczb/1046890.jhtml,暂无,山西八建集团有限公司、中健建设有限公司、智诚建科设计有限公司,https://prec.sxzwfw.gov.cn/jyxxgchxr/1067634.jhtml,山西八建集团有限公司、中健建设有限公司,https://prec.sxzwfw.gov.cn/jyxxgcgs/1069016.jhtml,https://prec.sxzwfw.gov.cn/jyxxgcgz/1055830.jhtml,平陆县县域医共体（中医医院）强基提质工程EPC总承包二次中标候选人公示|https://prec.sxzwfw.gov.cn/jyxxgchxr/1067634.jhtml；平陆县县域医共体（中医医院）强基提质工程EPC总承包二次招标公告|https://prec.sxzwfw.gov.cn/jyxxgczb/1057956.jhtml；平陆县县域医共体（中医医院）强基提质工程EPC总承包第一标段终止公告|https://prec.sxzwfw.gov.cn/jyxxgcgz/1055830.jhtml；平陆县县域医共体（中医医院）强基提质工程EPC总承包招标公告|https://prec.sxzwfw.gov.cn/jyxxgczb/1046890.jhtml；平陆县县域医共体（中医医院）强基提质工程EPC总承包二次中标结果公示|https://prec.sxzwfw.gov.cn/jyxxgcgs/1069016.jhtml
保德县2026年农村公路改造工程施工项目(1标段),忻州市,暂无,暂无,暂无,暂无,暂无,暂无,暂无,暂无,暂无,暂无,暂无,暂无,暂无,暂无,暂无,暂无,山西恒业建设集团有限公司,https://prec.sxzwfw.gov.cn/jyxxgchxr/1069015.jhtml,暂无,暂无,暂无,保德县2026年农村公路改造工程施工项目(1标段)中标候选人公示|https://prec.sxzwfw.gov.cn/jyxxgchxr/1069015.jhtml
国道336线山西河曲也头至陕西府谷冯家会（黄河桥头）段新建工程勘察设计审查咨询及安全性评价服务项目(1标段),忻州市,暂无,暂无,暂无,暂无,暂无,暂无,暂无,暂无,暂无,暂无,暂无,暂无,暂无,暂无,暂无,暂无,湖北省交通规划设计院股份有限公司、 中交第二公路勘察设计研究院有限公司、 河南省中工设计研究院集团股份有限公司,https://prec.sxzwfw.gov.cn/jyxxgchxr/1067078.jhtml,湖北省交通规划设计院股份有限公司,https://prec.sxzwfw.gov.cn/jyxxgcgs/1069014.jhtml,暂无,国道336线山西河曲也头至陕西府谷冯家会（黄河桥头）段新建工程勘察设计审查咨询及安全性评价服务项目(1标段)中标候选人公示|https://prec.sxzwfw.gov.cn/jyxxgchxr/1067078.jhtml；国道336线山西河曲也头至陕西府谷冯家会（黄河桥头）段新建工程勘察设计审查咨询及安全性评价服务项目(1标段)中标结果公示|https://prec.sxzwfw.gov.cn/jyxxgcgs/1069014.jhtml
山西半联晟新能源科技有限公司200MW800MWh独立储能项目,运城市,暂无,暂无,暂无,暂无,暂无,暂无,暂无,暂无,暂无,暂无,暂无,2026-06-29 11:00,2026年07月,暂无,https://prec.sxzwfw.gov.cn/jyxxzbjh/1069013.jhtml,暂无,暂无,暂无,暂无,暂无,暂无,山西半联晟新能源科技有限公司200MW800MWh独立储能项目|https://prec.sxzwfw.gov.cn/jyxxzbjh/1069013.jhtml
襄垣县新建街（太行路-滨河西路）市政设施更新改造工程施工项目,长治市,暂无,暂无,暂无,暂无,暂无,暂无,暂无,暂无,暂无,暂无,暂无,2026-05-29 11:00,2026 年 05 月 29 日至 2026 年 06 月 22 日,本次招标要求投标人须具备建设行政主管部门颁发的市政公用工程施工总承包壹级资质或施工综合资质，有效的营业执照、安全生产许可证，并在人员、设备、资金等方面具有相应的施工能力；其中，投标人拟派项目经理须为本单位在职注册的市政公用工程专业一级及其以上注册建造师执业资格，具有有效的安全生产考核合格证，且未担任其他在建建设工程项目的项目经理；财务要求：投标人须提供经会计师事务所或审计机构出具的2025年度完整的财务审计报告（新成立公司不足一年的，可提供资产负债表、现金流量表、利润表）；信誉要求：投标人需提供自招标公告发布之日起至投标文件递交截止时间前中国裁判文书网无行贿犯罪记录网页截图；未被列入“信用中国”网站失信被执行人、重大税收违法失信主体的网页截图；在国家企业信用信息公示系统中未被列入“严重违法失信名单（黑名单）”信息；其他要求：企业任意连续三个月缴纳社保证明，连续三个月缴纳税收完税证明；与招标人存在利害关系可能影响招标公正性的法人、其他组织或者个人不得参加投标；资格后审，不接受联合体投标。,https://prec.sxzwfw.gov.cn/jyxxgczb/1060270.jhtml,暂无,山西二建集团有限公司、山西四建集团有限公司、中临建设集团股份有限公司,https://prec.sxzwfw.gov.cn/jyxxgchxr/1067206.jhtml,山西二建集团有限公司,https://prec.sxzwfw.gov.cn/jyxxgcgs/1069010.jhtml,暂无,襄垣县新建街（太行路-滨河西路）市政设施更新改造工程施工项目中标候选人公示|https://prec.sxzwfw.gov.cn/jyxxgchxr/1067206.jhtml；襄垣县新建街（太行路-滨河西路）市政设施更新改造工程施工项目招标公告|https://prec.sxzwfw.gov.cn/jyxxgczb/1060270.jhtml；襄垣县新建街（太行路-滨河西路）市政设施更新改造工程施工项目中标结果公示|https://prec.sxzwfw.gov.cn/jyxxgcgs/1069010.jhtml
长治市滨湖区九年一贯制学校新建项目勘察,长治市,暂无,暂无,暂无,暂无,暂无,暂无,暂无,暂无,暂无,暂无,暂无,2026-06-29 11:00,2026年6月29日起至2026年7月20日,1、投标人须具有独立法人资格，具有有效的营业执照；具备建设行政主管部门颁发的工程勘察综合资质甲级或工程勘察专业类 (岩土工程(勘察)）甲级及以上资质，并在人员、设备、资金等方面具有相应的勘察能力，拟任勘察项目负责人须具备国家级注册岩土工程师执业资格。2、财务要求：投标人须提供具有审计资格的第三方出具的2025年度财务审计报告(新成立公司不足一年的，可提供资产负债表、现金流量表、利润表)。3、企业近半年任意一个月纳税凭证（增值税或企业所得税）和社保缴纳凭证及社保明细或个人社保证明（包含项目负责人及其他成员）。4、投标人须提供自招标公告发布之日起至投标文件递交截止时间前未被列入“信用中国”网站失信被执行人、重大税收违法失信主体网页截图；5、投标人须提供自招标公告发布之日起至投标文件递交截止时间前在“中国裁判文书网”自行查询的无行贿犯罪查询结果告知截图(查询企业、法定代表人、项目负责人）。6、与招标人存在利害关系可能影响招标公正性的法人、其他组织或者个人，不得参加投标。单位负责人为同一人或者存在控股、管理关系的不同单位，不得参加同一标段投标或者未划分标段的同一招标项目投标。7、本次招标不接受联合体投标。8、资格审查方式：本次招标采用资格后审。,https://prec.sxzwfw.gov.cn/jyxxgczb/1069009.jhtml,暂无,暂无,暂无,暂无,暂无,暂无,长治市滨湖区九年一贯制学校新建项目勘察招标公告|https://prec.sxzwfw.gov.cn/jyxxgczb/1069009.jhtml
晋中市太谷区农村安全饮水巩固提升工程勘察设计,晋中市,暂无,暂无,暂无,暂无,暂无,暂无,暂无,暂无,暂无,暂无,暂无,2026-05-28 15:45,2026-05-28 15:33:35,暂无,https://prec.sxzwfw.gov.cn/jyxxgczb/1060057.jhtml,https://prec.sxzwfw.gov.cn/jyxxgchxr/1069008.jhtml,淮安市水利勘测设计研究院有限公司、山西中州源建设有限公司、山西汇泽源水利工程咨询有限公司,https://prec.sxzwfw.gov.cn/jyxxgchxr/1068657.jhtml,暂无,暂无,暂无,晋中市太谷区农村安全饮水巩固提升工程勘察设计中标候选人公示|https://prec.sxzwfw.gov.cn/jyxxgchxr/1068657.jhtml；晋中市太谷区农村安全饮水巩固提升工程勘察设计招标公告|https://prec.sxzwfw.gov.cn/jyxxgczb/1060057.jhtml；晋中市太谷区农村安全饮水巩固提升工程勘察设计中标候选人公示更正|https://prec.sxzwfw.gov.cn/jyxxgchxr/1069008.jhtml
吉县城区道路雨污分流管网改造工程设计,临汾市,暂无,暂无,暂无,暂无,暂无,暂无,暂无,暂无,暂无,暂无,暂无,2026-06-29 10:55,2026-06-29 10:37:07,暂无,https://prec.sxzwfw.gov.cn/jyxxgczb/1068549.jhtml；https://prec.sxzwfw.gov.cn/jyxxgcgz/1069005.jhtml,暂无,暂无,暂无,暂无,暂无,暂无,吉县城区道路雨污分流管网改造工程设计招标公告|https://prec.sxzwfw.gov.cn/jyxxgczb/1068549.jhtml；吉县城区道路雨污分流管网改造工程设计招标公告澄清公告|https://prec.sxzwfw.gov.cn/jyxxgcgz/1069005.jhtml
山阴兰花口前煤业有限公司11号煤层开采项目回风立井工程,山西省本级,暂无,暂无,暂无,暂无,暂无,暂无,暂无,暂无,暂无,暂无,暂无,2026-06-04 10:20,2026-06-04 10:00:44,暂无,https://prec.sxzwfw.gov.cn/jyxxgczb/1061799.jhtml,暂无,浙江中宇实业发展有限公司、安徽中掘建设工程有限公司,https://prec.sxzwfw.gov.cn/jyxxgchxr/1068199.jhtml,浙江中宇实业发展有限公司,https://prec.sxzwfw.gov.cn/jyxxgcgs/1069003.jhtml,暂无,山西朔州山阴兰花口前煤业有限公司11号煤层开采项目回风立井工程中标候选人公示|https://prec.sxzwfw.gov.cn/jyxxgchxr/1068199.jhtml；山西朔州山阴兰花口前煤业有限公司11号煤层开采项目回风立井工程招标公告|https://prec.sxzwfw.gov.cn/jyxxgczb/1061799.jhtml；山西朔州山阴兰花口前煤业有限公司11号煤层开采项目回风立井工程中标结果公示|https://prec.sxzwfw.gov.cn/jyxxgcgs/1069003.jhtml
2026年背街小巷地下管网更新改造项目施工,山西省本级,暂无,暂无,暂无,暂无,暂无,暂无,暂无,暂无,暂无,暂无,暂无,2026-06-02 16:20,2026-06-02 16:12:05,暂无,https://prec.sxzwfw.gov.cn/jyxxgczb/1061262.jhtml,暂无,山西长广路桥建设有限公司、山西博之雅建筑工程有限公司,https://prec.sxzwfw.gov.cn/jyxxgchxr/1068084.jhtml,山西长广路桥建设有限公司,https://prec.sxzwfw.gov.cn/jyxxgcgs/1069002.jhtml,暂无,2026年背街小巷地下管网更新改造项目施工中标候选人公示|https://prec.sxzwfw.gov.cn/jyxxgchxr/1068084.jhtml；2026年背街小巷地下管网更新改造项目施工招标公告|https://prec.sxzwfw.gov.cn/jyxxgczb/1061262.jhtml；2026年背街小巷地下管网更新改造项目施工中标结果公示|https://prec.sxzwfw.gov.cn/jyxxgcgs/1069002.jhtml
晋城市西北普通高中学校建设项目工程监理,晋城市,暂无,暂无,暂无,暂无,暂无,暂无,暂无,暂无,暂无,暂无,暂无,2026-05-29 20:55,2026-05-29 21:00 至 2026-06-03 21:00,投标人须同时具备自然资源部门颁发的地质灾害治理监理甲级资质和建设行政主管部门颁发的房屋建筑工程监理乙级及以上资质或工程监理综合资质，有效的营业执照，并在人员、设备、资金等方面具有相应的监理能力，其中，投标人拟派项目总监须具备房屋建筑工程专业国家级注册监理工程师（且在本单位注册），拟任总监理工程师不得同时担任3项及以上在建工程（包括本项目）。投标人未被“信用中国”网站列入失信被执行人名单，未被“国家企业信用信息公示系统”列入严重违法失信企业名单；投标人应具有良好的商业信誉，没有处于被责令停产、财产被冻结、接管、破产状态，且财务状况良好；投标人如为山西省省外企业须登录山西政务服务平台办理省外建设工程企业入晋信息登记，并提供信息查询页；投标人法定代表人或负责人为同一人或存在控股、管理关系的不同单位，不得同时参加本招标项目的投标。本次招标不接受联合体投标，不允许联合体投标。,https://prec.sxzwfw.gov.cn/jyxxgczb/1060508.jhtml,https://prec.sxzwfw.gov.cn/jyxxgcgz/1060766.jhtml,暂无,暂无,山西神剑项目管理有限公司,https://prec.sxzwfw.gov.cn/jyxxgcgs/1069001.jhtml,暂无,晋城市西北普通高中学校建设项目工程监理招标变更公告|https://prec.sxzwfw.gov.cn/jyxxgcgz/1060766.jhtml；晋城市西北普通高中学校建设项目工程监理招标公告|https://prec.sxzwfw.gov.cn/jyxxgczb/1060508.jhtml；晋城市西北普通高中学校建设项目工程监理中标结果公告|https://prec.sxzwfw.gov.cn/jyxxgcgs/1069001.jhtml
盐湖区城乡一体化供水保障项目,运城市,暂无,暂无,暂无,暂无,暂无,暂无,暂无,暂无,暂无,暂无,暂无,2026-06-29 10:50,2026年07月,暂无,https://prec.sxzwfw.gov.cn/jyxxgczb/1016215.jhtml；https://prec.sxzwfw.gov.cn/jyxxzbjh/1003739.jhtml；https://prec.sxzwfw.gov.cn/jyxxzbjh/1069000.jhtml,https://prec.sxzwfw.gov.cn/jyxxgcgz/1021246.jhtml；https://prec.sxzwfw.gov.cn/jyxxgcgz/1020632.jhtml,暂无,暂无,山西中景工程勘察设计有限公司、运城市水利勘测设计研究院有限公司,https://prec.sxzwfw.gov.cn/jyxxgcgs/1027342.jhtml,暂无,盐湖区城乡一体化供水保障项目勘察、设计中标结果公示|https://prec.sxzwfw.gov.cn/jyxxgcgs/1027342.jhtml；盐湖区城乡一体化供水保障项目勘察、设计二次变更公告|https://prec.sxzwfw.gov.cn/jyxxgcgz/1021246.jhtml；盐湖区城乡一体化供水保障项目勘察、设计变更公告|https://prec.sxzwfw.gov.cn/jyxxgcgz/1020632.jhtml；盐湖区城乡一体化供水保障项目勘察、设计招标控制价|https://prec.sxzwfw.gov.cn/jyxxgczb/1018721.jhtml；盐湖区城乡一体化供水保障项目勘察、设计招标公告|https://prec.sxzwfw.gov.cn/jyxxgczb/1016215.jhtml；盐湖区城乡一体化供水保障项目|https://prec.sxzwfw.gov.cn/jyxxzbjh/1003739.jhtml；盐湖区城乡一体化供水保障项目|https://prec.sxzwfw.gov.cn/jyxxzbjh/1069000.jhtml
应县大同路基础设施更新改造工程施工项目(1标段),朔州市,暂无,暂无,暂无,暂无,暂无,暂无,暂无,暂无,暂无,暂无,暂无,暂无,暂无,暂无,暂无,暂无,暂无,暂无,山西六建集团有限公司,https://prec.sxzwfw.gov.cn/jyxxgcgs/1068998.jhtml,暂无,应县大同路基础设施更新改造工程施工项目(1标段)中标结果公示|https://prec.sxzwfw.gov.cn/jyxxgcgs/1068998.jhtml
晋城一中改扩建（北校区）1#、2#、3#宿舍楼建设项目工程监理,晋城市,暂无,暂无,暂无,暂无,暂无,暂无,暂无,暂无,暂无,暂无,暂无,2026-05-29 21:00,2026-05-29 21:00 至 2026-06-03 21:00,投标人须具备建设行政主管部门颁发的房屋建筑工程监理甲级资质或工程监理综合资质，有效的营业执照，并在人员、设备、资金等方面具有相应的监理能力，其中，投标人拟派项目总监须具备房屋建筑工程专业国家级注册监理工程师（且在本单位注册），拟任总监理工程师不得同时担任3项及以上在建工程（包括本项目）。投标人未被“信用中国”网站列入失信被执行人名单，未被“国家企业信用信息公示系统”列入严重违法失信企业名单；投标人应具有良好的商业信誉，没有处于被责令停产、财产被冻结、接管、破产状态，且财务状况良好；投标人如为山西省省外企业须登录山西政务平台办理省外建设工程企业入晋信息登记，并提供信息查询页；法定代表人或负责人为同一人或存在控股、管理关系的不同单位，不得同时参加本招标项目投标。,https://prec.sxzwfw.gov.cn/jyxxgczb/1060509.jhtml,暂无,甘肃中建市政工程项目管理咨询有限公司、山西光博建设管理咨询有限公司,https://prec.sxzwfw.gov.cn/jyxxgchxr/1067762.jhtml,甘肃中建市政工程项目管理咨询有限公司,https://prec.sxzwfw.gov.cn/jyxxgcgs/1068990.jhtml,暂无,晋城一中改扩建（北校区）1#、2#、3#宿舍楼建设项目工程监理中标候选人公示|https://prec.sxzwfw.gov.cn/jyxxgchxr/1067762.jhtml；晋城一中改扩建（北校区）1#、2#、3#宿舍楼建设项目工程监理招标公告|https://prec.sxzwfw.gov.cn/jyxxgczb/1060509.jhtml；晋城一中改扩建（北校区）1#、2#、3#宿舍楼建设项目工程监理中标结果公告|https://prec.sxzwfw.gov.cn/jyxxgcgs/1068990.jhtml
晋城市中原片区道路工程施工,晋城市,暂无,暂无,暂无,暂无,暂无,暂无,暂无,暂无,暂无,暂无,暂无,2026-05-22 16:30,2026-05-22 16:30 至 2026-05-27 16:30,本次招标要求投标人须具备市政公用工程施工总承包叁级及以上资质，有效营业执照、安全生产许可证，并在人员、设备、资金等方面具有相应的施工能力；其中，投标人拟派项目经理须具备市政公用工程专业贰级注册建造师执业资格，具备有效的安全考核证，且未担任其它在建工程项目的项目经理。本项目不允许联合体投标。,https://prec.sxzwfw.gov.cn/jyxxgczb/1060118.jhtml；https://prec.sxzwfw.gov.cn/jyxxgczb/1057467.jhtml,https://prec.sxzwfw.gov.cn/jyxxgczb/1062958.jhtml；https://prec.sxzwfw.gov.cn/jyxxgcgz/1062941.jhtml；https://prec.sxzwfw.gov.cn/jyxxgcgz/1060264.jhtml；https://prec.sxzwfw.gov.cn/jyxxgcgz/1057480.jhtml,晋城市市政工程有限公司、岭盛建设集团有限公司,https://prec.sxzwfw.gov.cn/jyxxgchxr/1068116.jhtml,晋城市市政工程有限公司,https://prec.sxzwfw.gov.cn/jyxxgcgs/1068978.jhtml,暂无,晋城市中原片区道路工程施工中标候选人公示|https://prec.sxzwfw.gov.cn/jyxxgchxr/1068116.jhtml；晋城市中原片区道路工程施工招标控制价变更|https://prec.sxzwfw.gov.cn/jyxxgczb/1062958.jhtml；晋城市中原片区道路工程施工招标二次延期公告|https://prec.sxzwfw.gov.cn/jyxxgcgz/1062941.jhtml；晋城市中原片区道路工程施工招标延期公告|https://prec.sxzwfw.gov.cn/jyxxgcgz/1060264.jhtml；晋城市中原片区道路工程施工招标控制价|https://prec.sxzwfw.gov.cn/jyxxgczb/1060118.jhtml；晋城市中原片区道路工程施工招标变更公告|https://prec.sxzwfw.gov.cn/jyxxgcgz/1057480.jhtml；晋城市中原片区道路工程施工招标公告|https://prec.sxzwfw.gov.cn/jyxxgczb/1057467.jhtml；晋城市中原片区道路工程施工中标结果公告|https://prec.sxzwfw.gov.cn/jyxxgcgs/1068978.jhtml
中阳县城区段雨污分流及道路提升改造工程项目 （二期）施工二次,吕梁市,暂无,暂无,暂无,暂无,暂无,暂无,暂无,暂无,暂无,暂无,暂无,2026-06-29 10:25,2026-06-29 17:00至2026-07-21 10:00,本次招标要求投标人具备建设行政主管部门颁发的市政公用工程施工总承包二级及以上资质，有效的营业执照，并在人员、设备、资金等方面具有相应的施工能力。投标人拟派项目经理须具备市政公用工程专业一级注册建造师执业资格，具备有效的安全生产考核证，且未担任其它在施建设工程项目的项目经理；单位负责人为同一人或者存在控股、管理关系的不同单位，不得同时对本项目提出投标申请，否则投标无效；投标人、法定代表人和拟派项目经理近三年内无行贿犯罪记录；投标人未被列入失信被执行人名单；本次招标不接受联合体投标。,https://prec.sxzwfw.gov.cn/jyxxgczb/1068973.jhtml,暂无,暂无,暂无,暂无,暂无,暂无,中阳县城区段雨污分流及道路提升改造工程项目 （二期）施工二次招标控制价|https://prec.sxzwfw.gov.cn/jyxxgczb/1068972.jhtml；中阳县城区段雨污分流及道路提升改造工程项目 （二期）施工二次招标公告|https://prec.sxzwfw.gov.cn/jyxxgczb/1068973.jhtml
静乐县龙家庄-北小店道路路面改造工程施工项目(1标段),忻州市,暂无,暂无,暂无,暂无,暂无,暂无,暂无,暂无,暂无,暂无,暂无,暂无,暂无,暂无,暂无,暂无,山西中建安邦建设工程有限公司、山西恒源路桥建设有限公司、山西杰兴源建设集团有限公司,https://prec.sxzwfw.gov.cn/jyxxgchxr/1068088.jhtml,山西中建安邦建设工程有限公司,https://prec.sxzwfw.gov.cn/jyxxgcgs/1068970.jhtml,暂无,静乐县龙家庄-北小店道路路面改造工程施工项目(1标段)中标候选人公示|https://prec.sxzwfw.gov.cn/jyxxgchxr/1068088.jhtml；静乐县龙家庄-北小店道路路面改造工程施工项目(1标段)中标结果公示|https://prec.sxzwfw.gov.cn/jyxxgcgs/1068970.jhtml
交城县人民法院审判法庭建设项目施工,吕梁市,暂无,暂无,暂无,暂无,暂无,暂无,暂无,暂无,暂无,暂无,暂无,2026-06-29 10:20,2026-06-29 17:00至2026-07-21 10:00,本次招标要求投标人须具备建筑工程施工总承包二级或以上资质，有效的营业执照，并在人员、设备、资金等方面具有相应的施工能力，其中：投标人拟派项目经理须具备建筑工程专业二级或以上注册建造师执业资格，具备有效的安全生产考核证，且未担任其它在施建设工程项目的项目经理；单位负责人为同一人或者存在控股、管理关系的不同单位，不得同时对本项目提出投标申请，否则投标无效；投标人、法定代表人和拟派项目经理近三年内无行贿犯罪记录（以中国裁判文书网查询结果为准）；投标人未列入全国建筑市场监管公共服务平台或者本省建筑市场监管公共服务平台建筑市场主体“黑名单”，未列入“国家企业信用信息公示系统”严重违法失信企业名单，未列入“信用中国”网站失信被执行人名单；单位负责人为同一人或者存在控股、管理关系的不同单位，不得参加同一标段投标或未划分标段的同一招标项目投标；本次招标不接受联合体投标。,https://prec.sxzwfw.gov.cn/jyxxgczb/1060868.jhtml；https://prec.sxzwfw.gov.cn/jyxxgczb/1068968.jhtml,https://prec.sxzwfw.gov.cn/jyxxgcgz/1062684.jhtml；https://prec.sxzwfw.gov.cn/jyxxgcgz/1062425.jhtml；https://prec.sxzwfw.gov.cn/jyxxgcgz/1061565.jhtml,暂无,暂无,暂无,暂无,https://prec.sxzwfw.gov.cn/jyxxgcyc/1066202.jhtml,交城县人民法院审判法庭建设项目施工招标控制价|https://prec.sxzwfw.gov.cn/jyxxgczb/1068965.jhtml；交城县人民法院审判法庭建设项目施工招标撤销公告|https://prec.sxzwfw.gov.cn/jyxxgcyc/1066202.jhtml；交城县人民法院审判法庭建设项目施工三次招标澄清答疑|https://prec.sxzwfw.gov.cn/jyxxgcgz/1062684.jhtml；交城县人民法院审判法庭建设项目施工二次招标澄清答疑|https://prec.sxzwfw.gov.cn/jyxxgcgz/1062425.jhtml；交城县人民法院审判法庭建设项目施工招标澄清答疑|https://prec.sxzwfw.gov.cn/jyxxgcgz/1061565.jhtml；交城县人民法院审判法庭建设项目施工招标控制价|https://prec.sxzwfw.gov.cn/jyxxgczb/1060886.jhtml；交城县人民法院审判法庭建设项目施工招标公告|https://prec.sxzwfw.gov.cn/jyxxgczb/1060868.jhtml；交城县人民法院审判法庭建设项目施工招标公告|https://prec.sxzwfw.gov.cn/jyxxgczb/1068968.jhtml
交城县人民法院审判法庭建设项目监理,吕梁市,暂无,暂无,暂无,暂无,暂无,暂无,暂无,暂无,暂无,暂无,暂无,2026-06-29 10:20,2026-06-29 10:19:34,本次招标要求投标人须具备建设行政主管部门颁发的工程监理综合资质或房屋建筑工程监理乙级及以上资质，有效的营业执照，并在人员、设备、资金等方面具有相应的能力，其中：投标人拟派总监理工程师应具有房屋建筑工程专业注册监理工程师（国家级）资格；单位负责人为同一人或存在控股、管理关系的不同单位不得同时参加本项目的投标；投标人、法定代表人和拟派项目总监理工程师近三年内无行贿犯罪记录；投标人未被列入失信被执行人名单；本次招标不接受联合体投标。,https://prec.sxzwfw.gov.cn/jyxxgczb/1068963.jhtml；https://prec.sxzwfw.gov.cn/jyxxgczb/1068962.jhtml,暂无,暂无,暂无,暂无,暂无,暂无,交城县人民法院审判法庭建设项目监理招标公告|https://prec.sxzwfw.gov.cn/jyxxgczb/1068963.jhtml；交城县人民法院审判法庭建设项目监理招标控制价|https://prec.sxzwfw.gov.cn/jyxxgczb/1068962.jhtml
山西师范大学教师教育实训中心建设项目设计,晋中市,暂无,暂无,暂无,暂无,暂无,暂无,暂无,暂无,暂无,暂无,暂无,2026-05-28 17:35,2026-05-28 19:00至2026-06-04 19:00,投标人须具有独立法人资格、具备建设行政主管部门颁发的资质要求：（1）设计资质要求：工程设计综合资质或工程设计建筑行业（建筑工程）甲级资质；（2）基坑支护专项设计须具备工程勘察专业类(岩土工程设计)甲级资质或工程勘察综合甲级资质；或同时具备工程设计建筑行业(建筑工程)甲级资质和工程勘察专业类(岩土工程勘察)甲级资质，有效的营业执照，并在人员、设备、资金等方面具有相应的设计能力；其中，投标人拟派项目负责人须具备一级注册建筑师执业资格（须为本单位注册人员）；基坑专项设计技术负责人具备注册土木工程师（岩土）或一级注册结构工程师执业资格。投标人不得与招标人存在利害关系可能影响招标公正性的法人、其他组织或个人，不得参加投标；单位负责人为同一人或者存在控股、管理关系的不同单位，不得参加同一标段或者未划分标段的同一招标项目的投标。投标人未被列入全国建筑市场监管公共服务平台建筑市场主体“黑名单”；未被列入“国家企业信用信息公示系统”严重违法失信企业名单；未被列入“信用中国”或“中国执行信息公开网”网站失信被执行人名单；无行贿犯罪记录（在中国裁判文书网查询，内容包括投标人及其法定代表人、项目负责人）。本项目不允许联合体投标。,https://prec.sxzwfw.gov.cn/jyxxgczb/1061336.jhtml；https://prec.sxzwfw.gov.cn/jyxxgczb/1060126.jhtml,暂无,太原市建筑设计研究院、山西省建筑设计研究院有限公司、赛鼎工程有限公司,https://prec.sxzwfw.gov.cn/jyxxgchxr/1067542.jhtml,001山西师范大学教师教育实训中心建设项目设计,https://prec.sxzwfw.gov.cn/jyxxgcgs/1068961.jhtml,暂无,山西师范大学教师教育实训中心建设项目设计中标候选人公示|https://prec.sxzwfw.gov.cn/jyxxgchxr/1067542.jhtml；山西师范大学教师教育实训中心建设项目设计招标控制价|https://prec.sxzwfw.gov.cn/jyxxgczb/1061336.jhtml；山西师范大学教师教育实训中心建设项目设计招标公告|https://prec.sxzwfw.gov.cn/jyxxgczb/1060126.jhtml；山西师范大学教师教育实训中心建设项目设计中标结果公示|https://prec.sxzwfw.gov.cn/jyxxgcgs/1068961.jhtml
泽州县丹溪片区集中供热建设项目（EPC）总承包,晋城市,暂无,暂无,暂无,暂无,暂无,暂无,暂无,暂无,暂无,暂无,暂无,2026-05-25 18:15,2026-05-25 18:10:03,暂无,https://prec.sxzwfw.gov.cn/jyxxgczb/1058605.jhtml,暂无,山西八建集团有限公司、中庚工程技术有限公司、山西佰亿达建筑工程有限公司、长春建工勘测规划设计有限公司,https://prec.sxzwfw.gov.cn/jyxxgchxr/1068960.jhtml,暂无,暂无,暂无,泽州县丹溪片区集中供热建设项目（EPC）总承包招标公告|https://prec.sxzwfw.gov.cn/jyxxgczb/1058605.jhtml；泽州县丹溪片区集中供热建设项目（EPC）总承包中标候选人公示|https://prec.sxzwfw.gov.cn/jyxxgchxr/1068960.jhtml
左云县城自来水改造项目施工流标公告,大同市,暂无,暂无,暂无,暂无,暂无,暂无,暂无,暂无,暂无,暂无,暂无,暂无,暂无,暂无,暂无,暂无,暂无,暂无,暂无,暂无,https://prec.sxzwfw.gov.cn/jyxxgcyc/1068959.jhtml,左云县城自来水改造项目施工流标公告|https://prec.sxzwfw.gov.cn/jyxxgcyc/1068959.jhtml
晋城一中改扩建（北校区）4#宿舍楼和学生餐厅建设项目工程监理,晋城市,暂无,暂无,暂无,暂无,暂无,暂无,暂无,暂无,暂无,暂无,暂无,2026-05-29 19:10,2026-05-29 19:00 至 2026-06-03 19:00,投标人须具备建设行政主管部门颁发的房屋建筑工程监理乙级及以上资质或工程监理综合资质，有效的营业执照，并在人员、设备、资金等方面具有相应的监理能力，其中，投标人拟派项目总监须具备房屋建筑工程专业国家级注册监理工程师（且在本单位注册），拟任总监理工程师不得同时担任3项及以上在建工程（包括本项目）。投标人未被“信用中国”网站列入失信被执行人名单，未被“国家企业信用信息公示系统”列入严重违法失信企业名单。投标人应具有良好的商业信誉，没有处于被责令停产、财产被冻结、接管、破产状态，且财务状况良好。投标人如为山西省省外企业须登录山西政务服务平台办理省外建设工程企业入晋信息登记，并提供信息查询页。法定代表人或负责人为同一人或存在控股、管理关系的不同单位，不得同时参加本招标项目投标。本次招标不接受联合体投标，不允许联合体投标。,https://prec.sxzwfw.gov.cn/jyxxgczb/1060490.jhtml,暂无,山西筠建工程咨询有限公司、晋城国投正德项目管理有限公司,https://prec.sxzwfw.gov.cn/jyxxgchxr/1067550.jhtml,山西筠建工程咨询有限公司,https://prec.sxzwfw.gov.cn/jyxxgcgs/1068956.jhtml,暂无,晋城一中改扩建（北校区）4#宿舍楼和学生餐厅建设项目工程监理中标候选人公示|https://prec.sxzwfw.gov.cn/jyxxgchxr/1067550.jhtml；晋城一中改扩建（北校区）4#宿舍楼和学生餐厅建设项目工程监理招标公告|https://prec.sxzwfw.gov.cn/jyxxgczb/1060490.jhtml；晋城一中改扩建（北校区）4#宿舍楼和学生餐厅建设项目工程监理中标结果公告|https://prec.sxzwfw.gov.cn/jyxxgcgs/1068956.jhtml
朔州市平鲁区城区胜利路北延工程,朔州市,暂无,暂无,暂无,暂无,暂无,暂无,暂无,暂无,暂无,暂无,暂无,2026-06-29 10:10,2026年07月,001第一标段：项目勘察要求投标人须具备国家主管部门颁发的工程勘察（岩土工程）专业甲级及以上资质。在中华人民共和国境内注册登记，具备独立法人资格，有效的营业执照并在人员、设备、资金等方面具有相应的勘察能力。其中，投标人拟派项目负责人须具备注册岩土工程师执业资格。002第二标段：项目设计要求投标人须具备国家主管部门颁发的市政行业（道路工程、排水工程、城市隧道工程）专业甲级及以上资质。在中华人民共和国境内注册登记，具备独立法人资格，有效的营业执照并在人员、设备、资金等方面具有相应的设计能力。其中，投标人拟派项目负责人须具备相关专业高级技术职称资格。003第三标段：项目监理要求投标人须具备市政公用工程监理甲级及以上资质。在中华人民共和国境内注册登记，具备独立法人资格，有效的营业执照并在人员、设备、资金等方面具有相应的监理服务能力。其中，拟派项目总监为市政工程专业国家级注册监理工程师执业资格。3.1第一标段：投标人近5年至少完成同类业绩企业一项、项目负责人一项（中标通知书和（或）合同）。第二标段：投标人近5年至少完成同类业绩企业一项、项目负责人一项（中标通知书和（或）合同）。第三标段：投标人近5年至少完成同类业绩企业一项、项目总监一项（须同时具备中标通知书、合同和竣工验收）。3.2在参加本次招标活动的前三年内，在经营活动中没有重大违法记录且未被人民法院列入失信被执行人名单，以“中国裁判文书网”和“信用中国”（www.creditchina.gov.cn）查询结果为准。3.3单位负责人为同一人或者存在控股、管理关系的不同单位，不得参加同一标段或者未划分标段的同一招标项目的投标。本项目 不允许 联合体投标。,https://prec.sxzwfw.gov.cn/jyxxgczb/360335.jhtml；https://prec.sxzwfw.gov.cn/jyxxzbjh/1068955.jhtml,暂无,暂无,暂无,同济大学建筑设计研究院（集团）有限公司,https://prec.sxzwfw.gov.cn/jyxxgcgs/365404.jhtml；https://prec.sxzwfw.gov.cn/jyxxgcgs/365400.jhtml；https://prec.sxzwfw.gov.cn/jyxxgcgs/365402.jhtml,暂无,"朔州市平鲁区城区胜利路北延工程勘察、设计及监理(3标段)中标结果公示|https://prec.sxzwfw.gov.cn/jyxxgcgs/365404.jhtml；朔州市平鲁区城区胜利路北延工程勘察、设计及监理(1标段)中标结果公示|https://prec.sxzwfw.gov.cn/jyxxgcgs/365400.jhtml；朔州市平鲁区城区胜利路北延工程勘察、设计及监理(2标段)中标结果公示|https://prec.sxzwfw.gov.cn/jyxxgcgs/365402.jhtml；朔州市平鲁区城区胜利路北延工程勘察、设计及监理(2标段)招标控制价|https://prec.sxzwfw.gov.cn/jyxxgczb/360717.jhtml；朔州市平鲁区城区胜利路北延工程勘察、设计及监理(3标段)招标控制价|https://prec.sxzwfw.gov.cn/jyxxgczb/360718.jhtml；朔州市平鲁区城区胜利路北延工程勘察、设计及监理(1标段)招标控制价|https://prec.sxzwfw.gov.cn/jyxxgczb/360715.jhtml；朔州市平鲁区城区胜利路北延工程勘察、设计及监理(1,2,3标段)招标公告|https://prec.sxzwfw.gov.cn/jyxxgczb/360335.jhtml；朔州市平鲁区城区胜利路北延工程|https://prec.sxzwfw.gov.cn/jyxxzbjh/1068955.jhtml"
太原供水集团有限公司配合雨污水混接节点改造等给水管线连通工程球墨铸铁管采购(二次),太原市,暂无,暂无,暂无,暂无,暂无,暂无,暂无,暂无,暂无,暂无,暂无,2026-06-29 10:05,2026/06/05,暂无,https://prec.sxzwfw.gov.cn/jyxxgczb/1062370.jhtml；https://prec.sxzwfw.gov.cn/jyxxgchxr/1068949.jhtml,暂无,暂无,暂无,暂无,暂无,暂无,太原供水集团有限公司配合雨污水混接节点改造等给水管线连通工程球墨铸铁管采购(二次)招标公告|https://prec.sxzwfw.gov.cn/jyxxgczb/1062370.jhtml；太原供水集团有限公司配合雨污水混接节点改造等给水管线连通工程球墨铸铁管采购(二次)|https://prec.sxzwfw.gov.cn/jyxxgchxr/1068949.jhtml
大同市平城区、云冈区供热设备设施更新改造项目监理(1标段),大同市,暂无,暂无,暂无,暂无,暂无,暂无,暂无,暂无,暂无,暂无,暂无,2026-06-01 18:15,2026-06-01 18:02:18,暂无,https://prec.sxzwfw.gov.cn/jyxxgczb/1060958.jhtml,暂无,山西华太工程管理咨询有限公司、山西鼎峰工程项目管理有限公司、德圣工程有限公司,https://prec.sxzwfw.gov.cn/jyxxgchxr/1068948.jhtml,暂无,暂无,暂无,大同市平城区、云冈区供热设备设施更新改造项目监理(1标段)招标公告|https://prec.sxzwfw.gov.cn/jyxxgczb/1060958.jhtml；大同市平城区、云冈区供热设备设施更新改造项目监理(1标段)中标候选人公示|https://prec.sxzwfw.gov.cn/jyxxgchxr/1068948.jhtml
黎城县城乡供水一体化项目监理,长治市,暂无,暂无,暂无,暂无,暂无,暂无,暂无,暂无,暂无,暂无,暂无,2026-06-01 11:00,2026 年 06 月 01 日至 2026 年 06 月 23 日,本次招标要求投标人应当具备水利行政主管部门颁发的水利工程施工监理乙级及其以上资质、建设行政主管部门颁发的市政公用工程专业乙级及以上资质或工程监理综合资质，并在人员、检测仪器设备方面具有相应的监理能力；投标人拟委任的项目总监应当具有水利工程施工监理专业监理工程师注册证书，且未担任他人在建工程项目的项目总监。财务要求：需提供第三方出具的近三年度（2023-2025 年）完整财务审计报告，新公司成立时间不足该年份的，需提供自成立以来的现金流量表、利润表；信誉要求：在“信用中国”网站未被列入失信被执行人、严重失信主体名单；在“国家企业信用信息公示系统”未被列入严重违法失信（黑名单）名单；在“中 国裁判文书网”无行贿罪记录（查询企业、法定代表人、项目总监）；在“全国水利建设市场监管平台”中未存在“行政处罚信息”记录。其他要求：投标截止日前近三个月内任意一次缴纳社保金凭证和个人参保缴费证明、缴纳税收的完税证明（增值税或企业所得税）；单位负责人为同一人或者存在控股、管理关系的不同单位，不得同时参加本项目的投标，同一投标单位只允许中标其中一个标段。本项目采用资格后审方式。不允许联合体投标。,https://prec.sxzwfw.gov.cn/jyxxgczb/1062221.jhtml；https://prec.sxzwfw.gov.cn/jyxxgczb/1060675.jhtml,https://prec.sxzwfw.gov.cn/jyxxgcgz/1065645.jhtml；https://prec.sxzwfw.gov.cn/jyxxgcgz/1065392.jhtml,河南省光大建设管理有限公司、浙江宏正工程咨询集团有限公司,https://prec.sxzwfw.gov.cn/jyxxgchxr/1067569.jhtml,河南省光大建设管理有限公司,https://prec.sxzwfw.gov.cn/jyxxgcgs/1068942.jhtml,暂无,黎城县城乡供水一体化项目监理中标候选人公示|https://prec.sxzwfw.gov.cn/jyxxgchxr/1067569.jhtml；黎城县城乡供水一体化项目监理二次变更公告|https://prec.sxzwfw.gov.cn/jyxxgcgz/1065645.jhtml；黎城县城乡供水一体化项目监理变更公告|https://prec.sxzwfw.gov.cn/jyxxgcgz/1065392.jhtml；黎城县城乡供水一体化项目监理招标控制价|https://prec.sxzwfw.gov.cn/jyxxgczb/1062221.jhtml；黎城县城乡供水一体化项目监理招标公告|https://prec.sxzwfw.gov.cn/jyxxgczb/1060675.jhtml；黎城县城乡供水一体化项目监理中标结果公示|https://prec.sxzwfw.gov.cn/jyxxgcgs/1068942.jhtml
襄垣县农村供水水网工程（襄垣县中南部城乡供水一体化工程）监理,长治市,暂无,暂无,暂无,暂无,暂无,暂无,暂无,暂无,暂无,暂无,暂无,2026-05-29 17:05,2026年05月29日至2026年06月22日,1. 资质要求：本次招标要求投标人应当具备水行政主管部门颁发的水利工程施工监理乙级及其以上资质，并在人员、试验检测仪器、设备方面具有相应的监理能力；投标人拟委任的项目总监理工程师应具有水行政主管部门颁发的水利工程施工监理工程师注册证书；2. 财务要求：投标人须具备2023年度至2025年度由第三方审计机构出具的财务审计报告，新成立不足一年的单位提供基本账户银行出具的资信证明；3. 投标截止日前投标人须提供近半年内任意三个月的完税凭证（增值税或企业所得税），依法免税或零申报的投标人，应提供税务机关出具的免税证明、零申报报表或零申报声明函并加盖公章、投标截止日前投标人须提供最后一次养老保险缴纳凭证及班子成员养老明细（项目总监理工程师及项目班子其他成员须在养老保险明细内，退休人员须提供退休证明）；4. 投标人在信用中国（https://www.creditchina.gov.cn/）查询页面截图（未被列入重大税收违法失信主体）；投标人在中国执行信息公开网（https://zxgk.court.gov.cn/shixin/）查询页面截图（未被列入失信被执行人）；5. 投标人需提供中国裁判文书网（https://wenshu.court.gov.cn/）查询的无行贿罪结果页面截图（须查询企业、法定代表人、项目总监理工程师）；6. 单位负责人为同一人或存在控股关系的不同单位不得同时参加本工程投标；7. 本次招标不接受联合体投标；8. 本次招标采用资格后审方式。,https://prec.sxzwfw.gov.cn/jyxxgczb/1062438.jhtml；https://prec.sxzwfw.gov.cn/jyxxgczb/1060423.jhtml,暂无,河南省光大建设管理有限公司、新恒丰咨询集团有限公司,https://prec.sxzwfw.gov.cn/jyxxgchxr/1067075.jhtml,河南省光大建设管理有限公司,https://prec.sxzwfw.gov.cn/jyxxgcgs/1068941.jhtml,暂无,襄垣县农村供水水网工程（襄垣县中南部城乡供水一体化工程）监理中标候选人公示|https://prec.sxzwfw.gov.cn/jyxxgchxr/1067075.jhtml；襄垣县农村供水水网工程（襄垣县中南部城乡供水一体化工程）监理招标控制价|https://prec.sxzwfw.gov.cn/jyxxgczb/1062438.jhtml；襄垣县农村供水水网工程（襄垣县中南部城乡供水一体化工程）监理招标公告|https://prec.sxzwfw.gov.cn/jyxxgczb/1060423.jhtml；襄垣县农村供水水网工程（襄垣县中南部城乡供水一体化工程）监理中标结果公示|https://prec.sxzwfw.gov.cn/jyxxgcgs/1068941.jhtml
襄垣县农村供水水网工程（襄垣县中南部城乡供水一体化工程）施工,长治市,暂无,暂无,暂无,暂无,暂无,暂无,暂无,暂无,暂无,暂无,暂无,2026-05-29 17:05,2026年05月29日至2026年06月23日,1. 资格要求：本次招标要求投标人须具有独立法人资格及有效的营业执照，具备建设行政主管部门颁发的水利水电工程施工总承包贰级及其以上资质，具备有效的安全生产许可证，并在人员、设备、资金等方面具有相应的施工能力；投标人拟委任的项目经理须具备水利水电工程专业二级及以上注册建造师执业资格，具备水行政主管部门颁发的有效安全生产考核合格证书（B证），且未担任其他在建工程项目的项目经理；拟派技术负责人须具备水利工程相关专业中级及以上职称。2. 财务要求：投标人须备2023年至2025年度由第三方审计机构出具的财务审计报告，新成立不足一年的单位提供基本账户银行出具的资信证明。3. 投标截止日前投标人须提供近半年内任意三个月的完税凭证（增值税或企业所得税），依法免税或零申报的投标人应提供税务机关出具的免税证明、零申报报表或零申报声明函并加盖公章，投标截止日前投标人须提供最后一次养老保险缴纳凭证及班子成员养老明细（项目经理、技术负责人及项目班子其他成员须在养老保险明细内，退休人员须提供退休证明）。4. 投标人在信用中国查询页面截图（未被列入重大税收违法失信主体）；投标人在中国执行信息公开网查询页面截图（未被列入失信被执行人）；5. 投标人须提供中国裁判文书网查询的无行贿罪结果页面截图（须查询企业、法定代表人、项目经理）。6. 单位负责人为同一人或存在控股关系的不同单位不得同时参加本工程投标。7. 本次招标不接受联合体投标。8. 本次招标采用资格后审方式。,https://prec.sxzwfw.gov.cn/jyxxgczb/1062435.jhtml；https://prec.sxzwfw.gov.cn/jyxxgczb/1060419.jhtml,https://prec.sxzwfw.gov.cn/jyxxgcgz/1063613.jhtml,中国建筑第六工程局有限公司、山西省水利建筑工程局集团有限公司、北京市政建设集团有限责任公司,https://prec.sxzwfw.gov.cn/jyxxgchxr/1068091.jhtml,中国建筑第六工程局有限公司,https://prec.sxzwfw.gov.cn/jyxxgcgs/1068940.jhtml,暂无,襄垣县农村供水水网工程（襄垣县中南部城乡供水一体化工程）施工中标候选人公示|https://prec.sxzwfw.gov.cn/jyxxgchxr/1068091.jhtml；襄垣县农村供水水网工程（襄垣县中南部城乡供水一体化工程）施工变更公告|https://prec.sxzwfw.gov.cn/jyxxgcgz/1063613.jhtml；襄垣县农村供水水网工程（襄垣县中南部城乡供水一体化工程）施工招标控制价|https://prec.sxzwfw.gov.cn/jyxxgczb/1062435.jhtml；襄垣县农村供水水网工程（襄垣县中南部城乡供水一体化工程）施工招标公告|https://prec.sxzwfw.gov.cn/jyxxgczb/1060419.jhtml；襄垣县农村供水水网工程（襄垣县中南部城乡供水一体化工程）施工中标结果公示|https://prec.sxzwfw.gov.cn/jyxxgcgs/1068940.jhtml
浑源县2026年村道提质改造工程(1标段),大同市,暂无,暂无,暂无,暂无,暂无,暂无,暂无,暂无,暂无,暂无,暂无,2026-04-30 16:25,2026-04-30 16:12:58,暂无,https://prec.sxzwfw.gov.cn/jyxxgczb/1061507.jhtml；https://prec.sxzwfw.gov.cn/jyxxgczb/1050749.jhtml,https://prec.sxzwfw.gov.cn/jyxxgcgz/1051365.jhtml,山西得财路桥有限公司、秦皇岛市新宝路桥工程有限公司、运城市康达交通建设有限公司,https://prec.sxzwfw.gov.cn/jyxxgchxr/1068107.jhtml,山西得财路桥有限公司,https://prec.sxzwfw.gov.cn/jyxxgcgs/1068938.jhtml,暂无,浑源县2026年村道提质改造工程(1标段)中标候选人公示|https://prec.sxzwfw.gov.cn/jyxxgchxr/1068107.jhtml；浑源县2026年村道提质改造工程(1标段)二次招标公告|https://prec.sxzwfw.gov.cn/jyxxgczb/1061507.jhtml；浑源县2026年村道提质改造工程(1标段)招标公告变更公告|https://prec.sxzwfw.gov.cn/jyxxgcgz/1051365.jhtml；浑源县2026年村道提质改造工程(1标段)招标公告|https://prec.sxzwfw.gov.cn/jyxxgczb/1050749.jhtml；浑源县2026年村道提质改造工程(1标段)中标结果公示|https://prec.sxzwfw.gov.cn/jyxxgcgs/1068938.jhtml
太原市尖草坪区峙头村吉祥寺迁移保护项目施工,山西省本级,暂无,暂无,暂无,暂无,暂无,暂无,暂无,暂无,暂无,暂无,暂无,2026-06-12 17:50,2026-06-12 18:00至2026-06-17 18:00,本次招标要求投标人须同时具备建设行政主管部门颁发的古建筑工程专业承包叁级及以上资质和文物行政主管部门颁发的文物保护工程施工二级及以上资质（业务范围：古建筑、壁画），有效的营业执照，并在人员、设备、资金等方面具有相应的施工能力，其中投标人拟派项目经理须同时具备文物保护工程责任工程师证书和建筑工程专业二级及以上注册建造师执业资格，具备有效的安全生产考核合格证书，且未担任其他未竣工验收的在建工程项目的项目经理。,https://prec.sxzwfw.gov.cn/jyxxgczb/1066767.jhtml；https://prec.sxzwfw.gov.cn/jyxxgczb/1064547.jhtml,暂无,暂无,暂无,暂无,暂无,暂无,太原市尖草坪区峙头村吉祥寺迁移保护项目施工二次招标公告|https://prec.sxzwfw.gov.cn/jyxxgczb/1066767.jhtml；太原市尖草坪区峙头村吉祥寺迁移保护项目施工招标公告|https://prec.sxzwfw.gov.cn/jyxxgczb/1064547.jhtml；太原市尖草坪区峙头村吉祥寺迁移保护项目施工二次招标控制价|https://prec.sxzwfw.gov.cn/jyxxgczb/1068936.jhtml
2026年沁水县城边坡综合治理工程(004第四标段),山西省本级,暂无,暂无,暂无,暂无,暂无,暂无,暂无,暂无,暂无,暂无,暂无,暂无,暂无,暂无,暂无,暂无,山西华恒远建设发展有限公司、宏基伟业集团有限公司,https://prec.sxzwfw.gov.cn/jyxxgchxr/1068086.jhtml,山西华恒远建设发展有限公司,https://prec.sxzwfw.gov.cn/jyxxgcgs/1068934.jhtml,暂无,2026年沁水县城边坡综合治理工程(004第四标段)中标候选人公示|https://prec.sxzwfw.gov.cn/jyxxgchxr/1068086.jhtml；2026年沁水县城边坡综合治理工程(004第四标段)中标结果公示|https://prec.sxzwfw.gov.cn/jyxxgcgs/1068934.jhtml
2026年沁水县城边坡综合治理工程(005第五标段),山西省本级,暂无,暂无,暂无,暂无,暂无,暂无,暂无,暂无,暂无,暂无,暂无,暂无,暂无,暂无,暂无,暂无,暂无,暂无,国翔建设有限公司,https://prec.sxzwfw.gov.cn/jyxxgcgs/1068931.jhtml,暂无,2026年沁水县城边坡综合治理工程(005第五标段)中标结果公示|https://prec.sxzwfw.gov.cn/jyxxgcgs/1068931.jhtml
方山县城区老旧小区改造项目（三期）监理,吕梁市,暂无,暂无,暂无,暂无,暂无,暂无,暂无,暂无,暂无,暂无,暂无,暂无,暂无,暂无,暂无,暂无,暂无,暂无,山西圣业全过程咨询有限公司,https://prec.sxzwfw.gov.cn/jyxxgcgs/1068926.jhtml,暂无,方山县城区老旧小区改造项目（三期）监理中标结果公示|https://prec.sxzwfw.gov.cn/jyxxgcgs/1068926.jhtml
山西省临汾监狱迁建项目岩土工程详细勘察服务,临汾市,暂无,暂无,暂无,暂无,暂无,暂无,暂无,暂无,暂无,暂无,暂无,2026-06-29 09:35,2026年06月30日00时00分至2026年07月06日23时59分,投标人在中华人民共和国依法注册，具有独立的法人资格；单位负责人为同一人或者存在直接控股、管理关系的不同单位，不得同时做为投标人参加本项目的投标；投标人应具备建设行政主管部门颁发的工程勘察综合类资质或工程勘察专业类（岩土工程）甲级资质，资质证书处于有效期内；投标人拟派项目负责人须具备国家注册土木工程师（岩土）执业资格证书，且在本单位执业（需提供社会基本养老保险缴纳证明）；投标人在“信用中国”信用信息报告中没有严重失信信息；在“中国裁判文书网”中查询企业、法定代表人和拟派往本工程的项目负责人无行贿犯罪记录；本次招标不接受联合体投标。,https://prec.sxzwfw.gov.cn/jyxxgczb/1068917.jhtml,暂无,暂无,暂无,暂无,暂无,暂无,山西省临汾监狱迁建项目岩土工程详细勘察服务招标公告|https://prec.sxzwfw.gov.cn/jyxxgczb/1068917.jhtml
沁县育才北农产品交易中心建设项目,长治市,暂无,暂无,暂无,暂无,暂无,暂无,暂无,暂无,暂无,暂无,暂无,2026-06-29 09:25,暂无,暂无,https://prec.sxzwfw.gov.cn/jyxxzbjh/1068912.jhtml,暂无,暂无,暂无,暂无,暂无,暂无,沁县育才北农产品交易中心建设项目|https://prec.sxzwfw.gov.cn/jyxxzbjh/1068912.jhtml
县道岚海线长治界至海则段公路改造工程002第二标段,晋城市,暂无,暂无,暂无,暂无,暂无,暂无,暂无,暂无,暂无,暂无,暂无,暂无,暂无,暂无,暂无,暂无,铭跃建设集团有限公司、德宁建设集团有限公司、河南紫光建筑工程有限公司,https://prec.sxzwfw.gov.cn/jyxxgchxr/1067436.jhtml,铭跃建设集团有限公司,https://prec.sxzwfw.gov.cn/jyxxgcgs/1068910.jhtml,暂无,县道岚海线长治界至海则段公路改造工程002第二标段中标候选人公示|https://prec.sxzwfw.gov.cn/jyxxgchxr/1067436.jhtml；县道岚海线长治界至海则段公路改造工程002第二标段中标结果公告|https://prec.sxzwfw.gov.cn/jyxxgcgs/1068910.jhtml
县道岚海线长治界至海则段公路改造工程001第一标段,晋城市,暂无,暂无,暂无,暂无,暂无,暂无,暂无,暂无,暂无,暂无,暂无,暂无,暂无,暂无,暂无,暂无,晋城市盛通公路工程有限公司、国吉建设工程有限公司、山西明一建设有限公司,https://prec.sxzwfw.gov.cn/jyxxgchxr/1067435.jhtml,晋城市盛通公路工程有限公司,https://prec.sxzwfw.gov.cn/jyxxgcgs/1068909.jhtml,暂无,县道岚海线长治界至海则段公路改造工程001第一标段中标候选人公示|https://prec.sxzwfw.gov.cn/jyxxgchxr/1067435.jhtml；县道岚海线长治界至海则段公路改造工程001第一标段中标结果公告|https://prec.sxzwfw.gov.cn/jyxxgcgs/1068909.jhtml
